{
  "gt_count": 1517,
  "mean_obj_recall": 0.24752221319630735,
  "mean_scene_recall": 0.23598615916955018,
  "obj_recalls": {"1": 0.045714285714285714, "5": 0.18090452261306533, "6": 0.05847953216374269, "8": 0.225, "9": 0.19444444444444445, "10": 0.17777777777777778, "11": 0.7428571428571429, "12": 0.355},
  "recall": 0.23598615916955018,
  "scene_recalls": {"2": 0.23598615916955018},
  "targets_count": 1445,
  "tp_count": 341
}