{
  "gt_count": 1517,
  "mean_obj_recall": 0.3445069410334882,
  "mean_scene_recall": 0.34048442906574394,
  "obj_recalls": {"1": 0.5714285714285714, "5": 0.23115577889447236, "6": 0.3567251461988304, "8": 0.245, "9": 0.3333333333333333, "10": 0.20555555555555555, "11": 0.39285714285714285, "12": 0.42},
  "recall": 0.34048442906574394,
  "scene_recalls": {"2": 0.34048442906574394},
  "targets_count": 1445,
  "tp_count": 492
}