{
  "gt_count": 1517,
  "mean_obj_recall": 0.5705368897536975,
  "mean_scene_recall": 0.5660899653979239,
  "obj_recalls": {"1": 0.7542857142857143, "5": 0.41708542713567837, "6": 0.391812865497076, "8": 0.675, "9": 0.7277777777777777, "10": 0.38333333333333336, "11": 0.7, "12": 0.515},
  "recall": 0.5660899653979239,
  "scene_recalls": {"2": 0.5660899653979239},
  "targets_count": 1445,
  "tp_count": 818
}