{
  "gt_count": 1517,
  "mean_obj_recall": 0.19901692306562052,
  "mean_scene_recall": 0.1972318339100346,
  "obj_recalls": {"1": 0.37142857142857144, "5": 0.07035175879396985, "6": 0.26900584795321636, "8": 0.06, "9": 0.13333333333333333, "10": 0.14444444444444443, "11": 0.17857142857142858, "12": 0.365},
  "recall": 0.1972318339100346,
  "scene_recalls": {"2": 0.1972318339100346},
  "targets_count": 1445,
  "tp_count": 285
}