{
  "gt_count": 1517,
  "mean_obj_recall": 0.5379935522432546,
  "mean_scene_recall": 0.5349480968858131,
  "obj_recalls": {"1": 0.6628571428571428, "5": 0.41708542713567837, "6": 0.38011695906432746, "8": 0.645, "9": 0.7166666666666667, "10": 0.32222222222222224, "11": 0.65, "12": 0.51},
  "recall": 0.5349480968858131,
  "scene_recalls": {"2": 0.5349480968858131},
  "targets_count": 1445,
  "tp_count": 773
}