{
  "gt_count": 1517,
  "mean_obj_recall": 0.5586519691187768,
  "mean_scene_recall": 0.5550173010380622,
  "obj_recalls": {"1": 0.7028571428571428, "5": 0.41708542713567837, "6": 0.391812865497076, "8": 0.675, "9": 0.7277777777777777, "10": 0.3611111111111111, "11": 0.6785714285714286, "12": 0.515},
  "recall": 0.5550173010380622,
  "scene_recalls": {"2": 0.5550173010380622},
  "targets_count": 1445,
  "tp_count": 802
}