{
  "gt_count": 1517,
  "mean_obj_recall": 0.038332289055973266,
  "mean_scene_recall": 0.03944636678200692,
  "obj_recalls": {"1": 0.02857142857142857, "5": 0.0, "6": 0.07602339181286549, "8": 0.0, "9": 0.005555555555555556, "10": 0.022222222222222223, "11": 0.014285714285714285, "12": 0.16},
  "recall": 0.03944636678200692,
  "scene_recalls": {"2": 0.03944636678200692},
  "targets_count": 1445,
  "tp_count": 57
}