{
  "gt_count": 1517,
  "mean_obj_recall": 0.48564599312351225,
  "mean_scene_recall": 0.48304498269896196,
  "obj_recalls": {"1": 0.5942857142857143, "5": 0.4020100502512563, "6": 0.3742690058479532, "8": 0.57, "9": 0.6333333333333333, "10": 0.25555555555555554, "11": 0.5857142857142857, "12": 0.47},
  "recall": 0.48304498269896196,
  "scene_recalls": {"2": 0.48304498269896196},
  "targets_count": 1445,
  "tp_count": 698
}