{
  "gt_count": 1517,
  "mean_obj_recall": 0.5167733062765791,
  "mean_scene_recall": 0.5141868512110727,
  "obj_recalls": {"1": 0.6342857142857142, "5": 0.4120603015075377, "6": 0.3742690058479532, "8": 0.635, "9": 0.6777777777777778, "10": 0.2722222222222222, "11": 0.6285714285714286, "12": 0.5},
  "recall": 0.5141868512110727,
  "scene_recalls": {"2": 0.5141868512110727},
  "targets_count": 1445,
  "tp_count": 743
}