{
  "gt_count": 1517,
  "mean_obj_recall": 0.5931830885841068,
  "mean_scene_recall": 0.5882352941176471,
  "obj_recalls": {"1": 0.7771428571428571, "5": 0.41708542713567837, "6": 0.4152046783625731, "8": 0.675, "9": 0.7611111111111111, "10": 0.4777777777777778, "11": 0.7071428571428572, "12": 0.515},
  "recall": 0.5882352941176471,
  "scene_recalls": {"2": 0.5882352941176471},
  "targets_count": 1445,
  "tp_count": 850
}