{
  "gt_count": 1517,
  "mean_obj_recall": 0.4486957579249632,
  "mean_scene_recall": 0.44567474048442907,
  "obj_recalls": {"1": 0.5885714285714285, "5": 0.37185929648241206, "6": 0.3684210526315789, "8": 0.47, "9": 0.5666666666666667, "10": 0.23333333333333334, "11": 0.5357142857142857, "12": 0.455},
  "recall": 0.44567474048442907,
  "scene_recalls": {"2": 0.44567474048442907},
  "targets_count": 1445,
  "tp_count": 644
}