{
  "gt_count": 1517,
  "mean_obj_recall": 0.08052685367102849,
  "mean_scene_recall": 0.08442906574394464,
  "obj_recalls": {"1": 0.12571428571428572, "5": 0.010050251256281407, "6": 0.04678362573099415, "8": 0.005, "9": 0.03888888888888889, "10": 0.07777777777777778, "11": 0.0, "12": 0.34},
  "recall": 0.08442906574394464,
  "scene_recalls": {"2": 0.08442906574394464},
  "targets_count": 1445,
  "tp_count": 122
}