{
  "gt_count": 1517,
  "mean_obj_recall": 0.029054928989139514,
  "mean_scene_recall": 0.03044982698961938,
  "obj_recalls": {"1": 0.045714285714285714, "5": 0.0, "6": 0.023391812865497075, "8": 0.0, "9": 0.011111111111111112, "10": 0.022222222222222223, "11": 0.0, "12": 0.13},
  "recall": 0.03044982698961938,
  "scene_recalls": {"2": 0.03044982698961938},
  "targets_count": 1445,
  "tp_count": 44
}