{
  "gt_count": 1517,
  "mean_obj_recall": 0.1619627822697447,
  "mean_scene_recall": 0.16678200692041523,
  "obj_recalls": {"1": 0.3028571428571429, "5": 0.04020100502512563, "6": 0.10526315789473684, "8": 0.05, "9": 0.12777777777777777, "10": 0.1388888888888889, "11": 0.03571428571428571, "12": 0.495},
  "recall": 0.16678200692041523,
  "scene_recalls": {"2": 0.16678200692041523},
  "targets_count": 1445,
  "tp_count": 241
}