{
  "gt_count": 1517,
  "mean_obj_recall": 0.4896261696955958,
  "mean_scene_recall": 0.49411764705882355,
  "obj_recalls": {"1": 0.6571428571428571, "5": 0.34673366834170855, "6": 0.38011695906432746, "8": 0.415, "9": 0.6833333333333333, "10": 0.4111111111111111, "11": 0.32857142857142857, "12": 0.695},
  "recall": 0.49411764705882355,
  "scene_recalls": {"2": 0.49411764705882355},
  "targets_count": 1445,
  "tp_count": 714
}