{
  "gt_count": 1517,
  "mean_obj_recall": 0.38223350986343585,
  "mean_scene_recall": 0.3875432525951557,
  "obj_recalls": {"1": 0.6114285714285714, "5": 0.20603015075376885, "6": 0.27485380116959063, "8": 0.325, "9": 0.45555555555555555, "10": 0.35, "11": 0.2, "12": 0.635},
  "recall": 0.3875432525951557,
  "scene_recalls": {"2": 0.3875432525951557},
  "targets_count": 1445,
  "tp_count": 560
}