{
  "gt_count": 1517,
  "mean_obj_recall": 0.678679957326314,
  "mean_scene_recall": 0.6788927335640138,
  "obj_recalls": {"1": 0.76, "5": 0.6180904522613065, "6": 0.5555555555555556, "8": 0.525, "9": 0.85, "10": 0.7222222222222222, "11": 0.6285714285714286, "12": 0.77},
  "recall": 0.6788927335640138,
  "scene_recalls": {"2": 0.6788927335640138},
  "targets_count": 1445,
  "tp_count": 981
}