{
  "gt_count": 1517,
  "mean_obj_recall": 0.5821890703517588,
  "mean_scene_recall": 0.5854671280276816,
  "obj_recalls": {"1": 0.7028571428571428, "5": 0.5025125628140703, "6": 0.4444444444444444, "8": 0.465, "9": 0.7888888888888889, "10": 0.5666666666666667, "11": 0.45714285714285713, "12": 0.73},
  "recall": 0.5854671280276816,
  "scene_recalls": {"2": 0.5854671280276816},
  "targets_count": 1445,
  "tp_count": 846
}