{
  "gt_count": 1517,
  "mean_obj_recall": 0.2553860179132924,
  "mean_scene_recall": 0.2615916955017301,
  "obj_recalls": {"1": 0.45714285714285713, "5": 0.10050251256281408, "6": 0.19298245614035087, "8": 0.21, "9": 0.21666666666666667, "10": 0.2222222222222222, "11": 0.07857142857142857, "12": 0.565},
  "recall": 0.2615916955017301,
  "scene_recalls": {"2": 0.2615916955017301},
  "targets_count": 1445,
  "tp_count": 378
}