{
  "gt_count": 1517,
  "mean_obj_recall": 0.7388242329021886,
  "mean_scene_recall": 0.7384083044982699,
  "obj_recalls": {"1": 0.7942857142857143, "5": 0.7236180904522613, "6": 0.631578947368421, "8": 0.56, "9": 0.8666666666666667, "10": 0.8444444444444444, "11": 0.7, "12": 0.79},
  "recall": 0.7384083044982699,
  "scene_recalls": {"2": 0.7384083044982699},
  "targets_count": 1445,
  "tp_count": 1067
}