{
  "gt_count": 1517,
  "mean_obj_recall": 0.1391380277536387,
  "mean_scene_recall": 0.1384083044982699,
  "obj_recalls": {"1": 0.17142857142857143, "5": 0.05025125628140704, "6": 0.0935672514619883, "8": 0.08, "9": 0.06111111111111111, "10": 0.1388888888888889, "11": 0.19285714285714287, "12": 0.325},
  "recall": 0.1384083044982699,
  "scene_recalls": {"2": 0.1384083044982699},
  "targets_count": 1445,
  "tp_count": 200
}