{
  "gt_count": 1517,
  "mean_obj_recall": 0.4706876304034794,
  "mean_scene_recall": 0.46643598615916954,
  "obj_recalls": {"1": 0.5371428571428571, "5": 0.3165829145728643, "6": 0.34502923976608185, "8": 0.47, "9": 0.4166666666666667, "10": 0.5722222222222222, "11": 0.5928571428571429, "12": 0.515},
  "recall": 0.46643598615916954,
  "scene_recalls": {"2": 0.46643598615916954},
  "targets_count": 1445,
  "tp_count": 674
}