{
  "gt_count": 1517,
  "mean_obj_recall": 0.5823340596046229,
  "mean_scene_recall": 0.5778546712802768,
  "obj_recalls": {"1": 0.5771428571428572, "5": 0.3969849246231156, "6": 0.42105263157894735, "8": 0.545, "9": 0.7055555555555556, "10": 0.7222222222222222, "11": 0.6857142857142857, "12": 0.605},
  "recall": 0.5778546712802768,
  "scene_recalls": {"2": 0.5778546712802768},
  "targets_count": 1445,
  "tp_count": 835
}