{
  "gt_count": 1517,
  "mean_obj_recall": 0.014570287737769885,
  "mean_scene_recall": 0.01522491349480969,
  "obj_recalls": {"1": 0.0, "5": 0.005025125628140704, "6": 0.011695906432748537, "8": 0.0, "9": 0.0, "10": 0.005555555555555556, "11": 0.014285714285714285, "12": 0.08},
  "recall": 0.01522491349480969,
  "scene_recalls": {"2": 0.01522491349480969},
  "targets_count": 1445,
  "tp_count": 22
}