{
  "gt_count": 1517,
  "mean_obj_recall": 0.662569685835191,
  "mean_scene_recall": 0.6595155709342561,
  "obj_recalls": {"1": 0.6057142857142858, "5": 0.48743718592964824, "6": 0.5497076023391813, "8": 0.615, "9": 0.8222222222222222, "10": 0.8333333333333334, "11": 0.7071428571428572, "12": 0.68},
  "recall": 0.6595155709342561,
  "scene_recalls": {"2": 0.6595155709342561},
  "targets_count": 1445,
  "tp_count": 953
}