{
  "gt_count": 1517,
  "mean_obj_recall": 0.7197795026720906,
  "mean_scene_recall": 0.7176470588235294,
  "obj_recalls": {"1": 0.6457142857142857, "5": 0.5678391959798995, "6": 0.6666666666666666, "8": 0.685, "9": 0.8611111111111112, "10": 0.8833333333333333, "11": 0.7285714285714285, "12": 0.72},
  "recall": 0.7176470588235294,
  "scene_recalls": {"2": 0.7176470588235294},
  "targets_count": 1445,
  "tp_count": 1037
}