{
  "gt_count": 1517,
  "mean_obj_recall": 0.24826880853725605,
  "mean_scene_recall": 0.24636678200692042,
  "obj_recalls": {"1": 0.33714285714285713, "5": 0.1407035175879397, "6": 0.21052631578947367, "8": 0.185, "9": 0.14444444444444443, "10": 0.2833333333333333, "11": 0.3, "12": 0.385},
  "recall": 0.24636678200692042,
  "scene_recalls": {"2": 0.24636678200692042},
  "targets_count": 1445,
  "tp_count": 356
}