{
  "gt_count": 1517,
  "mean_obj_recall": 0.35468967382862515,
  "mean_scene_recall": 0.3508650519031142,
  "obj_recalls": {"1": 0.38857142857142857, "5": 0.22110552763819097, "6": 0.2631578947368421, "8": 0.335, "9": 0.2722222222222222, "10": 0.4388888888888889, "11": 0.4785714285714286, "12": 0.44},
  "recall": 0.3508650519031142,
  "scene_recalls": {"2": 0.3508650519031142},
  "targets_count": 1445,
  "tp_count": 507
}