{
  "gt_count": 1517,
  "mean_obj_recall": 0.062037938753919976,
  "mean_scene_recall": 0.06366782006920416,
  "obj_recalls": {"1": 0.03428571428571429, "5": 0.020100502512562814, "6": 0.05263157894736842, "8": 0.01, "9": 0.005555555555555556, "10": 0.044444444444444446, "11": 0.06428571428571428, "12": 0.265},
  "recall": 0.06366782006920416,
  "scene_recalls": {"2": 0.06366782006920416},
  "targets_count": 1445,
  "tp_count": 92
}