{
  "gt_count": 1517,
  "mean_obj_recall": 0.4631392604207336,
  "mean_scene_recall": 0.4685121107266436,
  "obj_recalls": {"1": 0.6057142857142858, "5": 0.4371859296482412, "6": 0.2982456140350877, "8": 0.53, "9": 0.6222222222222222, "10": 0.18888888888888888, "11": 0.39285714285714285, "12": 0.63},
  "recall": 0.4685121107266436,
  "scene_recalls": {"2": 0.4685121107266436},
  "targets_count": 1445,
  "tp_count": 677
}