{
  "gt_count": 1517,
  "mean_obj_recall": 0.5476860597893394,
  "mean_scene_recall": 0.5439446366782007,
  "obj_recalls": {"1": 0.6971428571428572, "5": 0.4472361809045226, "6": 0.30409356725146197, "8": 0.545, "9": 0.7333333333333333, "10": 0.2611111111111111, "11": 0.7285714285714285, "12": 0.665},
  "recall": 0.5439446366782007,
  "scene_recalls": {"2": 0.5439446366782007},
  "targets_count": 1445,
  "tp_count": 786
}