{
  "gt_count": 1517,
  "mean_obj_recall": 0.006068295739348371,
  "mean_scene_recall": 0.006228373702422145,
  "obj_recalls": {"1": 0.0, "5": 0.0, "6": 0.005847953216374269, "8": 0.0, "9": 0.0, "10": 0.005555555555555556, "11": 0.007142857142857143, "12": 0.03},
  "recall": 0.006228373702422145,
  "scene_recalls": {"2": 0.006228373702422145},
  "targets_count": 1445,
  "tp_count": 9
}