{
  "gt_count": 1517,
  "mean_obj_recall": 0.4880499747064479,
  "mean_scene_recall": 0.4913494809688581,
  "obj_recalls": {"1": 0.6514285714285715, "5": 0.4371859296482412, "6": 0.2982456140350877, "8": 0.54, "9": 0.6722222222222223, "10": 0.18888888888888888, "11": 0.4714285714285714, "12": 0.645},
  "recall": 0.4913494809688581,
  "scene_recalls": {"2": 0.4913494809688581},
  "targets_count": 1445,
  "tp_count": 710
}