{
  "gt_count": 1517,
  "mean_obj_recall": 0.5368130439163235,
  "mean_scene_recall": 0.5335640138408304,
  "obj_recalls": {"1": 0.68, "5": 0.4472361809045226, "6": 0.30409356725146197, "8": 0.545, "9": 0.7333333333333333, "10": 0.20555555555555555, "11": 0.7142857142857143, "12": 0.665},
  "recall": 0.5335640138408304,
  "scene_recalls": {"2": 0.5335640138408304},
  "targets_count": 1445,
  "tp_count": 771
}