{
  "gt_count": 1517,
  "mean_obj_recall": 0.5231888714667742,
  "mean_scene_recall": 0.5217993079584775,
  "obj_recalls": {"1": 0.6685714285714286, "5": 0.44221105527638194, "6": 0.30409356725146197, "8": 0.545, "9": 0.7277777777777777, "10": 0.2, "11": 0.6428571428571429, "12": 0.655},
  "recall": 0.5217993079584775,
  "scene_recalls": {"2": 0.5217993079584775},
  "targets_count": 1445,
  "tp_count": 754
}