{
  "gt_count": 1517,
  "mean_obj_recall": 0.14657954035003756,
  "mean_scene_recall": 0.156401384083045,
  "obj_recalls": {"1": 0.09142857142857143, "5": 0.04522613065326633, "6": 0.12280701754385964, "8": 0.33, "9": 0.0, "10": 0.08888888888888889, "11": 0.014285714285714285, "12": 0.48},
  "recall": 0.156401384083045,
  "scene_recalls": {"2": 0.156401384083045},
  "targets_count": 1445,
  "tp_count": 226
}