{
  "gt_count": 1517,
  "mean_obj_recall": 0.29788156267973115,
  "mean_scene_recall": 0.3079584775086505,
  "obj_recalls": {"1": 0.38857142857142857, "5": 0.2562814070351759, "6": 0.21637426900584794, "8": 0.46, "9": 0.21666666666666667, "10": 0.14444444444444443, "11": 0.1357142857142857, "12": 0.565},
  "recall": 0.3079584775086505,
  "scene_recalls": {"2": 0.3079584775086505},
  "targets_count": 1445,
  "tp_count": 445
}