{
  "gt_count": 1517,
  "mean_obj_recall": 0.415282101820716,
  "mean_scene_recall": 0.4228373702422145,
  "obj_recalls": {"1": 0.5485714285714286, "5": 0.4271356783919598, "6": 0.28654970760233917, "8": 0.485, "9": 0.4666666666666667, "10": 0.18333333333333332, "11": 0.3, "12": 0.625},
  "recall": 0.4228373702422145,
  "scene_recalls": {"2": 0.4228373702422145},
  "targets_count": 1445,
  "tp_count": 611
}