{
  "gt_count": 1517,
  "mean_obj_recall": 0.505708704865178,
  "mean_scene_recall": 0.5072664359861592,
  "obj_recalls": {"1": 0.6628571428571428, "5": 0.4371859296482412, "6": 0.2982456140350877, "8": 0.545, "9": 0.7222222222222222, "10": 0.19444444444444445, "11": 0.5357142857142857, "12": 0.65},
  "recall": 0.5072664359861592,
  "scene_recalls": {"2": 0.5072664359861592},
  "targets_count": 1445,
  "tp_count": 733
}