{
  "gt_count": 1517,
  "mean_obj_recall": 0.5562260629589049,
  "mean_scene_recall": 0.5598615916955018,
  "obj_recalls": {"1": 0.5885714285714285, "5": 0.7185929648241206, "6": 0.43859649122807015, "8": 0.32, "9": 0.8, "10": 0.38333333333333336, "11": 0.4857142857142857, "12": 0.715},
  "recall": 0.5598615916955018,
  "scene_recalls": {"2": 0.5598615916955018},
  "targets_count": 1445,
  "tp_count": 809
}