{
  "gt_count": 1517,
  "mean_obj_recall": 0.5244872860543318,
  "mean_scene_recall": 0.5280276816608996,
  "obj_recalls": {"1": 0.5657142857142857, "5": 0.6834170854271356, "6": 0.42105263157894735, "8": 0.25, "9": 0.7833333333333333, "10": 0.36666666666666664, "11": 0.4357142857142857, "12": 0.69},
  "recall": 0.5280276816608996,
  "scene_recalls": {"2": 0.5280276816608996},
  "targets_count": 1445,
  "tp_count": 763
}