{
  "gt_count": 1517,
  "mean_obj_recall": 0.025855326129393837,
  "mean_scene_recall": 0.02629757785467128,
  "obj_recalls": {"1": 0.05142857142857143, "5": 0.04020100502512563, "6": 0.005847953216374269, "8": 0.025, "9": 0.06111111111111111, "10": 0.011111111111111112, "11": 0.007142857142857143, "12": 0.005},
  "recall": 0.02629757785467128,
  "scene_recalls": {"2": 0.02629757785467128},
  "targets_count": 1445,
  "tp_count": 38
}