{
  "gt_count": 1517,
  "mean_obj_recall": 0.14067541655646654,
  "mean_scene_recall": 0.14325259515570934,
  "obj_recalls": {"1": 0.18285714285714286, "5": 0.18592964824120603, "6": 0.12280701754385964, "8": 0.105, "9": 0.2611111111111111, "10": 0.05555555555555555, "11": 0.05714285714285714, "12": 0.155},
  "recall": 0.14325259515570934,
  "scene_recalls": {"2": 0.14325259515570934},
  "targets_count": 1445,
  "tp_count": 207
}