{
  "gt_count": 1517,
  "mean_obj_recall": 0.40550632758613453,
  "mean_scene_recall": 0.40899653979238754,
  "obj_recalls": {"1": 0.46285714285714286, "5": 0.5728643216080402, "6": 0.3157894736842105, "8": 0.155, "9": 0.6333333333333333, "10": 0.22777777777777777, "11": 0.32142857142857145, "12": 0.555},
  "recall": 0.40899653979238754,
  "scene_recalls": {"2": 0.40899653979238754},
  "targets_count": 1445,
  "tp_count": 591
}