{
  "gt_count": 1517,
  "mean_obj_recall": 0.47295630460153737,
  "mean_scene_recall": 0.47612456747404847,
  "obj_recalls": {"1": 0.52, "5": 0.6381909547738693, "6": 0.3742690058479532, "8": 0.185, "9": 0.7111111111111111, "10": 0.32222222222222224, "11": 0.39285714285714285, "12": 0.64},
  "recall": 0.47612456747404847,
  "scene_recalls": {"2": 0.47612456747404847},
  "targets_count": 1445,
  "tp_count": 688
}