{
  "gt_count": 1517,
  "mean_obj_recall": 0.29314233815275204,
  "mean_scene_recall": 0.2975778546712803,
  "obj_recalls": {"1": 0.32571428571428573, "5": 0.4020100502512563, "6": 0.25146198830409355, "8": 0.13, "9": 0.5166666666666667, "10": 0.15, "11": 0.16428571428571428, "12": 0.405},
  "recall": 0.2975778546712803,
  "scene_recalls": {"2": 0.2975778546712803},
  "targets_count": 1445,
  "tp_count": 430
}