{
  "gt_count": 1517,
  "mean_obj_recall": 0.5298444446543494,
  "mean_scene_recall": 0.5335640138408304,
  "obj_recalls": {"1": 0.5657142857142857, "5": 0.6934673366834171, "6": 0.4327485380116959, "8": 0.255, "9": 0.7944444444444444, "10": 0.36666666666666664, "11": 0.4357142857142857, "12": 0.695},
  "recall": 0.5335640138408304,
  "scene_recalls": {"2": 0.5335640138408304},
  "targets_count": 1445,
  "tp_count": 771
}