{
  "gt_count": 1517,
  "mean_obj_recall": 0.1481091128155397,
  "mean_scene_recall": 0.1508650519031142,
  "obj_recalls": {"1": 0.18285714285714286, "5": 0.19095477386934673, "6": 0.12280701754385964, "8": 0.105, "9": 0.3055555555555556, "10": 0.05555555555555555, "11": 0.05714285714285714, "12": 0.165},
  "recall": 0.1508650519031142,
  "scene_recalls": {"2": 0.1508650519031142},
  "targets_count": 1445,
  "tp_count": 218
}