{
  "gt_count": 1517,
  "mean_obj_recall": 0.4133332100141476,
  "mean_scene_recall": 0.41730103806228375,
  "obj_recalls": {"1": 0.4742857142857143, "5": 0.5879396984924623, "6": 0.3157894736842105, "8": 0.16, "9": 0.6444444444444445, "10": 0.22777777777777777, "11": 0.32142857142857145, "12": 0.575},
  "recall": 0.41730103806228375,
  "scene_recalls": {"2": 0.41730103806228375},
  "targets_count": 1445,
  "tp_count": 603
}