{
  "gt_count": 1517,
  "mean_obj_recall": 0.6064610411077946,
  "mean_scene_recall": 0.611764705882353,
  "obj_recalls": {"1": 0.64, "5": 0.7286432160804021, "6": 0.45614035087719296, "8": 0.53, "9": 0.8055555555555556, "10": 0.42777777777777776, "11": 0.5285714285714286, "12": 0.735},
  "recall": 0.611764705882353,
  "scene_recalls": {"2": 0.611764705882353},
  "targets_count": 1445,
  "tp_count": 884
}