{
  "gt_count": 1517,
  "mean_obj_recall": 0.2989125084486761,
  "mean_scene_recall": 0.3038062283737024,
  "obj_recalls": {"1": 0.32571428571428573, "5": 0.4120603015075377, "6": 0.25146198830409355, "8": 0.135, "9": 0.5277777777777778, "10": 0.15, "11": 0.16428571428571428, "12": 0.425},
  "recall": 0.3038062283737024,
  "scene_recalls": {"2": 0.3038062283737024},
  "targets_count": 1445,
  "tp_count": 439
}