{
  "gt_count": 1517,
  "mean_obj_recall": 0.5824828586331826,
  "mean_scene_recall": 0.5868512110726644,
  "obj_recalls": {"1": 0.6171428571428571, "5": 0.7236180904522613, "6": 0.4502923976608187, "8": 0.41, "9": 0.8055555555555556, "10": 0.4111111111111111, "11": 0.5071428571428571, "12": 0.735},
  "recall": 0.5868512110726644,
  "scene_recalls": {"2": 0.5868512110726644},
  "targets_count": 1445,
  "tp_count": 848
}