{
  "gt_count": 1517,
  "mean_obj_recall": 0.4762567431980286,
  "mean_scene_recall": 0.4795847750865052,
  "obj_recalls": {"1": 0.52, "5": 0.6381909547738693, "6": 0.38011695906432746, "8": 0.19, "9": 0.7166666666666667, "10": 0.32222222222222224, "11": 0.39285714285714285, "12": 0.65},
  "recall": 0.4795847750865052,
  "scene_recalls": {"2": 0.4795847750865052},
  "targets_count": 1445,
  "tp_count": 693
}