{
  "gt_count": 1517,
  "mean_obj_recall": 0.7809294881886457,
  "mean_scene_recall": 0.7833910034602076,
  "obj_recalls": {"1": 0.6514285714285715, "5": 0.7185929648241206, "6": 0.695906432748538, "8": 0.75, "9": 0.85, "10": 0.8722222222222222, "11": 0.7642857142857142, "12": 0.945},
  "recall": 0.7833910034602076,
  "scene_recalls": {"2": 0.7833910034602076},
  "targets_count": 1445,
  "tp_count": 1132
}