{
  "gt_count": 1517,
  "mean_obj_recall": 0.15473893853142068,
  "mean_scene_recall": 0.1522491349480969,
  "obj_recalls": {"1": 0.08571428571428572, "5": 0.005025125628140704, "6": 0.12280701754385964, "8": 0.17, "9": 0.005555555555555556, "10": 0.016666666666666666, "11": 0.35714285714285715, "12": 0.475},
  "recall": 0.1522491349480969,
  "scene_recalls": {"2": 0.1522491349480969},
  "targets_count": 1445,
  "tp_count": 220
}