{
  "gt_count": 1517,
  "mean_obj_recall": 0.025390559732664998,
  "mean_scene_recall": 0.02698961937716263,
  "obj_recalls": {"1": 0.0, "5": 0.0, "6": 0.011695906432748537, "8": 0.0, "9": 0.0, "10": 0.0, "11": 0.02142857142857143, "12": 0.17},
  "recall": 0.02698961937716263,
  "scene_recalls": {"2": 0.02698961937716263},
  "targets_count": 1445,
  "tp_count": 39
}