{
  "gt_count": 1517,
  "mean_obj_recall": 0.12291979949874687,
  "mean_scene_recall": 0.12041522491349481,
  "obj_recalls": {"1": 0.03428571428571429, "5": 0.0, "6": 0.10526315789473684, "8": 0.12, "9": 0.005555555555555556, "10": 0.011111111111111112, "11": 0.30714285714285716, "12": 0.4},
  "recall": 0.12041522491349481,
  "scene_recalls": {"2": 0.12041522491349481},
  "targets_count": 1445,
  "tp_count": 174
}