{
  "gt_count": 1517,
  "mean_obj_recall": 0.09363982873851295,
  "mean_scene_recall": 0.09134948096885813,
  "obj_recalls": {"1": 0.011428571428571429, "5": 0.0, "6": 0.07602339181286549, "8": 0.04, "9": 0.005555555555555556, "10": 0.011111111111111112, "11": 0.25, "12": 0.355},
  "recall": 0.09134948096885813,
  "scene_recalls": {"2": 0.09134948096885813},
  "targets_count": 1445,
  "tp_count": 132
}