{
  "gt_count": 1517,
  "mean_obj_recall": 0.05147556390977444,
  "mean_scene_recall": 0.05190311418685121,
  "obj_recalls": {"1": 0.005714285714285714, "5": 0.0, "6": 0.023391812865497075, "8": 0.005, "9": 0.0, "10": 0.005555555555555556, "11": 0.10714285714285714, "12": 0.265},
  "recall": 0.05190311418685121,
  "scene_recalls": {"2": 0.05190311418685121},
  "targets_count": 1445,
  "tp_count": 75
}