{
  "gt_count": 1517,
  "mean_obj_recall": 0.03815841687552214,
  "mean_scene_recall": 0.03875432525951557,
  "obj_recalls": {"1": 0.0, "5": 0.0, "6": 0.011695906432748537, "8": 0.0, "9": 0.0, "10": 0.0, "11": 0.07857142857142857, "12": 0.215},
  "recall": 0.03875432525951557,
  "scene_recalls": {"2": 0.03875432525951557},
  "targets_count": 1445,
  "tp_count": 56
}