{
  "gt_count": 1517,
  "mean_obj_recall": 0.06925438596491228,
  "mean_scene_recall": 0.06782006920415225,
  "obj_recalls": {"1": 0.011428571428571429, "5": 0.0, "6": 0.05847953216374269, "8": 0.01, "9": 0.0, "10": 0.005555555555555556, "11": 0.17857142857142858, "12": 0.29},
  "recall": 0.06782006920415225,
  "scene_recalls": {"2": 0.06782006920415225},
  "targets_count": 1445,
  "tp_count": 98
}