{
  "gt_count": 1517,
  "mean_obj_recall": 0.1721868663492903,
  "mean_scene_recall": 0.17439446366782008,
  "obj_recalls": {"1": 0.06857142857142857, "5": 0.09547738693467336, "6": 0.029239766081871343, "8": 0.335, "9": 0.21666666666666667, "10": 0.011111111111111112, "11": 0.2714285714285714, "12": 0.35},
  "recall": 0.17439446366782008,
  "scene_recalls": {"2": 0.17439446366782008},
  "targets_count": 1445,
  "tp_count": 252
}