{
  "gt_count": 1517,
  "mean_obj_recall": 0.04709590401884106,
  "mean_scene_recall": 0.04913494809688582,
  "obj_recalls": {"1": 0.005714285714285714, "5": 0.02512562814070352, "6": 0.005847953216374269, "8": 0.075, "9": 0.06666666666666667, "10": 0.005555555555555556, "11": 0.04285714285714286, "12": 0.15},
  "recall": 0.04913494809688582,
  "scene_recalls": {"2": 0.04913494809688582},
  "targets_count": 1445,
  "tp_count": 71
}