{
  "gt_count": 1517,
  "mean_obj_recall": 0.4459241119969102,
  "mean_scene_recall": 0.44429065743944635,
  "obj_recalls": {"1": 0.37142857142857144, "5": 0.2864321608040201, "6": 0.3684210526315789, "8": 0.63, "9": 0.5777777777777777, "10": 0.18333333333333332, "11": 0.6, "12": 0.55},
  "recall": 0.44429065743944635,
  "scene_recalls": {"2": 0.44429065743944635},
  "targets_count": 1445,
  "tp_count": 642
}