{
  "gt_count": 1517,
  "mean_obj_recall": 0.37591565544934363,
  "mean_scene_recall": 0.3750865051903114,
  "obj_recalls": {"1": 0.32, "5": 0.22110552763819097, "6": 0.23391812865497075, "8": 0.585, "9": 0.5222222222222223, "10": 0.07222222222222222, "11": 0.5428571428571428, "12": 0.51},
  "recall": 0.3750865051903114,
  "scene_recalls": {"2": 0.3750865051903114},
  "targets_count": 1445,
  "tp_count": 542
}