{
  "gt_count": 1517,
  "mean_obj_recall": 0.311678429217936,
  "mean_scene_recall": 0.31141868512110726,
  "obj_recalls": {"1": 0.2057142857142857, "5": 0.17587939698492464, "6": 0.14619883040935672, "8": 0.525, "9": 0.4444444444444444, "10": 0.03333333333333333, "11": 0.4928571428571429, "12": 0.47},
  "recall": 0.31141868512110726,
  "scene_recalls": {"2": 0.31141868512110726},
  "targets_count": 1445,
  "tp_count": 450
}