{
  "gt_count": 1517,
  "mean_obj_recall": 0.10225102643543532,
  "mean_scene_recall": 0.10519031141868512,
  "obj_recalls": {"1": 0.03428571428571429, "5": 0.05527638190954774, "6": 0.029239766081871343, "8": 0.19, "9": 0.12222222222222222, "10": 0.005555555555555556, "11": 0.12142857142857143, "12": 0.26},
  "recall": 0.10519031141868512,
  "scene_recalls": {"2": 0.10519031141868512},
  "targets_count": 1445,
  "tp_count": 152
}