{
  "gt_count": 1517,
  "mean_obj_recall": 0.2428119293207894,
  "mean_scene_recall": 0.24498269896193772,
  "obj_recalls": {"1": 0.11428571428571428, "5": 0.135678391959799, "6": 0.07602339181286549, "8": 0.44, "9": 0.35, "10": 0.022222222222222223, "11": 0.36428571428571427, "12": 0.44},
  "recall": 0.24498269896193772,
  "scene_recalls": {"2": 0.24498269896193772},
  "targets_count": 1445,
  "tp_count": 354
}