{
  "bop19_average_recall": 0.3457693194925029,
  "bop19_average_recall_mspd": 0.42290657439446366,
  "bop19_average_recall_mssd": 0.3813840830449827,
  "bop19_average_recall_vsd": 0.23301730103806229,
  "bop19_average_time_per_image": 5.172988276481629
}