{
  "gt_count": 1517,
  "mean_obj_recall": 0.4773032612939384,
  "mean_scene_recall": 0.471280276816609,
  "obj_recalls": {"1": 0.5771428571428572, "5": 0.4020100502512563, "6": 0.391812865497076, "8": 0.235, "9": 0.5222222222222223, "10": 0.5666666666666667, "11": 0.5785714285714286, "12": 0.545},
  "recall": 0.471280276816609,
  "scene_recalls": {"2": 0.471280276816609},
  "targets_count": 1445,
  "tp_count": 681
}