{
  "gt_count": 1517,
  "mean_obj_recall": 0.2681555595437505,
  "mean_scene_recall": 0.26505190311418686,
  "obj_recalls": {"1": 0.3485714285714286, "5": 0.17587939698492464, "6": 0.2222222222222222, "8": 0.065, "9": 0.21666666666666667, "10": 0.3333333333333333, "11": 0.32857142857142857, "12": 0.455},
  "recall": 0.26505190311418686,
  "scene_recalls": {"2": 0.26505190311418686},
  "targets_count": 1445,
  "tp_count": 383
}