{
  "gt_count": 1517,
  "mean_obj_recall": 0.6918069829095351,
  "mean_scene_recall": 0.6885813148788927,
  "obj_recalls": {"1": 0.7028571428571428, "5": 0.5778894472361809, "6": 0.5789473684210527, "8": 0.565, "9": 0.8666666666666667, "10": 0.8166666666666667, "11": 0.7214285714285714, "12": 0.705},
  "recall": 0.6885813148788927,
  "scene_recalls": {"2": 0.6885813148788927},
  "targets_count": 1445,
  "tp_count": 995
}