{
  "gt_count": 1517,
  "mean_obj_recall": 0.6137732469784175,
  "mean_scene_recall": 0.6089965397923875,
  "obj_recalls": {"1": 0.6685714285714286, "5": 0.507537688442211, "6": 0.45614035087719296, "8": 0.43, "9": 0.7888888888888889, "10": 0.7333333333333333, "11": 0.6857142857142857, "12": 0.64},
  "recall": 0.6089965397923875,
  "scene_recalls": {"2": 0.6089965397923875},
  "targets_count": 1445,
  "tp_count": 880
}