{
  "gt_count": 1517,
  "mean_obj_recall": 0.09010706991515641,
  "mean_scene_recall": 0.09204152249134948,
  "obj_recalls": {"1": 0.06285714285714286, "5": 0.020100502512562814, "6": 0.06432748538011696, "8": 0.005, "9": 0.05555555555555555, "10": 0.09444444444444444, "11": 0.07857142857142857, "12": 0.34},
  "recall": 0.09204152249134948,
  "scene_recalls": {"2": 0.09204152249134948},
  "targets_count": 1445,
  "tp_count": 133
}