{
  "gt_count": 1517,
  "mean_obj_recall": 0.746889614635416,
  "mean_scene_recall": 0.744636678200692,
  "obj_recalls": {"1": 0.72, "5": 0.6633165829145728, "6": 0.672514619883041, "8": 0.66, "9": 0.8888888888888888, "10": 0.8611111111111112, "11": 0.7642857142857142, "12": 0.745},
  "recall": 0.744636678200692,
  "scene_recalls": {"2": 0.744636678200692},
  "targets_count": 1445,
  "tp_count": 1076
}