{
  "gt_count": 1517,
  "mean_obj_recall": 0.026154448621553885,
  "mean_scene_recall": 0.02768166089965398,
  "obj_recalls": {"1": 0.017142857142857144, "5": 0.0, "6": 0.011695906432748537, "8": 0.0, "9": 0.011111111111111112, "10": 0.0, "11": 0.014285714285714285, "12": 0.155},
  "recall": 0.02768166089965398,
  "scene_recalls": {"2": 0.02768166089965398},
  "targets_count": 1445,
  "tp_count": 40
}