{
  "gt_count": 1517,
  "mean_obj_recall": 0.16697903154032484,
  "mean_scene_recall": 0.16678200692041523,
  "obj_recalls": {"1": 0.16, "5": 0.08040201005025126, "6": 0.14035087719298245, "8": 0.025, "9": 0.12777777777777777, "10": 0.19444444444444445, "11": 0.19285714285714287, "12": 0.415},
  "recall": 0.16678200692041523,
  "scene_recalls": {"2": 0.16678200692041523},
  "targets_count": 1445,
  "tp_count": 241
}