{
  "gt_count": 1517,
  "mean_obj_recall": 0.36721898443764356,
  "mean_scene_recall": 0.36055363321799305,
  "obj_recalls": {"1": 0.4742857142857143, "5": 0.2663316582914573, "6": 0.2982456140350877, "8": 0.12, "9": 0.3333333333333333, "10": 0.45555555555555555, "11": 0.5, "12": 0.49},
  "recall": 0.36055363321799305,
  "scene_recalls": {"2": 0.36055363321799305},
  "targets_count": 1445,
  "tp_count": 521
}