{
  "gt_count": 1517,
  "mean_obj_recall": 0.7278368056867461,
  "mean_scene_recall": 0.7273356401384083,
  "obj_recalls": {"1": 0.7885714285714286, "5": 0.6834170854271356, "6": 0.631578947368421, "8": 0.555, "9": 0.8666666666666667, "10": 0.8388888888888889, "11": 0.6785714285714286, "12": 0.78},
  "recall": 0.7273356401384083,
  "scene_recalls": {"2": 0.7273356401384083},
  "targets_count": 1445,
  "tp_count": 1051
}