{
  "gt_count": 1517,
  "mean_obj_recall": 0.3594499492029907,
  "mean_scene_recall": 0.36470588235294116,
  "obj_recalls": {"1": 0.5485714285714286, "5": 0.18090452261306533, "6": 0.27485380116959063, "8": 0.32, "9": 0.4166666666666667, "10": 0.3388888888888889, "11": 0.18571428571428572, "12": 0.61},
  "recall": 0.36470588235294116,
  "scene_recalls": {"2": 0.36470588235294116},
  "targets_count": 1445,
  "tp_count": 527
}