{
  "gt_count": 1517,
  "mean_obj_recall": 0.15586472462563444,
  "mean_scene_recall": 0.16055363321799307,
  "obj_recalls": {"1": 0.29714285714285715, "5": 0.04020100502512563, "6": 0.09941520467836257, "8": 0.045, "9": 0.1111111111111111, "10": 0.13333333333333333, "11": 0.03571428571428571, "12": 0.485},
  "recall": 0.16055363321799307,
  "scene_recalls": {"2": 0.16055363321799307},
  "targets_count": 1445,
  "tp_count": 232
}