{
  "gt_count": 1517,
  "mean_obj_recall": 0.07640300237612456,
  "mean_scene_recall": 0.08027681660899653,
  "obj_recalls": {"1": 0.10857142857142857, "5": 0.010050251256281407, "6": 0.04093567251461988, "8": 0.005, "9": 0.03888888888888889, "10": 0.07777777777777778, "11": 0.0, "12": 0.33},
  "recall": 0.08027681660899653,
  "scene_recalls": {"2": 0.08027681660899653},
  "targets_count": 1445,
  "tp_count": 116
}