{
  "gt_count": 1517,
  "mean_obj_recall": 0.2442848038227898,
  "mean_scene_recall": 0.2505190311418685,
  "obj_recalls": {"1": 0.4342857142857143, "5": 0.08542713567839195, "6": 0.17543859649122806, "8": 0.21, "9": 0.2, "10": 0.20555555555555555, "11": 0.07857142857142857, "12": 0.565},
  "recall": 0.2505190311418685,
  "scene_recalls": {"2": 0.2505190311418685},
  "targets_count": 1445,
  "tp_count": 362
}