{
  "gt_count": 1517,
  "mean_obj_recall": 0.026310045948203842,
  "mean_scene_recall": 0.02768166089965398,
  "obj_recalls": {"1": 0.045714285714285714, "5": 0.0, "6": 0.017543859649122806, "8": 0.0, "9": 0.005555555555555556, "10": 0.016666666666666666, "11": 0.0, "12": 0.125},
  "recall": 0.02768166089965398,
  "scene_recalls": {"2": 0.02768166089965398},
  "targets_count": 1445,
  "tp_count": 40
}