{
  "gt_count": 1517,
  "mean_obj_recall": 0.4697399093420318,
  "mean_scene_recall": 0.4740484429065744,
  "obj_recalls": {"1": 0.6457142857142857, "5": 0.2914572864321608, "6": 0.36257309941520466, "8": 0.415, "9": 0.6277777777777778, "10": 0.4111111111111111, "11": 0.3142857142857143, "12": 0.69},
  "recall": 0.4740484429065744,
  "scene_recalls": {"2": 0.4740484429065744},
  "targets_count": 1445,
  "tp_count": 685
}