{
  "gt_count": 1517,
  "mean_obj_recall": 0.5605243899111262,
  "mean_scene_recall": 0.5633217993079584,
  "obj_recalls": {"1": 0.68, "5": 0.4371859296482412, "6": 0.43859649122807015, "8": 0.46, "9": 0.75, "10": 0.5555555555555556, "11": 0.44285714285714284, "12": 0.72},
  "recall": 0.5633217993079584,
  "scene_recalls": {"2": 0.5633217993079584},
  "targets_count": 1445,
  "tp_count": 814
}