{
  "gt_count": 1517,
  "mean_obj_recall": 0.6555794191299018,
  "mean_scene_recall": 0.6560553633217993,
  "obj_recalls": {"1": 0.7428571428571429, "5": 0.5678391959798995, "6": 0.543859649122807, "8": 0.52, "9": 0.8222222222222222, "10": 0.7, "11": 0.5928571428571429, "12": 0.755},
  "recall": 0.6560553633217993,
  "scene_recalls": {"2": 0.6560553633217993},
  "targets_count": 1445,
  "tp_count": 948
}