{
  "gt_count": 1517,
  "mean_obj_recall": 0.022764724310776942,
  "mean_scene_recall": 0.02422145328719723,
  "obj_recalls": {"1": 0.011428571428571429, "5": 0.0, "6": 0.005847953216374269, "8": 0.0, "9": 0.005555555555555556, "10": 0.0, "11": 0.014285714285714285, "12": 0.145},
  "recall": 0.02422145328719723,
  "scene_recalls": {"2": 0.02422145328719723},
  "targets_count": 1445,
  "tp_count": 35
}