{
  "gt_count": 1517,
  "mean_obj_recall": 0.2538865379529225,
  "mean_scene_recall": 0.2505190311418685,
  "obj_recalls": {"1": 0.3314285714285714, "5": 0.1658291457286432, "6": 0.21637426900584794, "8": 0.065, "9": 0.2, "10": 0.28888888888888886, "11": 0.32857142857142857, "12": 0.435},
  "recall": 0.2505190311418685,
  "scene_recalls": {"2": 0.2505190311418685},
  "targets_count": 1445,
  "tp_count": 362
}