{
  "gt_count": 1517,
  "mean_obj_recall": 0.5942462810082156,
  "mean_scene_recall": 0.5896193771626298,
  "obj_recalls": {"1": 0.6228571428571429, "5": 0.49246231155778897, "6": 0.4444444444444444, "8": 0.425, "9": 0.7555555555555555, "10": 0.7222222222222222, "11": 0.6714285714285714, "12": 0.62},
  "recall": 0.5896193771626298,
  "scene_recalls": {"2": 0.5896193771626298},
  "targets_count": 1445,
  "tp_count": 852
}