{
  "gt_count": 1517,
  "mean_obj_recall": 0.6732198350776439,
  "mean_scene_recall": 0.6698961937716263,
  "obj_recalls": {"1": 0.6514285714285715, "5": 0.542713567839196, "6": 0.5672514619883041, "8": 0.56, "9": 0.8555555555555555, "10": 0.8166666666666667, "11": 0.7071428571428572, "12": 0.685},
  "recall": 0.6698961937716263,
  "scene_recalls": {"2": 0.6698961937716263},
  "targets_count": 1445,
  "tp_count": 968
}