{
  "gt_count": 1517,
  "mean_obj_recall": 0.3488443234342137,
  "mean_scene_recall": 0.34186851211072666,
  "obj_recalls": {"1": 0.44571428571428573, "5": 0.21608040201005024, "6": 0.2982456140350877, "8": 0.115, "9": 0.3055555555555556, "10": 0.4444444444444444, "11": 0.4857142857142857, "12": 0.48},
  "recall": 0.34186851211072666,
  "scene_recalls": {"2": 0.34186851211072666},
  "targets_count": 1445,
  "tp_count": 494
}