{
  "gt_count": 1517,
  "mean_obj_recall": 0.15626523647896962,
  "mean_scene_recall": 0.15570934256055363,
  "obj_recalls": {"1": 0.14857142857142858, "5": 0.06030150753768844, "6": 0.13450292397660818, "8": 0.025, "9": 0.10555555555555556, "10": 0.18333333333333332, "11": 0.19285714285714287, "12": 0.4},
  "recall": 0.15570934256055363,
  "scene_recalls": {"2": 0.15570934256055363},
  "targets_count": 1445,
  "tp_count": 225
}