{
  "gt_count": 1517,
  "mean_obj_recall": 0.45775118543847054,
  "mean_scene_recall": 0.45121107266435984,
  "obj_recalls": {"1": 0.5314285714285715, "5": 0.35678391959798994, "6": 0.391812865497076, "8": 0.23, "9": 0.4888888888888889, "10": 0.5666666666666667, "11": 0.5714285714285714, "12": 0.525},
  "recall": 0.45121107266435984,
  "scene_recalls": {"2": 0.45121107266435984},
  "targets_count": 1445,
  "tp_count": 652
}