{
  "gt_count": 1517,
  "mean_obj_recall": 0.08595345671549057,
  "mean_scene_recall": 0.08788927335640138,
  "obj_recalls": {"1": 0.05714285714285714, "5": 0.020100502512562814, "6": 0.05847953216374269, "8": 0.005, "9": 0.03888888888888889, "10": 0.09444444444444444, "11": 0.07857142857142857, "12": 0.335},
  "recall": 0.08788927335640138,
  "scene_recalls": {"2": 0.08788927335640138},
  "targets_count": 1445,
  "tp_count": 127
}