{
  "gt_count": 1517,
  "mean_obj_recall": 0.720111147319723,
  "mean_scene_recall": 0.7176470588235294,
  "obj_recalls": {"1": 0.6514285714285715, "5": 0.6231155778894473, "6": 0.6491228070175439, "8": 0.645, "9": 0.8888888888888888, "10": 0.8333333333333334, "11": 0.75, "12": 0.72},
  "recall": 0.7176470588235294,
  "scene_recalls": {"2": 0.7176470588235294},
  "targets_count": 1445,
  "tp_count": 1037
}