{
  "gt_count": 1517,
  "mean_obj_recall": 0.15804004095246493,
  "mean_scene_recall": 0.16124567474048443,
  "obj_recalls": {"1": 0.12571428571428572, "5": 0.09547738693467336, "6": 0.029239766081871343, "8": 0.15, "9": 0.29444444444444445, "10": 0.044444444444444446, "11": 0.15, "12": 0.375},
  "recall": 0.16124567474048443,
  "scene_recalls": {"2": 0.16124567474048443},
  "targets_count": 1445,
  "tp_count": 233
}