{
  "gt_count": 1517,
  "mean_obj_recall": 0.2592494007212336,
  "mean_scene_recall": 0.2622837370242215,
  "obj_recalls": {"1": 0.26285714285714284, "5": 0.1507537688442211, "6": 0.05847953216374269, "8": 0.275, "9": 0.43333333333333335, "10": 0.1, "11": 0.2785714285714286, "12": 0.515},
  "recall": 0.2622837370242215,
  "scene_recalls": {"2": 0.2622837370242215},
  "targets_count": 1445,
  "tp_count": 379
}