{
  "gt_count": 1517,
  "mean_obj_recall": 0.6297244419675655,
  "mean_scene_recall": 0.6290657439446367,
  "obj_recalls": {"1": 0.7714285714285715, "5": 0.41708542713567837, "6": 0.4269005847953216, "8": 0.625, "9": 0.8333333333333334, "10": 0.5833333333333334, "11": 0.6357142857142857, "12": 0.745},
  "recall": 0.6290657439446367,
  "scene_recalls": {"2": 0.6290657439446367},
  "targets_count": 1445,
  "tp_count": 909
}