{
  "gt_count": 1517,
  "mean_obj_recall": 0.7289592149343207,
  "mean_scene_recall": 0.7273356401384083,
  "obj_recalls": {"1": 0.8628571428571429, "5": 0.5628140703517588, "6": 0.6549707602339181, "8": 0.655, "9": 0.8666666666666667, "10": 0.7222222222222222, "11": 0.7071428571428572, "12": 0.8},
  "recall": 0.7273356401384083,
  "scene_recalls": {"2": 0.7273356401384083},
  "targets_count": 1445,
  "tp_count": 1051
}