{
  "gt_count": 1517,
  "mean_obj_recall": 0.3652540899988665,
  "mean_scene_recall": 0.3674740484429066,
  "obj_recalls": {"1": 0.4057142857142857, "5": 0.21105527638190955, "6": 0.10526315789473684, "8": 0.4, "9": 0.5777777777777777, "10": 0.2222222222222222, "11": 0.4, "12": 0.6},
  "recall": 0.3674740484429066,
  "scene_recalls": {"2": 0.3674740484429066},
  "targets_count": 1445,
  "tp_count": 531
}