{
  "gt_count": 1517,
  "mean_obj_recall": 0.5151325812437291,
  "mean_scene_recall": 0.5155709342560554,
  "obj_recalls": {"1": 0.6114285714285714, "5": 0.3065326633165829, "6": 0.23976608187134502, "8": 0.555, "9": 0.7555555555555555, "10": 0.42777777777777776, "11": 0.55, "12": 0.675},
  "recall": 0.5155709342560554,
  "scene_recalls": {"2": 0.5155709342560554},
  "targets_count": 1445,
  "tp_count": 745
}