{
  "gt_count": 1517,
  "mean_obj_recall": 0.0764343700541135,
  "mean_scene_recall": 0.07958477508650519,
  "obj_recalls": {"1": 0.04, "5": 0.035175879396984924, "6": 0.011695906432748537, "8": 0.065, "9": 0.16666666666666666, "10": 0.022222222222222223, "11": 0.03571428571428571, "12": 0.235},
  "recall": 0.07958477508650519,
  "scene_recalls": {"2": 0.07958477508650519},
  "targets_count": 1445,
  "tp_count": 115
}