{
  "gt_count": 1517,
  "mean_obj_recall": 0.035370212067018465,
  "mean_scene_recall": 0.03667820069204152,
  "obj_recalls": {"1": 0.0, "5": 0.010050251256281407, "6": 0.005847953216374269, "8": 0.015, "9": 0.10555555555555556, "10": 0.022222222222222223, "11": 0.014285714285714285, "12": 0.11},
  "recall": 0.03667820069204152,
  "scene_recalls": {"2": 0.03667820069204152},
  "targets_count": 1445,
  "tp_count": 53
}