{
  "gt_count": 1517,
  "mean_obj_recall": 0.3262439389932117,
  "mean_scene_recall": 0.32041522491349483,
  "obj_recalls": {"1": 0.29714285714285715, "5": 0.1306532663316583, "6": 0.27485380116959063, "8": 0.435, "9": 0.09444444444444444, "10": 0.15, "11": 0.6428571428571429, "12": 0.585},
  "recall": 0.32041522491349483,
  "scene_recalls": {"2": 0.32041522491349483},
  "targets_count": 1445,
  "tp_count": 463
}