{
  "gt_count": 1517,
  "mean_obj_recall": 0.382669440561202,
  "mean_scene_recall": 0.3771626297577855,
  "obj_recalls": {"1": 0.35428571428571426, "5": 0.1708542713567839, "6": 0.32748538011695905, "8": 0.485, "9": 0.20555555555555555, "10": 0.2388888888888889, "11": 0.6642857142857143, "12": 0.615},
  "recall": 0.3771626297577855,
  "scene_recalls": {"2": 0.3771626297577855},
  "targets_count": 1445,
  "tp_count": 545
}