{
  "gt_count": 1517,
  "mean_obj_recall": 0.031785722157151676,
  "mean_scene_recall": 0.032525951557093424,
  "obj_recalls": {"1": 0.005714285714285714, "5": 0.005025125628140704, "6": 0.005847953216374269, "8": 0.005, "9": 0.0, "10": 0.005555555555555556, "11": 0.05714285714285714, "12": 0.17},
  "recall": 0.032525951557093424,
  "scene_recalls": {"2": 0.032525951557093424},
  "targets_count": 1445,
  "tp_count": 47
}