{
  "gt_count": 1517,
  "mean_obj_recall": 0.06630744312624105,
  "mean_scene_recall": 0.06643598615916955,
  "obj_recalls": {"1": 0.022857142857142857, "5": 0.005025125628140704, "6": 0.04678362573099415, "8": 0.02, "9": 0.0, "10": 0.022222222222222223, "11": 0.12857142857142856, "12": 0.285},
  "recall": 0.06643598615916955,
  "scene_recalls": {"2": 0.06643598615916955},
  "targets_count": 1445,
  "tp_count": 96
}