{
  "gt_count": 1517,
  "mean_obj_recall": 0.15534412874732895,
  "mean_scene_recall": 0.1522491349480969,
  "obj_recalls": {"1": 0.10857142857142857, "5": 0.02512562814070352, "6": 0.14619883040935672, "8": 0.205, "9": 0.016666666666666666, "10": 0.03333333333333333, "11": 0.34285714285714286, "12": 0.365},
  "recall": 0.1522491349480969,
  "scene_recalls": {"2": 0.1522491349480969},
  "targets_count": 1445,
  "tp_count": 220
}