{
  "gt_count": 1517,
  "mean_obj_recall": 0.26319249757559726,
  "mean_scene_recall": 0.25813148788927337,
  "obj_recalls": {"1": 0.2342857142857143, "5": 0.09045226130653267, "6": 0.2573099415204678, "8": 0.355, "9": 0.03333333333333333, "10": 0.09444444444444444, "11": 0.5357142857142857, "12": 0.505},
  "recall": 0.25813148788927337,
  "scene_recalls": {"2": 0.25813148788927337},
  "targets_count": 1445,
  "tp_count": 373
}