{
  "gt_count": 1517,
  "mean_obj_recall": 0.20387643627494195,
  "mean_scene_recall": 0.2,
  "obj_recalls": {"1": 0.17142857142857143, "5": 0.05025125628140704, "6": 0.19298245614035087, "8": 0.295, "9": 0.016666666666666666, "10": 0.06111111111111111, "11": 0.42857142857142855, "12": 0.415},
  "recall": 0.2,
  "scene_recalls": {"2": 0.2},
  "targets_count": 1445,
  "tp_count": 289
}