{
  "gt_count": 1517,
  "mean_obj_recall": 0.10497600523503063,
  "mean_scene_recall": 0.10380622837370242,
  "obj_recalls": {"1": 0.04, "5": 0.01507537688442211, "6": 0.09941520467836257, "8": 0.1, "9": 0.005555555555555556, "10": 0.03333333333333333, "11": 0.22142857142857142, "12": 0.325},
  "recall": 0.10380622837370242,
  "scene_recalls": {"2": 0.10380622837370242},
  "targets_count": 1445,
  "tp_count": 150
}