{
  "gt_count": 1517,
  "mean_obj_recall": 0.23345091686502686,
  "mean_scene_recall": 0.24152249134948098,
  "obj_recalls": {"1": 0.19428571428571428, "5": 0.06532663316582915, "6": 0.13450292397660818, "8": 0.37, "9": 0.09444444444444444, "10": 0.2833333333333333, "11": 0.1357142857142857, "12": 0.59},
  "recall": 0.24152249134948098,
  "scene_recalls": {"2": 0.24152249134948098},
  "targets_count": 1445,
  "tp_count": 349
}