{
  "gt_count": 1517,
  "mean_obj_recall": 0.0866432097832521,
  "mean_scene_recall": 0.09134948096885813,
  "obj_recalls": {"1": 0.05714285714285714, "5": 0.02512562814070352, "6": 0.017543859649122806, "8": 0.135, "9": 0.022222222222222223, "10": 0.06111111111111111, "11": 0.05, "12": 0.325},
  "recall": 0.09134948096885813,
  "scene_recalls": {"2": 0.09134948096885813},
  "targets_count": 1445,
  "tp_count": 132
}