{
  "gt_count": 1517,
  "mean_obj_recall": 0.41303913048954044,
  "mean_scene_recall": 0.42006920415224913,
  "obj_recalls": {"1": 0.3942857142857143, "5": 0.18090452261306533, "6": 0.3157894736842105, "8": 0.54, "9": 0.3055555555555556, "10": 0.5277777777777778, "11": 0.3, "12": 0.74},
  "recall": 0.42006920415224913,
  "scene_recalls": {"2": 0.42006920415224913},
  "targets_count": 1445,
  "tp_count": 607
}