{
  "gt_count": 1517,
  "mean_obj_recall": 0.5237771092303624,
  "mean_scene_recall": 0.5280276816608996,
  "obj_recalls": {"1": 0.5142857142857142, "5": 0.3065326633165829, "6": 0.47368421052631576, "8": 0.58, "9": 0.40555555555555556, "10": 0.6944444444444444, "11": 0.4357142857142857, "12": 0.78},
  "recall": 0.5280276816608996,
  "scene_recalls": {"2": 0.5280276816608996},
  "targets_count": 1445,
  "tp_count": 763
}