{
  "gt_count": 1517,
  "mean_obj_recall": 0.03530390832609161,
  "mean_scene_recall": 0.03806228373702422,
  "obj_recalls": {"1": 0.017142857142857144, "5": 0.01507537688442211, "6": 0.005847953216374269, "8": 0.07, "9": 0.005555555555555556, "10": 0.016666666666666666, "11": 0.007142857142857143, "12": 0.145},
  "recall": 0.03806228373702422,
  "scene_recalls": {"2": 0.03806228373702422},
  "targets_count": 1445,
  "tp_count": 55
}