{
  "gt_count": 1517,
  "mean_obj_recall": 0.15679205866424856,
  "mean_scene_recall": 0.16470588235294117,
  "obj_recalls": {"1": 0.11428571428571428, "5": 0.05025125628140704, "6": 0.04678362573099415, "8": 0.26, "9": 0.05, "10": 0.14444444444444443, "11": 0.07857142857142857, "12": 0.51},
  "recall": 0.16470588235294117,
  "scene_recalls": {"2": 0.16470588235294117},
  "targets_count": 1445,
  "tp_count": 238
}