{
  "gt_count": 1517,
  "mean_obj_recall": 0.31966598867352636,
  "mean_scene_recall": 0.3273356401384083,
  "obj_recalls": {"1": 0.2914285714285714, "5": 0.10050251256281408, "6": 0.2222222222222222, "8": 0.465, "9": 0.18333333333333332, "10": 0.40555555555555556, "11": 0.21428571428571427, "12": 0.675},
  "recall": 0.3273356401384083,
  "scene_recalls": {"2": 0.3273356401384083},
  "targets_count": 1445,
  "tp_count": 473
}