{
  "gt_count": 1517,
  "mean_obj_recall": 0.008356315306692192,
  "mean_scene_recall": 0.008996539792387544,
  "obj_recalls": {"1": 0.005714285714285714, "5": 0.005025125628140704, "6": 0.0, "8": 0.01, "9": 0.0, "10": 0.011111111111111112, "11": 0.0, "12": 0.035},
  "recall": 0.008996539792387544,
  "scene_recalls": {"2": 0.008996539792387544},
  "targets_count": 1445,
  "tp_count": 13
}