{
  "gt_count": 1517,
  "mean_obj_recall": 0.4343331160816615,
  "mean_scene_recall": 0.429757785467128,
  "obj_recalls": {"1": 0.46285714285714286, "5": 0.2613065326633166, "6": 0.32748538011695905, "8": 0.465, "9": 0.36666666666666664, "10": 0.5277777777777778, "11": 0.5785714285714286, "12": 0.485},
  "recall": 0.429757785467128,
  "scene_recalls": {"2": 0.429757785467128},
  "targets_count": 1445,
  "tp_count": 621
}