{
  "gt_count": 1517,
  "mean_obj_recall": 0.681615239942402,
  "mean_scene_recall": 0.6788927335640138,
  "obj_recalls": {"1": 0.6057142857142858, "5": 0.5025125628140703, "6": 0.6081871345029239, "8": 0.66, "9": 0.8444444444444444, "10": 0.8277777777777777, "11": 0.7142857142857143, "12": 0.69},
  "recall": 0.6788927335640138,
  "scene_recalls": {"2": 0.6788927335640138},
  "targets_count": 1445,
  "tp_count": 981
}