{
  "gt_count": 1517,
  "mean_obj_recall": 0.33056053817542186,
  "mean_scene_recall": 0.3259515570934256,
  "obj_recalls": {"1": 0.37714285714285717, "5": 0.18090452261306533, "6": 0.2573099415204678, "8": 0.33, "9": 0.21666666666666667, "10": 0.3888888888888889, "11": 0.4785714285714286, "12": 0.415},
  "recall": 0.3259515570934256,
  "scene_recalls": {"2": 0.3259515570934256},
  "targets_count": 1445,
  "tp_count": 471
}