{
  "gt_count": 1517,
  "mean_obj_recall": 0.13232254369172514,
  "mean_scene_recall": 0.1314878892733564,
  "obj_recalls": {"1": 0.16, "5": 0.04522613065326633, "6": 0.08771929824561403, "8": 0.075, "9": 0.044444444444444446, "10": 0.13333333333333333, "11": 0.19285714285714287, "12": 0.32},
  "recall": 0.1314878892733564,
  "scene_recalls": {"2": 0.1314878892733564},
  "targets_count": 1445,
  "tp_count": 190
}