{
  "gt_count": 1517,
  "mean_obj_recall": 0.013320287737769887,
  "mean_scene_recall": 0.01384083044982699,
  "obj_recalls": {"1": 0.0, "5": 0.005025125628140704, "6": 0.011695906432748537, "8": 0.0, "9": 0.0, "10": 0.005555555555555556, "11": 0.014285714285714285, "12": 0.07},
  "recall": 0.01384083044982699,
  "scene_recalls": {"2": 0.01384083044982699},
  "targets_count": 1445,
  "tp_count": 20
}