{
  "gt_count": 1517,
  "mean_obj_recall": 0.22431409081749598,
  "mean_scene_recall": 0.22214532871972317,
  "obj_recalls": {"1": 0.3142857142857143, "5": 0.11557788944723618, "6": 0.19298245614035087, "8": 0.185, "9": 0.09444444444444444, "10": 0.2222222222222222, "11": 0.3, "12": 0.37},
  "recall": 0.22214532871972317,
  "scene_recalls": {"2": 0.22214532871972317},
  "targets_count": 1445,
  "tp_count": 321
}