{
  "gt_count": 1517,
  "mean_obj_recall": 0.05819865303963426,
  "mean_scene_recall": 0.05951557093425606,
  "obj_recalls": {"1": 0.02857142857142857, "5": 0.020100502512562814, "6": 0.05263157894736842, "8": 0.01, "9": 0.005555555555555556, "10": 0.044444444444444446, "11": 0.06428571428571428, "12": 0.24},
  "recall": 0.05951557093425606,
  "scene_recalls": {"2": 0.05951557093425606},
  "targets_count": 1445,
  "tp_count": 86
}