{
  "gt_count": 1517,
  "mean_obj_recall": 0.5539359023605916,
  "mean_scene_recall": 0.5487889273356401,
  "obj_recalls": {"1": 0.5485714285714286, "5": 0.34673366834170855, "6": 0.4093567251461988, "8": 0.54, "9": 0.6555555555555556, "10": 0.6555555555555556, "11": 0.6857142857142857, "12": 0.59},
  "recall": 0.5487889273356401,
  "scene_recalls": {"2": 0.5487889273356401},
  "targets_count": 1445,
  "tp_count": 793
}