{
  "gt_count": 1517,
  "mean_obj_recall": 0.6263346782996015,
  "mean_scene_recall": 0.6221453287197232,
  "obj_recalls": {"1": 0.5885714285714285, "5": 0.39195979899497485, "6": 0.5029239766081871, "8": 0.6, "9": 0.7944444444444444, "10": 0.7777777777777778, "11": 0.7, "12": 0.655},
  "recall": 0.6221453287197232,
  "scene_recalls": {"2": 0.6221453287197232},
  "targets_count": 1445,
  "tp_count": 899
}