{
  "gt_count": 1517,
  "mean_obj_recall": 0.30339415330621355,
  "mean_scene_recall": 0.30519031141868513,
  "obj_recalls": {"1": 0.26857142857142857, "5": 0.16080402010050251, "6": 0.1111111111111111, "8": 0.485, "9": 0.4111111111111111, "10": 0.10555555555555556, "11": 0.4, "12": 0.485},
  "recall": 0.30519031141868513,
  "scene_recalls": {"2": 0.30519031141868513},
  "targets_count": 1445,
  "tp_count": 441
}