{
  "gt_count": 1517,
  "mean_obj_recall": 0.4094865618820922,
  "mean_scene_recall": 0.4083044982698962,
  "obj_recalls": {"1": 0.38285714285714284, "5": 0.22110552763819097, "6": 0.21637426900584794, "8": 0.545, "9": 0.5555555555555556, "10": 0.25, "11": 0.55, "12": 0.555},
  "recall": 0.4083044982698962,
  "scene_recalls": {"2": 0.4083044982698962},
  "targets_count": 1445,
  "tp_count": 590
}