{
  "gt_count": 1517,
  "mean_obj_recall": 0.6204920015700894,
  "mean_scene_recall": 0.6179930795847751,
  "obj_recalls": {"1": 0.6228571428571429, "5": 0.4271356783919598, "6": 0.5614035087719298, "8": 0.645, "9": 0.75, "10": 0.6111111111111112, "11": 0.6714285714285714, "12": 0.675},
  "recall": 0.6179930795847751,
  "scene_recalls": {"2": 0.6179930795847751},
  "targets_count": 1445,
  "tp_count": 893
}