{
  "gt_count": 1517,
  "mean_obj_recall": 0.059873689668056236,
  "mean_scene_recall": 0.06228373702422145,
  "obj_recalls": {"1": 0.03428571428571429, "5": 0.03015075376884422, "6": 0.011695906432748537, "8": 0.09, "9": 0.08888888888888889, "10": 0.011111111111111112, "11": 0.04285714285714286, "12": 0.17},
  "recall": 0.06228373702422145,
  "scene_recalls": {"2": 0.06228373702422145},
  "targets_count": 1445,
  "tp_count": 90
}