{
  "gt_count": 1517,
  "mean_obj_recall": 0.21996467561281763,
  "mean_scene_recall": 0.22283737024221453,
  "obj_recalls": {"1": 0.13142857142857142, "5": 0.11557788944723618, "6": 0.05263157894736842, "8": 0.385, "9": 0.3055555555555556, "10": 0.06666666666666667, "11": 0.29285714285714287, "12": 0.41},
  "recall": 0.22283737024221453,
  "scene_recalls": {"2": 0.22283737024221453},
  "targets_count": 1445,
  "tp_count": 322
}