{
  "gt_count": 1517,
  "mean_obj_recall": 0.13156914480506124,
  "mean_scene_recall": 0.1356401384083045,
  "obj_recalls": {"1": 0.07428571428571429, "5": 0.07537688442211055, "6": 0.029239766081871343, "8": 0.215, "9": 0.18888888888888888, "10": 0.03333333333333333, "11": 0.12142857142857143, "12": 0.315},
  "recall": 0.1356401384083045,
  "scene_recalls": {"2": 0.1356401384083045},
  "targets_count": 1445,
  "tp_count": 196
}