{
  "gt_count": 1517,
  "mean_obj_recall": 0.024130132701939103,
  "mean_scene_recall": 0.02491349480968858,
  "obj_recalls": {"1": 0.005714285714285714, "5": 0.010050251256281407, "6": 0.005847953216374269, "8": 0.01, "9": 0.03888888888888889, "10": 0.011111111111111112, "11": 0.02142857142857143, "12": 0.09},
  "recall": 0.02491349480968858,
  "scene_recalls": {"2": 0.02491349480968858},
  "targets_count": 1445,
  "tp_count": 36
}