{
  "gt_count": 1517,
  "mean_obj_recall": 0.5124138208796699,
  "mean_scene_recall": 0.5114186851211072,
  "obj_recalls": {"1": 0.5142857142857142, "5": 0.3165829145728643, "6": 0.34502923976608185, "8": 0.605, "9": 0.6722222222222223, "10": 0.43333333333333335, "11": 0.5928571428571429, "12": 0.62},
  "recall": 0.5114186851211072,
  "scene_recalls": {"2": 0.5114186851211072},
  "targets_count": 1445,
  "tp_count": 739
}