{
  "gt_count": 1517,
  "mean_obj_recall": 0.10994310262675114,
  "mean_scene_recall": 0.10795847750865052,
  "obj_recalls": {"1": 0.04, "5": 0.010050251256281407, "6": 0.09941520467836257, "8": 0.02, "9": 0.016666666666666666, "10": 0.05555555555555555, "11": 0.24285714285714285, "12": 0.395},
  "recall": 0.10795847750865052,
  "scene_recalls": {"2": 0.10795847750865052},
  "targets_count": 1445,
  "tp_count": 156
}