{
  "gt_count": 1517,
  "mean_obj_recall": 0.4002028731795989,
  "mean_scene_recall": 0.39307958477508653,
  "obj_recalls": {"1": 0.41714285714285715, "5": 0.18090452261306533, "6": 0.3508771929824561, "8": 0.345, "9": 0.22777777777777777, "10": 0.37777777777777777, "11": 0.6571428571428571, "12": 0.645},
  "recall": 0.39307958477508653,
  "scene_recalls": {"2": 0.39307958477508653},
  "targets_count": 1445,
  "tp_count": 568
}