{
  "gt_count": 1517,
  "mean_obj_recall": 0.07362259816207184,
  "mean_scene_recall": 0.07404844290657439,
  "obj_recalls": {"1": 0.022857142857142857, "5": 0.0, "6": 0.05263157894736842, "8": 0.0, "9": 0.005555555555555556, "10": 0.022222222222222223, "11": 0.1357142857142857, "12": 0.35},
  "recall": 0.07404844290657439,
  "scene_recalls": {"2": 0.07404844290657439},
  "targets_count": 1445,
  "tp_count": 107
}