{
  "gt_count": 1517,
  "mean_obj_recall": 0.012873851294903926,
  "mean_scene_recall": 0.01384083044982699,
  "obj_recalls": {"1": 0.0, "5": 0.0, "6": 0.005847953216374269, "8": 0.0, "9": 0.0, "10": 0.0, "11": 0.007142857142857143, "12": 0.09},
  "recall": 0.01384083044982699,
  "scene_recalls": {"2": 0.01384083044982699},
  "targets_count": 1445,
  "tp_count": 20
}