{
  "gt_count": 1517,
  "mean_obj_recall": 0.32987957487940955,
  "mean_scene_recall": 0.32249134948096886,
  "obj_recalls": {"1": 0.3314285714285714, "5": 0.12060301507537688, "6": 0.30994152046783624, "8": 0.275, "9": 0.12222222222222222, "10": 0.25555555555555554, "11": 0.6142857142857143, "12": 0.61},
  "recall": 0.32249134948096886,
  "scene_recalls": {"2": 0.32249134948096886},
  "targets_count": 1445,
  "tp_count": 466
}