{
  "gt_count": 1517,
  "mean_obj_recall": 0.15600931768281676,
  "mean_scene_recall": 0.1508650519031142,
  "obj_recalls": {"1": 0.12, "5": 0.01507537688442211, "6": 0.15204678362573099, "8": 0.035, "9": 0.027777777777777776, "10": 0.08888888888888889, "11": 0.36428571428571427, "12": 0.445},
  "recall": 0.1508650519031142,
  "scene_recalls": {"2": 0.1508650519031142},
  "targets_count": 1445,
  "tp_count": 218
}