{
  "gt_count": 1517,
  "mean_obj_recall": 0.19791829605420586,
  "mean_scene_recall": 0.19100346020761247,
  "obj_recalls": {"1": 0.19428571428571428, "5": 0.04020100502512563, "6": 0.21052631578947367, "8": 0.08, "9": 0.03333333333333333, "10": 0.1, "11": 0.45, "12": 0.475},
  "recall": 0.19100346020761247,
  "scene_recalls": {"2": 0.19100346020761247},
  "targets_count": 1445,
  "tp_count": 276
}