{
  "gt_count": 1517,
  "mean_obj_recall": 0.04540413533834586,
  "mean_scene_recall": 0.047058823529411764,
  "obj_recalls": {"1": 0.017142857142857144, "5": 0.0, "6": 0.023391812865497075, "8": 0.0, "9": 0.005555555555555556, "10": 0.0, "11": 0.05714285714285714, "12": 0.26},
  "recall": 0.047058823529411764,
  "scene_recalls": {"2": 0.047058823529411764},
  "targets_count": 1445,
  "tp_count": 68
}