{
  "gt_count": 1517,
  "mean_obj_recall": 0.25554158375419284,
  "mean_scene_recall": 0.24844290657439447,
  "obj_recalls": {"1": 0.25142857142857145, "5": 0.08040201005025126, "6": 0.28654970760233917, "8": 0.165, "9": 0.06111111111111111, "10": 0.15555555555555556, "11": 0.5142857142857142, "12": 0.53},
  "recall": 0.24844290657439447,
  "scene_recalls": {"2": 0.24844290657439447},
  "targets_count": 1445,
  "tp_count": 359
}