{
  "gt_count": 1517,
  "mean_obj_recall": 0.7109591162789721,
  "mean_scene_recall": 0.7086505190311418,
  "obj_recalls": {"1": 0.7371428571428571, "5": 0.6331658291457286, "6": 0.5964912280701754, "8": 0.57, "9": 0.8777777777777778, "10": 0.8166666666666667, "11": 0.7214285714285714, "12": 0.735},
  "recall": 0.7086505190311418,
  "scene_recalls": {"2": 0.7086505190311418},
  "targets_count": 1445,
  "tp_count": 1024
}