{
  "gt_count": 1517,
  "mean_obj_recall": 0.09690899411426389,
  "mean_scene_recall": 0.09896193771626298,
  "obj_recalls": {"1": 0.06857142857142857, "5": 0.035175879396984924, "6": 0.07017543859649122, "8": 0.005, "9": 0.08333333333333333, "10": 0.09444444444444444, "11": 0.07857142857142857, "12": 0.34},
  "recall": 0.09896193771626298,
  "scene_recalls": {"2": 0.09896193771626298},
  "targets_count": 1445,
  "tp_count": 143
}