{
  "gt_count": 1517,
  "mean_obj_recall": 0.6271494114263884,
  "mean_scene_recall": 0.6228373702422145,
  "obj_recalls": {"1": 0.7085714285714285, "5": 0.5175879396984925, "6": 0.4619883040935672, "8": 0.43, "9": 0.8, "10": 0.7333333333333333, "11": 0.6857142857142857, "12": 0.68},
  "recall": 0.6228373702422145,
  "scene_recalls": {"2": 0.6228373702422145},
  "targets_count": 1445,
  "tp_count": 900
}