{
  "gt_count": 1517,
  "mean_obj_recall": 0.49835120936764016,
  "mean_scene_recall": 0.49273356401384083,
  "obj_recalls": {"1": 0.64, "5": 0.4120603015075377, "6": 0.391812865497076, "8": 0.235, "9": 0.5444444444444444, "10": 0.5777777777777777, "11": 0.5857142857142857, "12": 0.6},
  "recall": 0.49273356401384083,
  "scene_recalls": {"2": 0.49273356401384083},
  "targets_count": 1445,
  "tp_count": 712
}