{
  "gt_count": 1517,
  "mean_obj_recall": 0.27703402927335086,
  "mean_scene_recall": 0.2740484429065744,
  "obj_recalls": {"1": 0.3657142857142857, "5": 0.19095477386934673, "6": 0.2222222222222222, "8": 0.065, "9": 0.22777777777777777, "10": 0.3388888888888889, "11": 0.3357142857142857, "12": 0.47},
  "recall": 0.2740484429065744,
  "scene_recalls": {"2": 0.2740484429065744},
  "targets_count": 1445,
  "tp_count": 396
}