{
  "gt_count": 1517,
  "mean_obj_recall": 0.7727982146530481,
  "mean_scene_recall": 0.7709342560553634,
  "obj_recalls": {"1": 0.8, "5": 0.7135678391959799, "6": 0.7017543859649122, "8": 0.66, "9": 0.9111111111111111, "10": 0.8666666666666667, "11": 0.7642857142857142, "12": 0.765},
  "recall": 0.7709342560553634,
  "scene_recalls": {"2": 0.7709342560553634},
  "targets_count": 1445,
  "tp_count": 1114
}