{
  "gt_count": 1517,
  "mean_obj_recall": 0.3754061504263171,
  "mean_scene_recall": 0.36885813148788926,
  "obj_recalls": {"1": 0.5085714285714286, "5": 0.2864321608040201, "6": 0.2982456140350877, "8": 0.12, "9": 0.34444444444444444, "10": 0.45555555555555555, "11": 0.5, "12": 0.49},
  "recall": 0.36885813148788926,
  "scene_recalls": {"2": 0.36885813148788926},
  "targets_count": 1445,
  "tp_count": 533
}