{
  "gt_count": 1517,
  "mean_obj_recall": 0.17362849911629996,
  "mean_scene_recall": 0.17370242214532872,
  "obj_recalls": {"1": 0.17142857142857143, "5": 0.10050251256281408, "6": 0.14035087719298245, "8": 0.025, "9": 0.1388888888888889, "10": 0.2, "11": 0.19285714285714287, "12": 0.42},
  "recall": 0.17370242214532872,
  "scene_recalls": {"2": 0.17370242214532872},
  "targets_count": 1445,
  "tp_count": 251
}