{
  "gt_count": 1517,
  "mean_obj_recall": 0.02809889306599833,
  "mean_scene_recall": 0.02975778546712803,
  "obj_recalls": {"1": 0.017142857142857144, "5": 0.0, "6": 0.011695906432748537, "8": 0.0, "9": 0.016666666666666666, "10": 0.0, "11": 0.014285714285714285, "12": 0.165},
  "recall": 0.02975778546712803,
  "scene_recalls": {"2": 0.02975778546712803},
  "targets_count": 1445,
  "tp_count": 43
}