{
  "gt_count": 1517,
  "mean_obj_recall": 0.04119677334038614,
  "mean_scene_recall": 0.04359861591695502,
  "obj_recalls": {"1": 0.022857142857142857, "5": 0.020100502512562814, "6": 0.011695906432748537, "8": 0.025, "9": 0.07777777777777778, "10": 0.0, "11": 0.007142857142857143, "12": 0.165},
  "recall": 0.04359861591695502,
  "scene_recalls": {"2": 0.04359861591695502},
  "targets_count": 1445,
  "tp_count": 63
}