{
  "gt_count": 1517,
  "mean_obj_recall": 0.153049510291642,
  "mean_scene_recall": 0.16124567474048443,
  "obj_recalls": {"1": 0.045714285714285714, "5": 0.1407035175879397, "6": 0.06432748538011696, "8": 0.395, "9": 0.2222222222222222, "10": 0.0, "11": 0.07142857142857142, "12": 0.285},
  "recall": 0.16124567474048443,
  "scene_recalls": {"2": 0.16124567474048443},
  "targets_count": 1445,
  "tp_count": 233
}