{
  "gt_count": 1517,
  "mean_obj_recall": 0.36312070219518644,
  "mean_scene_recall": 0.3619377162629758,
  "obj_recalls": {"1": 0.25142857142857145, "5": 0.2562814070351759, "6": 0.25146198830409355, "8": 0.71, "9": 0.3055555555555556, "10": 0.016666666666666666, "11": 0.6285714285714286, "12": 0.485},
  "recall": 0.3619377162629758,
  "scene_recalls": {"2": 0.3619377162629758},
  "targets_count": 1445,
  "tp_count": 523
}