{
  "gt_count": 1517,
  "mean_obj_recall": 0.3704155095653707,
  "mean_scene_recall": 0.3695501730103806,
  "obj_recalls": {"1": 0.25142857142857145, "5": 0.2613065326633166, "6": 0.25146198830409355, "8": 0.725, "9": 0.3055555555555556, "10": 0.05, "11": 0.6285714285714286, "12": 0.49},
  "recall": 0.3695501730103806,
  "scene_recalls": {"2": 0.3695501730103806},
  "targets_count": 1445,
  "tp_count": 534
}