{
  "gt_count": 1517,
  "mean_obj_recall": 0.2791529310084256,
  "mean_scene_recall": 0.2816608996539792,
  "obj_recalls": {"1": 0.10857142857142857, "5": 0.23115577889447236, "6": 0.23976608187134502, "8": 0.565, "9": 0.24444444444444444, "10": 0.0, "11": 0.4142857142857143, "12": 0.43},
  "recall": 0.2816608996539792,
  "scene_recalls": {"2": 0.2816608996539792},
  "targets_count": 1445,
  "tp_count": 407
}