{
  "gt_count": 1517,
  "mean_obj_recall": 0.3303032418777262,
  "mean_scene_recall": 0.33079584775086507,
  "obj_recalls": {"1": 0.18857142857142858, "5": 0.2562814070351759, "6": 0.25146198830409355, "8": 0.675, "9": 0.2611111111111111, "10": 0.0, "11": 0.55, "12": 0.46},
  "recall": 0.33079584775086507,
  "scene_recalls": {"2": 0.33079584775086507},
  "targets_count": 1445,
  "tp_count": 478
}