{
  "gt_count": 1517,
  "mean_obj_recall": 0.3842281740784121,
  "mean_scene_recall": 0.38200692041522494,
  "obj_recalls": {"1": 0.26857142857142857, "5": 0.2663316582914573, "6": 0.25146198830409355, "8": 0.725, "9": 0.3277777777777778, "10": 0.06111111111111111, "11": 0.6785714285714286, "12": 0.495},
  "recall": 0.38200692041522494,
  "scene_recalls": {"2": 0.38200692041522494},
  "targets_count": 1445,
  "tp_count": 552
}