{
  "gt_count": 1517,
  "mean_obj_recall": 0.3541226863221706,
  "mean_scene_recall": 0.35363321799307956,
  "obj_recalls": {"1": 0.24571428571428572, "5": 0.2562814070351759, "6": 0.25146198830409355, "8": 0.69, "9": 0.3055555555555556, "10": 0.011111111111111112, "11": 0.5928571428571429, "12": 0.48},
  "recall": 0.35363321799307956,
  "scene_recalls": {"2": 0.35363321799307956},
  "targets_count": 1445,
  "tp_count": 511
}