{
  "gt_count": 1517,
  "mean_obj_recall": 0.3746845232847613,
  "mean_scene_recall": 0.3737024221453287,
  "obj_recalls": {"1": 0.26285714285714284, "5": 0.2663316582914573, "6": 0.25146198830409355, "8": 0.725, "9": 0.3111111111111111, "10": 0.05, "11": 0.6357142857142857, "12": 0.495},
  "recall": 0.3737024221453287,
  "scene_recalls": {"2": 0.3737024221453287},
  "targets_count": 1445,
  "tp_count": 540
}