{
  "gt_count": 1517,
  "mean_obj_recall": 0.3907004241130464,
  "mean_scene_recall": 0.3792387543252595,
  "obj_recalls": {"1": 0.21714285714285714, "5": 0.1507537688442211, "6": 0.2573099415204678, "8": 0.395, "9": 0.03888888888888889, "10": 0.8722222222222222, "11": 0.7642857142857142, "12": 0.43},
  "recall": 0.3792387543252595,
  "scene_recalls": {"2": 0.3792387543252595},
  "targets_count": 1445,
  "tp_count": 548
}