{
  "gt_count": 1517,
  "mean_obj_recall": 0.6010344538062073,
  "mean_scene_recall": 0.6062283737024221,
  "obj_recalls": {"1": 0.6171428571428571, "5": 0.7286432160804021, "6": 0.45614035087719296, "8": 0.515, "9": 0.8055555555555556, "10": 0.4222222222222222, "11": 0.5285714285714286, "12": 0.735},
  "recall": 0.6062283737024221,
  "scene_recalls": {"2": 0.6062283737024221},
  "targets_count": 1445,
  "tp_count": 876
}