{
  "gt_count": 1517,
  "mean_obj_recall": 0.39713116805833676,
  "mean_scene_recall": 0.4,
  "obj_recalls": {"1": 0.45714285714285713, "5": 0.5376884422110553, "6": 0.3157894736842105, "8": 0.155, "9": 0.6222222222222222, "10": 0.22777777777777777, "11": 0.32142857142857145, "12": 0.54},
  "recall": 0.4,
  "scene_recalls": {"2": 0.4},
  "targets_count": 1445,
  "tp_count": 578
}