{
  "gt_count": 1517,
  "mean_obj_recall": 0.2820515589644127,
  "mean_scene_recall": 0.28581314878892733,
  "obj_recalls": {"1": 0.32571428571428573, "5": 0.38190954773869346, "6": 0.24561403508771928, "8": 0.13, "9": 0.4888888888888889, "10": 0.15, "11": 0.16428571428571428, "12": 0.37},
  "recall": 0.28581314878892733,
  "scene_recalls": {"2": 0.28581314878892733},
  "targets_count": 1445,
  "tp_count": 413
}