{
  "gt_count": 1517,
  "mean_obj_recall": 0.13276238124624795,
  "mean_scene_recall": 0.13494809688581316,
  "obj_recalls": {"1": 0.17714285714285713, "5": 0.1708542713567839, "6": 0.11695906432748537, "8": 0.1, "9": 0.24444444444444444, "10": 0.05555555555555555, "11": 0.05714285714285714, "12": 0.14},
  "recall": 0.13494809688581316,
  "scene_recalls": {"2": 0.13494809688581316},
  "targets_count": 1445,
  "tp_count": 195
}