{
  "gt_count": 1517,
  "mean_obj_recall": 0.46739082841106117,
  "mean_scene_recall": 0.47058823529411764,
  "obj_recalls": {"1": 0.5142857142857142, "5": 0.6381909547738693, "6": 0.3742690058479532, "8": 0.185, "9": 0.6944444444444444, "10": 0.32222222222222224, "11": 0.38571428571428573, "12": 0.625},
  "recall": 0.47058823529411764,
  "scene_recalls": {"2": 0.47058823529411764},
  "targets_count": 1445,
  "tp_count": 680
}