{
  "gt_count": 1517,
  "mean_obj_recall": 0.5163325162781325,
  "mean_scene_recall": 0.5197231833910034,
  "obj_recalls": {"1": 0.5485714285714286, "5": 0.678391959798995, "6": 0.4152046783625731, "8": 0.245, "9": 0.7611111111111111, "10": 0.36666666666666664, "11": 0.4357142857142857, "12": 0.68},
  "recall": 0.5197231833910034,
  "scene_recalls": {"2": 0.5197231833910034},
  "targets_count": 1445,
  "tp_count": 751
}