{
  "gt_count": 1517,
  "mean_obj_recall": 0.5758031306280778,
  "mean_scene_recall": 0.5799307958477509,
  "obj_recalls": {"1": 0.5942857142857143, "5": 0.7185929648241206, "6": 0.4502923976608187, "8": 0.4, "9": 0.8055555555555556, "10": 0.40555555555555556, "11": 0.5071428571428571, "12": 0.725},
  "recall": 0.5799307958477509,
  "scene_recalls": {"2": 0.5799307958477509},
  "targets_count": 1445,
  "tp_count": 838
}