{
  "gt_count": 1517,
  "mean_obj_recall": 0.5523637873998228,
  "mean_scene_recall": 0.5557093425605536,
  "obj_recalls": {"1": 0.5885714285714285, "5": 0.7085427135678392, "6": 0.4327485380116959, "8": 0.31, "9": 0.8, "10": 0.38333333333333336, "11": 0.4857142857142857, "12": 0.71},
  "recall": 0.5557093425605536,
  "scene_recalls": {"2": 0.5557093425605536},
  "targets_count": 1445,
  "tp_count": 803
}