{
  "gt_count": 1517,
  "mean_obj_recall": 0.25666116715574533,
  "mean_scene_recall": 0.24636678200692042,
  "obj_recalls": {"1": 0.045714285714285714, "5": 0.15577889447236182, "6": 0.09941520467836257, "8": 0.39, "9": 0.15555555555555556, "10": 0.16111111111111112, "11": 0.7357142857142858, "12": 0.31},
  "recall": 0.24636678200692042,
  "scene_recalls": {"2": 0.24636678200692042},
  "targets_count": 1445,
  "tp_count": 356
}