{
  "gt_count": 1517,
  "mean_obj_recall": 0.7322852776833205,
  "mean_scene_recall": 0.7273356401384083,
  "obj_recalls": {"1": 0.8857142857142857, "5": 0.5879396984924623, "6": 0.7719298245614035, "8": 0.555, "9": 0.8944444444444445, "10": 0.6111111111111112, "11": 0.7571428571428571, "12": 0.795},
  "recall": 0.7273356401384083,
  "scene_recalls": {"2": 0.7273356401384083},
  "targets_count": 1445,
  "tp_count": 1051
}