{
  "gt_count": 1517,
  "mean_obj_recall": 0.4815107177491467,
  "mean_scene_recall": 0.49204152249134947,
  "obj_recalls": {"1": 0.7371428571428571, "5": 0.44221105527638194, "6": 0.36257309941520466, "8": 0.515, "9": 0.7333333333333333, "10": 0.2111111111111111, "11": 0.18571428571428572, "12": 0.665},
  "recall": 0.49204152249134947,
  "scene_recalls": {"2": 0.49204152249134947},
  "targets_count": 1445,
  "tp_count": 711
}