{
  "gt_count": 1517,
  "mean_obj_recall": 0.6359636029982829,
  "mean_scene_recall": 0.6352941176470588,
  "obj_recalls": {"1": 0.8285714285714286, "5": 0.49748743718592964, "6": 0.5964912280701754, "8": 0.555, "9": 0.8388888888888889, "10": 0.45555555555555555, "11": 0.5857142857142857, "12": 0.73},
  "recall": 0.6352941176470588,
  "scene_recalls": {"2": 0.6352941176470588},
  "targets_count": 1445,
  "tp_count": 918
}