{
  "gt_count": 1517,
  "mean_obj_recall": 0.538427520329299,
  "mean_scene_recall": 0.5446366782006921,
  "obj_recalls": {"1": 0.76, "5": 0.4623115577889447, "6": 0.45614035087719296, "8": 0.545, "9": 0.7666666666666667, "10": 0.29444444444444445, "11": 0.34285714285714286, "12": 0.68},
  "recall": 0.5446366782006921,
  "scene_recalls": {"2": 0.5446366782006921},
  "targets_count": 1445,
  "tp_count": 787
}