{
  "gt_count": 1517,
  "mean_obj_recall": 0.17893700436182583,
  "mean_scene_recall": 0.18339100346020762,
  "obj_recalls": {"1": 0.33714285714285713, "5": 0.05025125628140704, "6": 0.22807017543859648, "8": 0.02, "9": 0.16111111111111112, "10": 0.12777777777777777, "11": 0.007142857142857143, "12": 0.5},
  "recall": 0.18339100346020762,
  "scene_recalls": {"2": 0.18339100346020762},
  "targets_count": 1445,
  "tp_count": 265
}