{
  "gt_count": 1517,
  "mean_obj_recall": 0.4347614901995357,
  "mean_scene_recall": 0.4477508650519031,
  "obj_recalls": {"1": 0.7028571428571428, "5": 0.4020100502512563, "6": 0.3216374269005848, "8": 0.445, "9": 0.7222222222222222, "10": 0.17222222222222222, "11": 0.05714285714285714, "12": 0.655},
  "recall": 0.4477508650519031,
  "scene_recalls": {"2": 0.4477508650519031},
  "targets_count": 1445,
  "tp_count": 647
}