{
  "gt_count": 1517,
  "mean_obj_recall": 0.029637113617376774,
  "mean_scene_recall": 0.031141868512110725,
  "obj_recalls": {"1": 0.022857142857142857, "5": 0.0, "6": 0.029239766081871343, "8": 0.0, "9": 0.011111111111111112, "10": 0.03888888888888889, "11": 0.0, "12": 0.135},
  "recall": 0.031141868512110725,
  "scene_recalls": {"2": 0.031141868512110725},
  "targets_count": 1445,
  "tp_count": 45
}