{
  "gt_count": 1517,
  "mean_obj_recall": 0.07384191215056066,
  "mean_scene_recall": 0.07681660899653979,
  "obj_recalls": {"1": 0.08571428571428572, "5": 0.010050251256281407, "6": 0.09941520467836257, "8": 0.0, "9": 0.05, "10": 0.05555555555555555, "11": 0.0, "12": 0.29},
  "recall": 0.07681660899653979,
  "scene_recalls": {"2": 0.07681660899653979},
  "targets_count": 1445,
  "tp_count": 111
}