{
  "gt_count": 1517,
  "mean_obj_recall": 0.361694195707023,
  "mean_scene_recall": 0.37093425605536334,
  "obj_recalls": {"1": 0.6514285714285715, "5": 0.24120603015075376, "6": 0.30409356725146197, "8": 0.265, "9": 0.6055555555555555, "10": 0.15555555555555556, "11": 0.03571428571428571, "12": 0.635},
  "recall": 0.37093425605536334,
  "scene_recalls": {"2": 0.37093425605536334},
  "targets_count": 1445,
  "tp_count": 536
}