{
  "gt_count": 1517,
  "mean_obj_recall": 0.8129740730595333,
  "mean_scene_recall": 0.8069204152249135,
  "obj_recalls": {"1": 0.9657142857142857, "5": 0.6482412060301508, "6": 0.8713450292397661, "8": 0.575, "9": 0.9611111111111111, "10": 0.7666666666666667, "11": 0.8357142857142857, "12": 0.88},
  "recall": 0.8069204152249135,
  "scene_recalls": {"2": 0.8069204152249135},
  "targets_count": 1445,
  "tp_count": 1166
}