{
  "gt_count": 1517,
  "mean_obj_recall": 0.06372129024403556,
  "mean_scene_recall": 0.06782006920415225,
  "obj_recalls": {"1": 0.05714285714285714, "5": 0.005025125628140704, "6": 0.04093567251461988, "8": 0.0, "9": 0.011111111111111112, "10": 0.05555555555555555, "11": 0.0, "12": 0.34},
  "recall": 0.06782006920415225,
  "scene_recalls": {"2": 0.06782006920415225},
  "targets_count": 1445,
  "tp_count": 98
}