{
  "gt_count": 1517,
  "mean_obj_recall": 0.11832240777823956,
  "mean_scene_recall": 0.12318339100346021,
  "obj_recalls": {"1": 0.13714285714285715, "5": 0.02512562814070352, "6": 0.10526315789473684, "8": 0.035, "9": 0.027777777777777776, "10": 0.10555555555555556, "11": 0.03571428571428571, "12": 0.475},
  "recall": 0.12318339100346021,
  "scene_recalls": {"2": 0.12318339100346021},
  "targets_count": 1445,
  "tp_count": 178
}