{
  "gt_count": 1517,
  "mean_obj_recall": 0.24515571539821077,
  "mean_scene_recall": 0.2491349480968858,
  "obj_recalls": {"1": 0.35428571428571426, "5": 0.07537688442211055, "6": 0.2046783625730994, "8": 0.225, "9": 0.16666666666666666, "10": 0.16666666666666666, "11": 0.17857142857142858, "12": 0.59},
  "recall": 0.2491349480968858,
  "scene_recalls": {"2": 0.2491349480968858},
  "targets_count": 1445,
  "tp_count": 360
}