{
  "gt_count": 1517,
  "mean_obj_recall": 0.3397464452588758,
  "mean_scene_recall": 0.34256055363321797,
  "obj_recalls": {"1": 0.45714285714285713, "5": 0.1306532663316583, "6": 0.29239766081871343, "8": 0.375, "9": 0.28888888888888886, "10": 0.2388888888888889, "11": 0.3, "12": 0.635},
  "recall": 0.34256055363321797,
  "scene_recalls": {"2": 0.34256055363321797},
  "targets_count": 1445,
  "tp_count": 495
}