{
  "gt_count": 1517,
  "mean_obj_recall": 0.4186025102538591,
  "mean_scene_recall": 0.42006920415224913,
  "obj_recalls": {"1": 0.5371428571428571, "5": 0.17587939698492464, "6": 0.3508771929824561, "8": 0.47, "9": 0.4166666666666667, "10": 0.3111111111111111, "11": 0.40714285714285714, "12": 0.68},
  "recall": 0.42006920415224913,
  "scene_recalls": {"2": 0.42006920415224913},
  "targets_count": 1445,
  "tp_count": 607
}