{
  "gt_count": 1517,
  "mean_obj_recall": 0.03129021254979996,
  "mean_scene_recall": 0.03321799307958478,
  "obj_recalls": {"1": 0.02857142857142857, "5": 0.005025125628140704, "6": 0.023391812865497075, "8": 0.0, "9": 0.011111111111111112, "10": 0.022222222222222223, "11": 0.0, "12": 0.16},
  "recall": 0.03321799307958478,
  "scene_recalls": {"2": 0.03321799307958478},
  "targets_count": 1445,
  "tp_count": 48
}