{
  "gt_count": 1517,
  "mean_obj_recall": 0.17449725129406432,
  "mean_scene_recall": 0.17923875432525951,
  "obj_recalls": {"1": 0.2571428571428571, "5": 0.04522613065326633, "6": 0.15789473684210525, "8": 0.12, "9": 0.06111111111111111, "10": 0.1388888888888889, "11": 0.08571428571428572, "12": 0.53},
  "recall": 0.17923875432525951,
  "scene_recalls": {"2": 0.17923875432525951},
  "targets_count": 1445,
  "tp_count": 259
}