{
  "gt_count": 1517,
  "mean_obj_recall": 0.0038194444444444448,
  "mean_scene_recall": 0.004152249134948097,
  "obj_recalls": {"1": 0.0, "5": 0.0, "6": 0.0, "8": 0.0, "9": 0.005555555555555556, "10": 0.0, "11": 0.0, "12": 0.025},
  "recall": 0.004152249134948097,
  "scene_recalls": {"2": 0.004152249134948097},
  "targets_count": 1445,
  "tp_count": 6
}