{
  "gt_count": 1517,
  "mean_obj_recall": 0.6179200330180561,
  "mean_scene_recall": 0.615916955017301,
  "obj_recalls": {"1": 0.6342857142857142, "5": 0.4824120603015075, "6": 0.5380116959064327, "8": 0.535, "9": 0.6444444444444445, "10": 0.6777777777777778, "11": 0.6714285714285714, "12": 0.76},
  "recall": 0.615916955017301,
  "scene_recalls": {"2": 0.615916955017301},
  "targets_count": 1445,
  "tp_count": 890
}