{
  "gt_count": 1517,
  "mean_obj_recall": 0.5219548058798588,
  "mean_scene_recall": 0.5197231833910034,
  "obj_recalls": {"1": 0.5828571428571429, "5": 0.2814070351758794, "6": 0.43859649122807015, "8": 0.525, "9": 0.5277777777777778, "10": 0.5, "11": 0.6, "12": 0.72},
  "recall": 0.5197231833910034,
  "scene_recalls": {"2": 0.5197231833910034},
  "targets_count": 1445,
  "tp_count": 751
}