{
  "gt_count": 1517,
  "mean_obj_recall": 0.27417995627678915,
  "mean_scene_recall": 0.28096885813148786,
  "obj_recalls": {"1": 0.2857142857142857, "5": 0.1507537688442211, "6": 0.1695906432748538, "8": 0.275, "9": 0.28888888888888886, "10": 0.3277777777777778, "11": 0.1357142857142857, "12": 0.56},
  "recall": 0.28096885813148786,
  "scene_recalls": {"2": 0.28096885813148786},
  "targets_count": 1445,
  "tp_count": 406
}