{
  "gt_count": 1517,
  "mean_obj_recall": 0.6585193117844864,
  "mean_scene_recall": 0.6650519031141868,
  "obj_recalls": {"1": 0.6457142857142857, "5": 0.7286432160804021, "6": 0.6140350877192983, "8": 0.58, "9": 0.8111111111111111, "10": 0.6722222222222223, "11": 0.4714285714285714, "12": 0.745},
  "recall": 0.6650519031141868,
  "scene_recalls": {"2": 0.6650519031141868},
  "targets_count": 1445,
  "tp_count": 961
}