{
  "gt_count": 1517,
  "mean_obj_recall": 0.14888221128617188,
  "mean_scene_recall": 0.15501730103806227,
  "obj_recalls": {"1": 0.16, "5": 0.07035175879396985, "6": 0.07602339181286549, "8": 0.145, "9": 0.15555555555555556, "10": 0.15555555555555556, "11": 0.02857142857142857, "12": 0.4},
  "recall": 0.15501730103806227,
  "scene_recalls": {"2": 0.15501730103806227},
  "targets_count": 1445,
  "tp_count": 224
}