{
  "gt_count": 1517,
  "mean_obj_recall": 0.060112299173394126,
  "mean_scene_recall": 0.0629757785467128,
  "obj_recalls": {"1": 0.06857142857142857, "5": 0.02512562814070352, "6": 0.023391812865497075, "8": 0.08, "9": 0.07222222222222222, "10": 0.044444444444444446, "11": 0.007142857142857143, "12": 0.16},
  "recall": 0.0629757785467128,
  "scene_recalls": {"2": 0.0629757785467128},
  "targets_count": 1445,
  "tp_count": 91
}