{
  "gt_count": 1517,
  "mean_obj_recall": 0.3989311322695348,
  "mean_scene_recall": 0.40622837370242215,
  "obj_recalls": {"1": 0.3942857142857143, "5": 0.3015075376884422, "6": 0.30994152046783624, "8": 0.405, "9": 0.4777777777777778, "10": 0.4222222222222222, "11": 0.2357142857142857, "12": 0.645},
  "recall": 0.40622837370242215,
  "scene_recalls": {"2": 0.40622837370242215},
  "targets_count": 1445,
  "tp_count": 587
}