{
  "gt_count": 1517,
  "mean_obj_recall": 0.5421091988765884,
  "mean_scene_recall": 0.5494809688581315,
  "obj_recalls": {"1": 0.5657142857142857, "5": 0.5125628140703518, "6": 0.43859649122807015, "8": 0.515, "9": 0.6888888888888889, "10": 0.5611111111111111, "11": 0.35, "12": 0.705},
  "recall": 0.5494809688581315,
  "scene_recalls": {"2": 0.5494809688581315},
  "targets_count": 1445,
  "tp_count": 794
}