{
  "gt_count": 1517,
  "mean_obj_recall": 0.7351850994739781,
  "mean_scene_recall": 0.7411764705882353,
  "obj_recalls": {"1": 0.72, "5": 0.8341708542713567, "6": 0.7017543859649122, "8": 0.625, "9": 0.8555555555555555, "10": 0.8, "11": 0.55, "12": 0.795},
  "recall": 0.7411764705882353,
  "scene_recalls": {"2": 0.7411764705882353},
  "targets_count": 1445,
  "tp_count": 1071
}