{
  "gt_count": 1517,
  "mean_obj_recall": 0.7444608144103978,
  "mean_scene_recall": 0.7453287197231834,
  "obj_recalls": {"1": 0.7657142857142857, "5": 0.7839195979899497, "6": 0.6432748538011696, "8": 0.575, "9": 0.8555555555555555, "10": 0.8222222222222222, "11": 0.7, "12": 0.81},
  "recall": 0.7453287197231834,
  "scene_recalls": {"2": 0.7453287197231834},
  "targets_count": 1445,
  "tp_count": 1077
}