{
  "gt_count": 1517,
  "mean_obj_recall": 0.583742970806413,
  "mean_scene_recall": 0.5875432525951557,
  "obj_recalls": {"1": 0.6742857142857143, "5": 0.5125628140703518, "6": 0.4444444444444444, "8": 0.515, "9": 0.7777777777777778, "10": 0.5444444444444444, "11": 0.4714285714285714, "12": 0.73},
  "recall": 0.5875432525951557,
  "scene_recalls": {"2": 0.5875432525951557},
  "targets_count": 1445,
  "tp_count": 849
}