{
  "gt_count": 1517,
  "mean_obj_recall": 0.24848853446430147,
  "mean_scene_recall": 0.25259515570934254,
  "obj_recalls": {"1": 0.38857142857142857, "5": 0.08040201005025126, "6": 0.19298245614035087, "8": 0.135, "9": 0.34444444444444444, "10": 0.17222222222222222, "11": 0.11428571428571428, "12": 0.56},
  "recall": 0.25259515570934254,
  "scene_recalls": {"2": 0.25259515570934254},
  "targets_count": 1445,
  "tp_count": 365
}