{
  "gt_count": 1517,
  "mean_obj_recall": 0.3626282230912289,
  "mean_scene_recall": 0.3674740484429066,
  "obj_recalls": {"1": 0.5428571428571428, "5": 0.19095477386934673, "6": 0.2982456140350877, "8": 0.265, "9": 0.5166666666666667, "10": 0.24444444444444444, "11": 0.19285714285714287, "12": 0.65},
  "recall": 0.3674740484429066,
  "scene_recalls": {"2": 0.3674740484429066},
  "targets_count": 1445,
  "tp_count": 531
}