{
  "gt_count": 1517,
  "mean_obj_recall": 0.4847384216403655,
  "mean_scene_recall": 0.4885813148788927,
  "obj_recalls": {"1": 0.6228571428571429, "5": 0.3417085427135678, "6": 0.3684210526315789, "8": 0.42, "9": 0.7111111111111111, "10": 0.36666666666666664, "11": 0.35714285714285715, "12": 0.69},
  "recall": 0.4885813148788927,
  "scene_recalls": {"2": 0.4885813148788927},
  "targets_count": 1445,
  "tp_count": 706
}