{
  "gt_count": 1517,
  "mean_obj_recall": 0.08931706622082845,
  "mean_scene_recall": 0.09342560553633218,
  "obj_recalls": {"1": 0.11428571428571428, "5": 0.01507537688442211, "6": 0.07017543859649122, "8": 0.005, "9": 0.08333333333333333, "10": 0.06666666666666667, "11": 0.0, "12": 0.36},
  "recall": 0.09342560553633218,
  "scene_recalls": {"2": 0.09342560553633218},
  "targets_count": 1445,
  "tp_count": 135
}