{
  "gt_count": 1517,
  "mean_obj_recall": 0.1696622235026427,
  "mean_scene_recall": 0.17439446366782008,
  "obj_recalls": {"1": 0.28, "5": 0.03015075376884422, "6": 0.1286549707602339, "8": 0.05, "9": 0.18888888888888888, "10": 0.1388888888888889, "11": 0.03571428571428571, "12": 0.505},
  "recall": 0.17439446366782008,
  "scene_recalls": {"2": 0.17439446366782008},
  "targets_count": 1445,
  "tp_count": 252
}