{
  "gt_count": 1517,
  "mean_obj_recall": 0.6816311874745491,
  "mean_scene_recall": 0.6823529411764706,
  "obj_recalls": {"1": 0.7257142857142858, "5": 0.6834170854271356, "6": 0.5672514619883041, "8": 0.545, "9": 0.8166666666666667, "10": 0.7, "11": 0.65, "12": 0.765},
  "recall": 0.6823529411764706,
  "scene_recalls": {"2": 0.6823529411764706},
  "targets_count": 1445,
  "tp_count": 986
}