{
  "gt_count": 1517,
  "mean_obj_recall": 0.03995822890559733,
  "mean_scene_recall": 0.03944636678200692,
  "obj_recalls": {"1": 0.022857142857142857, "5": 0.0, "6": 0.04093567251461988, "8": 0.03, "9": 0.0, "10": 0.044444444444444446, "11": 0.07142857142857142, "12": 0.11},
  "recall": 0.03944636678200692,
  "scene_recalls": {"2": 0.03944636678200692},
  "targets_count": 1445,
  "tp_count": 57
}