{
  "gt_count": 1517,
  "mean_obj_recall": 0.06498799081035923,
  "mean_scene_recall": 0.0643598615916955,
  "obj_recalls": {"1": 0.03428571428571429, "5": 0.0, "6": 0.04093567251461988, "8": 0.06, "9": 0.0, "10": 0.06111111111111111, "11": 0.12857142857142856, "12": 0.195},
  "recall": 0.0643598615916955,
  "scene_recalls": {"2": 0.0643598615916955},
  "targets_count": 1445,
  "tp_count": 93
}