{
  "gt_count": 1517,
  "mean_obj_recall": 0.00735484544695071,
  "mean_scene_recall": 0.007612456747404845,
  "obj_recalls": {"1": 0.0, "5": 0.0, "6": 0.011695906432748537, "8": 0.0, "9": 0.0, "10": 0.0, "11": 0.007142857142857143, "12": 0.04},
  "recall": 0.007612456747404845,
  "scene_recalls": {"2": 0.007612456747404845},
  "targets_count": 1445,
  "tp_count": 11
}