{
  "gt_count": 1517,
  "mean_obj_recall": 0.09243526267511325,
  "mean_scene_recall": 0.09273356401384084,
  "obj_recalls": {"1": 0.05142857142857143, "5": 0.005025125628140704, "6": 0.05263157894736842, "8": 0.115, "9": 0.0, "10": 0.06111111111111111, "11": 0.16428571428571428, "12": 0.29},
  "recall": 0.09273356401384084,
  "scene_recalls": {"2": 0.09273356401384084},
  "targets_count": 1445,
  "tp_count": 134
}