{
  "gt_count": 1517,
  "mean_obj_recall": 0.13328845302116263,
  "mean_scene_recall": 0.13356401384083044,
  "obj_recalls": {"1": 0.08571428571428572, "5": 0.01507537688442211, "6": 0.06432748538011696, "8": 0.18, "9": 0.0, "10": 0.08333333333333333, "11": 0.24285714285714285, "12": 0.395},
  "recall": 0.13356401384083044,
  "scene_recalls": {"2": 0.13356401384083044},
  "targets_count": 1445,
  "tp_count": 193
}