{
  "gt_count": 1517,
  "mean_obj_recall": 0.030764933166248957,
  "mean_scene_recall": 0.03044982698961938,
  "obj_recalls": {"1": 0.017142857142857144, "5": 0.0, "6": 0.03508771929824561, "8": 0.02, "9": 0.0, "10": 0.03888888888888889, "11": 0.05, "12": 0.085},
  "recall": 0.03044982698961938,
  "scene_recalls": {"2": 0.03044982698961938},
  "targets_count": 1445,
  "tp_count": 44
}