{
  "gt_count": 1517,
  "mean_obj_recall": 0.27478980638363076,
  "mean_scene_recall": 0.2768166089965398,
  "obj_recalls": {"1": 0.18857142857142858, "5": 0.1457286432160804, "6": 0.09941520467836257, "8": 0.47, "9": 0.38333333333333336, "10": 0.05555555555555555, "11": 0.38571428571428573, "12": 0.47},
  "recall": 0.2768166089965398,
  "scene_recalls": {"2": 0.2768166089965398},
  "targets_count": 1445,
  "tp_count": 400
}