{
  "gt_count": 1517,
  "mean_obj_recall": 0.1194231469586865,
  "mean_scene_recall": 0.12318339100346021,
  "obj_recalls": {"1": 0.05714285714285714, "5": 0.07035175879396985, "6": 0.029239766081871343, "8": 0.2, "9": 0.15, "10": 0.022222222222222223, "11": 0.12142857142857143, "12": 0.305},
  "recall": 0.12318339100346021,
  "scene_recalls": {"2": 0.12318339100346021},
  "targets_count": 1445,
  "tp_count": 178
}