{
  "gt_count": 1517,
  "mean_obj_recall": 0.008531746031746033,
  "mean_scene_recall": 0.008996539792387544,
  "obj_recalls": {"1": 0.0, "5": 0.0, "6": 0.0, "8": 0.0, "9": 0.011111111111111112, "10": 0.0, "11": 0.007142857142857143, "12": 0.05},
  "recall": 0.008996539792387544,
  "scene_recalls": {"2": 0.008996539792387544},
  "targets_count": 1445,
  "tp_count": 13
}