{
  "gt_count": 1517,
  "mean_obj_recall": 0.20123450901122153,
  "mean_scene_recall": 0.20346020761245676,
  "obj_recalls": {"1": 0.10857142857142857, "5": 0.11055276381909548, "6": 0.04678362573099415, "8": 0.37, "9": 0.2777777777777778, "10": 0.03333333333333333, "11": 0.29285714285714287, "12": 0.37},
  "recall": 0.20346020761245676,
  "scene_recalls": {"2": 0.20346020761245676},
  "targets_count": 1445,
  "tp_count": 294
}