{
  "gt_count": 1517,
  "mean_obj_recall": 0.022113103109532628,
  "mean_scene_recall": 0.022837370242214532,
  "obj_recalls": {"1": 0.005714285714285714, "5": 0.005025125628140704, "6": 0.005847953216374269, "8": 0.01, "9": 0.03333333333333333, "10": 0.005555555555555556, "11": 0.02142857142857143, "12": 0.09},
  "recall": 0.022837370242214532,
  "scene_recalls": {"2": 0.022837370242214532},
  "targets_count": 1445,
  "tp_count": 33
}