{
  "gt_count": 1517,
  "mean_obj_recall": 0.0517387690331356,
  "mean_scene_recall": 0.05397923875432526,
  "obj_recalls": {"1": 0.011428571428571429, "5": 0.03015075376884422, "6": 0.011695906432748537, "8": 0.085, "9": 0.07222222222222222, "10": 0.005555555555555556, "11": 0.04285714285714286, "12": 0.155},
  "recall": 0.05397923875432526,
  "scene_recalls": {"2": 0.05397923875432526},
  "targets_count": 1445,
  "tp_count": 78
}