{
  "gt_count": 1517,
  "mean_obj_recall": 0.4341467125728895,
  "mean_scene_recall": 0.43321799307958475,
  "obj_recalls": {"1": 0.4, "5": 0.2613065326633166, "6": 0.28654970760233917, "8": 0.6, "9": 0.5777777777777777, "10": 0.2111111111111111, "11": 0.5714285714285714, "12": 0.565},
  "recall": 0.43321799307958475,
  "scene_recalls": {"2": 0.43321799307958475},
  "targets_count": 1445,
  "tp_count": 626
}