{
  "gt_count": 1517,
  "mean_obj_recall": 0.36029374105279954,
  "mean_scene_recall": 0.3591695501730104,
  "obj_recalls": {"1": 0.3142857142857143, "5": 0.19095477386934673, "6": 0.19298245614035087, "8": 0.545, "9": 0.49444444444444446, "10": 0.1111111111111111, "11": 0.5285714285714286, "12": 0.505},
  "recall": 0.3591695501730104,
  "scene_recalls": {"2": 0.3591695501730104},
  "targets_count": 1445,
  "tp_count": 519
}