{
  "gt_count": 1517,
  "mean_obj_recall": 0.5401180085893125,
  "mean_scene_recall": 0.5370242214532872,
  "obj_recalls": {"1": 0.5085714285714286, "5": 0.33668341708542715, "6": 0.4502923976608187, "8": 0.645, "9": 0.6444444444444445, "10": 0.4666666666666667, "11": 0.6642857142857143, "12": 0.605},
  "recall": 0.5370242214532872,
  "scene_recalls": {"2": 0.5370242214532872},
  "targets_count": 1445,
  "tp_count": 776
}