{
  "bop19_average_recall": 0.31969319492502885,
  "bop19_average_recall_mspd": 0.38941176470588235,
  "bop19_average_recall_mssd": 0.34948096885813146,
  "bop19_average_recall_vsd": 0.22018685121107268,
  "bop19_average_time_per_image": 2.8707347500324247
}