{
  "gt_count": 1517,
  "mean_obj_recall": 0.23906931010524637,
  "mean_scene_recall": 0.23944636678200693,
  "obj_recalls": {"1": 0.08, "5": 0.18090452261306533, "6": 0.15204678362573099, "8": 0.355, "9": 0.3388888888888889, "10": 0.0, "11": 0.38571428571428573, "12": 0.42},
  "recall": 0.23944636678200693,
  "scene_recalls": {"2": 0.23944636678200693},
  "targets_count": 1445,
  "tp_count": 346
}