{
  "gt_count": 1517,
  "mean_obj_recall": 0.02068088458163835,
  "mean_scene_recall": 0.022145328719723183,
  "obj_recalls": {"1": 0.0, "5": 0.010050251256281407, "6": 0.0, "8": 0.005, "9": 0.011111111111111112, "10": 0.0, "11": 0.014285714285714285, "12": 0.125},
  "recall": 0.022145328719723183,
  "scene_recalls": {"2": 0.022145328719723183},
  "targets_count": 1445,
  "tp_count": 32
}