{
  "gt_count": 1517,
  "mean_obj_recall": 0.1833878246705541,
  "mean_scene_recall": 0.1847750865051903,
  "obj_recalls": {"1": 0.05142857142857143, "5": 0.12060301507537688, "6": 0.07602339181286549, "8": 0.28, "9": 0.2833333333333333, "10": 0.0, "11": 0.2857142857142857, "12": 0.37},
  "recall": 0.1847750865051903,
  "scene_recalls": {"2": 0.1847750865051903},
  "targets_count": 1445,
  "tp_count": 267
}