{
  "gt_count": 1517,
  "mean_obj_recall": 0.06787964204900862,
  "mean_scene_recall": 0.0685121107266436,
  "obj_recalls": {"1": 0.011428571428571429, "5": 0.03015075376884422, "6": 0.011695906432748537, "8": 0.065, "9": 0.08333333333333333, "10": 0.0, "11": 0.12142857142857143, "12": 0.22},
  "recall": 0.0685121107266436,
  "scene_recalls": {"2": 0.0685121107266436},
  "targets_count": 1445,
  "tp_count": 99
}