{
  "gt_count": 1517,
  "mean_obj_recall": 0.12623498392127724,
  "mean_scene_recall": 0.128719723183391,
  "obj_recalls": {"1": 0.022857142857142857, "5": 0.08040201005025126, "6": 0.029239766081871343, "8": 0.205, "9": 0.16666666666666666, "10": 0.0, "11": 0.18571428571428572, "12": 0.32},
  "recall": 0.128719723183391,
  "scene_recalls": {"2": 0.128719723183391},
  "targets_count": 1445,
  "tp_count": 186
}