{
  "gt_count": 1517,
  "mean_obj_recall": 0.09874903443701381,
  "mean_scene_recall": 0.10034602076124567,
  "obj_recalls": {"1": 0.011428571428571429, "5": 0.05025125628140704, "6": 0.023391812865497075, "8": 0.14, "9": 0.12777777777777777, "10": 0.0, "11": 0.15714285714285714, "12": 0.28},
  "recall": 0.10034602076124567,
  "scene_recalls": {"2": 0.10034602076124567},
  "targets_count": 1445,
  "tp_count": 145
}