{
  "gt_count": 1517,
  "mean_obj_recall": 0.04016815226928292,
  "mean_scene_recall": 0.04152249134948097,
  "obj_recalls": {"1": 0.005714285714285714, "5": 0.01507537688442211, "6": 0.0, "8": 0.025, "9": 0.05555555555555555, "10": 0.0, "11": 0.05, "12": 0.17},
  "recall": 0.04152249134948097,
  "scene_recalls": {"2": 0.04152249134948097},
  "targets_count": 1445,
  "tp_count": 60
}