{
  "gt_count": 1517,
  "mean_obj_recall": 0.004107142857142857,
  "mean_scene_recall": 0.004152249134948097,
  "obj_recalls": {"1": 0.005714285714285714, "5": 0.0, "6": 0.0, "8": 0.0, "9": 0.0, "10": 0.0, "11": 0.007142857142857143, "12": 0.02},
  "recall": 0.004152249134948097,
  "scene_recalls": {"2": 0.004152249134948097},
  "targets_count": 1445,
  "tp_count": 6
}