{
  "gt_count": 1517,
  "mean_obj_recall": 0.08265612733676739,
  "mean_scene_recall": 0.08581314878892733,
  "obj_recalls": {"1": 0.011428571428571429, "5": 0.005025125628140704, "6": 0.029239766081871343, "8": 0.23, "9": 0.0, "10": 0.05555555555555555, "11": 0.1, "12": 0.23},
  "recall": 0.08581314878892733,
  "scene_recalls": {"2": 0.08581314878892733},
  "targets_count": 1445,
  "tp_count": 124
}