{
  "gt_count": 1517,
  "mean_obj_recall": 0.05767230576441103,
  "mean_scene_recall": 0.05951557093425606,
  "obj_recalls": {"1": 0.005714285714285714, "5": 0.0, "6": 0.011695906432748537, "8": 0.15, "9": 0.0, "10": 0.011111111111111112, "11": 0.09285714285714286, "12": 0.19},
  "recall": 0.05951557093425606,
  "scene_recalls": {"2": 0.05951557093425606},
  "targets_count": 1445,
  "tp_count": 86
}