{
  "gt_count": 1517,
  "mean_obj_recall": 0.009748851294903927,
  "mean_scene_recall": 0.009688581314878892,
  "obj_recalls": {"1": 0.005714285714285714, "5": 0.0, "6": 0.005847953216374269, "8": 0.005, "9": 0.0, "10": 0.0, "11": 0.02142857142857143, "12": 0.04},
  "recall": 0.009688581314878892,
  "scene_recalls": {"2": 0.009688581314878892},
  "targets_count": 1445,
  "tp_count": 14
}