{
  "gt_count": 1517,
  "mean_obj_recall": 0.01940841687552214,
  "mean_scene_recall": 0.019377162629757784,
  "obj_recalls": {"1": 0.005714285714285714, "5": 0.0, "6": 0.011695906432748537, "8": 0.015, "9": 0.0, "10": 0.0, "11": 0.04285714285714286, "12": 0.08},
  "recall": 0.019377162629757784,
  "scene_recalls": {"2": 0.019377162629757784},
  "targets_count": 1445,
  "tp_count": 28
}