{
  "gt_count": 1517,
  "mean_obj_recall": 0.03583698830409357,
  "mean_scene_recall": 0.03667820069204152,
  "obj_recalls": {"1": 0.005714285714285714, "5": 0.0, "6": 0.011695906432748537, "8": 0.07, "9": 0.0, "10": 0.0, "11": 0.06428571428571428, "12": 0.135},
  "recall": 0.03667820069204152,
  "scene_recalls": {"2": 0.03667820069204152},
  "targets_count": 1445,
  "tp_count": 53
}