{
  "gt_count": 1517,
  "mean_obj_recall": 0.488150597914384,
  "mean_scene_recall": 0.4844290657439446,
  "obj_recalls": {"1": 0.5542857142857143, "5": 0.3417085427135678, "6": 0.3508771929824561, "8": 0.47, "9": 0.4444444444444444, "10": 0.5888888888888889, "11": 0.6, "12": 0.555},
  "recall": 0.4844290657439446,
  "scene_recalls": {"2": 0.4844290657439446},
  "targets_count": 1445,
  "tp_count": 700
}