{
  "gt_count": 1517,
  "mean_obj_recall": 0.7404280303984416,
  "mean_scene_recall": 0.7384083044982699,
  "obj_recalls": {"1": 0.7085714285714285, "5": 0.5879396984924623, "6": 0.7017543859649122, "8": 0.695, "9": 0.8611111111111112, "10": 0.8833333333333333, "11": 0.7357142857142858, "12": 0.75},
  "recall": 0.7384083044982699,
  "scene_recalls": {"2": 0.7384083044982699},
  "targets_count": 1445,
  "tp_count": 1067
}