{
  "gt_count": 1517,
  "mean_obj_recall": 0.06821536934883272,
  "mean_scene_recall": 0.0698961937716263,
  "obj_recalls": {"1": 0.05142857142857143, "5": 0.02512562814070352, "6": 0.06432748538011696, "8": 0.01, "9": 0.011111111111111112, "10": 0.044444444444444446, "11": 0.06428571428571428, "12": 0.275},
  "recall": 0.0698961937716263,
  "scene_recalls": {"2": 0.0698961937716263},
  "targets_count": 1445,
  "tp_count": 101
}