{
  "gt_count": 1517,
  "mean_obj_recall": 0.01717628188981667,
  "mean_scene_recall": 0.017993079584775088,
  "obj_recalls": {"1": 0.0, "5": 0.005025125628140704, "6": 0.017543859649122806, "8": 0.0, "9": 0.0, "10": 0.005555555555555556, "11": 0.014285714285714285, "12": 0.095},
  "recall": 0.017993079584775088,
  "scene_recalls": {"2": 0.017993079584775088},
  "targets_count": 1445,
  "tp_count": 26
}