{
  "gt_count": 1517,
  "mean_obj_recall": 0.14901485812521253,
  "mean_scene_recall": 0.14878892733564014,
  "obj_recalls": {"1": 0.18857142857142858, "5": 0.08542713567839195, "6": 0.10526315789473684, "8": 0.08, "9": 0.06111111111111111, "10": 0.1388888888888889, "11": 0.19285714285714287, "12": 0.34},
  "recall": 0.14878892733564014,
  "scene_recalls": {"2": 0.14878892733564014},
  "targets_count": 1445,
  "tp_count": 215
}