{
  "gt_count": 1517,
  "mean_obj_recall": 0.6846186524728908,
  "mean_scene_recall": 0.6823529411764706,
  "obj_recalls": {"1": 0.6628571428571428, "5": 0.5477386934673367, "6": 0.5730994152046783, "8": 0.62, "9": 0.8277777777777777, "10": 0.8333333333333334, "11": 0.7071428571428572, "12": 0.705},
  "recall": 0.6823529411764706,
  "scene_recalls": {"2": 0.6823529411764706},
  "targets_count": 1445,
  "tp_count": 986
}