{
  "gt_count": 1517,
  "mean_obj_recall": 0.3708196291608418,
  "mean_scene_recall": 0.3674740484429066,
  "obj_recalls": {"1": 0.42857142857142855, "5": 0.25125628140703515, "6": 0.2631578947368421, "8": 0.335, "9": 0.29444444444444445, "10": 0.45555555555555555, "11": 0.4785714285714286, "12": 0.46},
  "recall": 0.3674740484429066,
  "scene_recalls": {"2": 0.3674740484429066},
  "targets_count": 1445,
  "tp_count": 531
}