{
  "gt_count": 1517,
  "mean_obj_recall": 0.6030306713181615,
  "mean_scene_recall": 0.5993079584775086,
  "obj_recalls": {"1": 0.6171428571428571, "5": 0.4472361809045226, "6": 0.43859649122807015, "8": 0.545, "9": 0.7166666666666667, "10": 0.7388888888888889, "11": 0.6857142857142857, "12": 0.635},
  "recall": 0.5993079584775086,
  "scene_recalls": {"2": 0.5993079584775086},
  "targets_count": 1445,
  "tp_count": 866
}