{
  "gt_count": 1517,
  "mean_obj_recall": 0.0540998880156841,
  "mean_scene_recall": 0.05397923875432526,
  "obj_recalls": {"1": 0.02857142857142857, "5": 0.035175879396984924, "6": 0.017543859649122806, "8": 0.065, "9": 0.14444444444444443, "10": 0.027777777777777776, "11": 0.06428571428571428, "12": 0.05},
  "recall": 0.05397923875432526,
  "scene_recalls": {"2": 0.05397923875432526},
  "targets_count": 1445,
  "tp_count": 78
}