{
  "gt_count": 1517,
  "mean_obj_recall": 0.3261022400011755,
  "mean_scene_recall": 0.32664359861591696,
  "obj_recalls": {"1": 0.2342857142857143, "5": 0.33668341708542715, "6": 0.1871345029239766, "8": 0.295, "9": 0.5277777777777778, "10": 0.2222222222222222, "11": 0.38571428571428573, "12": 0.42},
  "recall": 0.32664359861591696,
  "scene_recalls": {"2": 0.32664359861591696},
  "targets_count": 1445,
  "tp_count": 472
}