{
  "gt_count": 1517,
  "mean_obj_recall": 0.01849520419558108,
  "mean_scene_recall": 0.018685121107266434,
  "obj_recalls": {"1": 0.011428571428571429, "5": 0.005025125628140704, "6": 0.0, "8": 0.015, "9": 0.05555555555555555, "10": 0.016666666666666666, "11": 0.014285714285714285, "12": 0.03},
  "recall": 0.018685121107266434,
  "scene_recalls": {"2": 0.018685121107266434},
  "targets_count": 1445,
  "tp_count": 27
}