{
  "gt_count": 1517,
  "mean_obj_recall": 0.12264425983299958,
  "mean_scene_recall": 0.12179930795847752,
  "obj_recalls": {"1": 0.09142857142857143, "5": 0.09547738693467336, "6": 0.06432748538011696, "8": 0.105, "9": 0.25555555555555554, "10": 0.07222222222222222, "11": 0.15714285714285714, "12": 0.14},
  "recall": 0.12179930795847752,
  "scene_recalls": {"2": 0.12179930795847752},
  "targets_count": 1445,
  "tp_count": 176
}