{
  "gt_count": 1517,
  "mean_obj_recall": 0.43595104805565,
  "mean_scene_recall": 0.43737024221453286,
  "obj_recalls": {"1": 0.38285714285714284, "5": 0.4824120603015075, "6": 0.26900584795321636, "8": 0.385, "9": 0.6333333333333333, "10": 0.4, "11": 0.45, "12": 0.485},
  "recall": 0.43737024221453286,
  "scene_recalls": {"2": 0.43737024221453286},
  "targets_count": 1445,
  "tp_count": 632
}