{
  "gt_count": 1517,
  "mean_obj_recall": 0.5255543643446976,
  "mean_scene_recall": 0.5266435986159169,
  "obj_recalls": {"1": 0.49142857142857144, "5": 0.5728643216080402, "6": 0.3742690058479532, "8": 0.46, "9": 0.6833333333333333, "10": 0.5611111111111111, "11": 0.5214285714285715, "12": 0.54},
  "recall": 0.5266435986159169,
  "scene_recalls": {"2": 0.5266435986159169},
  "targets_count": 1445,
  "tp_count": 761
}