{
  "gt_count": 1517,
  "mean_obj_recall": 0.6125636484427148,
  "mean_scene_recall": 0.613840830449827,
  "obj_recalls": {"1": 0.5657142857142857, "5": 0.6331658291457286, "6": 0.5087719298245614, "8": 0.535, "9": 0.7333333333333333, "10": 0.6666666666666666, "11": 0.5928571428571429, "12": 0.665},
  "recall": 0.613840830449827,
  "scene_recalls": {"2": 0.613840830449827},
  "targets_count": 1445,
  "tp_count": 887
}