{
  "gt_count": 1517,
  "mean_obj_recall": 0.21635941035587294,
  "mean_scene_recall": 0.21591695501730104,
  "obj_recalls": {"1": 0.14857142857142858, "5": 0.18090452261306533, "6": 0.09941520467836257, "8": 0.2, "9": 0.4222222222222222, "10": 0.13333333333333333, "11": 0.2714285714285714, "12": 0.275},
  "recall": 0.21591695501730104,
  "scene_recalls": {"2": 0.21591695501730104},
  "targets_count": 1445,
  "tp_count": 312
}