{
  "gt_count": 1517,
  "mean_obj_recall": 0.6069435392291449,
  "mean_scene_recall": 0.6062283737024221,
  "obj_recalls": {"1": 0.7028571428571428, "5": 0.4221105527638191, "6": 0.43859649122807015, "8": 0.605, "9": 0.7888888888888889, "10": 0.5666666666666667, "11": 0.6214285714285714, "12": 0.71},
  "recall": 0.6062283737024221,
  "scene_recalls": {"2": 0.6062283737024221},
  "targets_count": 1445,
  "tp_count": 876
}