{
  "gt_count": 1517,
  "mean_obj_recall": 0.4963068790065617,
  "mean_scene_recall": 0.4961937716262976,
  "obj_recalls": {"1": 0.56, "5": 0.31155778894472363, "6": 0.2573099415204678, "8": 0.55, "9": 0.7, "10": 0.39444444444444443, "11": 0.5571428571428572, "12": 0.64},
  "recall": 0.4961937716262976,
  "scene_recalls": {"2": 0.4961937716262976},
  "targets_count": 1445,
  "tp_count": 717
}