{
  "gt_count": 1517,
  "mean_obj_recall": 0.2511880701544481,
  "mean_scene_recall": 0.2546712802768166,
  "obj_recalls": {"1": 0.2, "5": 0.1306532663316583, "6": 0.06432748538011696, "8": 0.39, "9": 0.35555555555555557, "10": 0.1111111111111111, "11": 0.29285714285714287, "12": 0.465},
  "recall": 0.2546712802768166,
  "scene_recalls": {"2": 0.2546712802768166},
  "targets_count": 1445,
  "tp_count": 368
}