{
  "gt_count": 1517,
  "mean_obj_recall": 0.0705216716414151,
  "mean_scene_recall": 0.07335640138408304,
  "obj_recalls": {"1": 0.04, "5": 0.035175879396984924, "6": 0.011695906432748537, "8": 0.095, "9": 0.12777777777777777, "10": 0.016666666666666666, "11": 0.04285714285714286, "12": 0.195},
  "recall": 0.07335640138408304,
  "scene_recalls": {"2": 0.07335640138408304},
  "targets_count": 1445,
  "tp_count": 106
}