{
  "gt_count": 1517,
  "mean_obj_recall": 0.35965938191374586,
  "mean_scene_recall": 0.36262975778546713,
  "obj_recalls": {"1": 0.37142857142857144, "5": 0.21608040201005024, "6": 0.1286549707602339, "8": 0.49, "9": 0.5277777777777778, "10": 0.18333333333333332, "11": 0.4, "12": 0.56},
  "recall": 0.36262975778546713,
  "scene_recalls": {"2": 0.36262975778546713},
  "targets_count": 1445,
  "tp_count": 524
}