{
  "gt_count": 1517,
  "mean_obj_recall": 0.7066706496139847,
  "mean_scene_recall": 0.7051903114186852,
  "obj_recalls": {"1": 0.8171428571428572, "5": 0.542713567839196, "6": 0.6257309941520468, "8": 0.66, "9": 0.8333333333333334, "10": 0.6944444444444444, "11": 0.7, "12": 0.78},
  "recall": 0.7051903114186852,
  "scene_recalls": {"2": 0.7051903114186852},
  "targets_count": 1445,
  "tp_count": 1019
}