{
  "gt_count": 1517,
  "mean_obj_recall": 0.46207496599539044,
  "mean_scene_recall": 0.46643598615916954,
  "obj_recalls": {"1": 0.4514285714285714, "5": 0.6582914572864321, "6": 0.3391812865497076, "8": 0.235, "9": 0.6222222222222222, "10": 0.3333333333333333, "11": 0.40714285714285714, "12": 0.65},
  "recall": 0.46643598615916954,
  "scene_recalls": {"2": 0.46643598615916954},
  "targets_count": 1445,
  "tp_count": 674
}