{
  "gt_count": 1517,
  "mean_obj_recall": 0.5087025352325538,
  "mean_scene_recall": 0.5128027681660899,
  "obj_recalls": {"1": 0.48, "5": 0.6984924623115578, "6": 0.40350877192982454, "8": 0.305, "9": 0.6777777777777778, "10": 0.35555555555555557, "11": 0.4642857142857143, "12": 0.685},
  "recall": 0.5128027681660899,
  "scene_recalls": {"2": 0.5128027681660899},
  "targets_count": 1445,
  "tp_count": 741
}