{
  "gt_count": 1517,
  "mean_obj_recall": 0.3265687302426922,
  "mean_scene_recall": 0.3301038062283737,
  "obj_recalls": {"1": 0.30857142857142855, "5": 0.47738693467336685, "6": 0.23976608187134502, "8": 0.15, "9": 0.48333333333333334, "10": 0.17777777777777778, "11": 0.2857142857142857, "12": 0.49},
  "recall": 0.3301038062283737,
  "scene_recalls": {"2": 0.3301038062283737},
  "targets_count": 1445,
  "tp_count": 477
}