{
  "gt_count": 1517,
  "mean_obj_recall": 0.10148832350977946,
  "mean_scene_recall": 0.10380622837370242,
  "obj_recalls": {"1": 0.12, "5": 0.1457286432160804, "6": 0.05847953216374269, "8": 0.09, "9": 0.16666666666666666, "10": 0.03888888888888889, "11": 0.05714285714285714, "12": 0.135},
  "recall": 0.10380622837370242,
  "scene_recalls": {"2": 0.10380622837370242},
  "targets_count": 1445,
  "tp_count": 150
}