{
  "gt_count": 1517,
  "mean_obj_recall": 0.5675423588283943,
  "mean_scene_recall": 0.5730103806228374,
  "obj_recalls": {"1": 0.5485714285714286, "5": 0.7085427135678392, "6": 0.4327485380116959, "8": 0.5, "9": 0.7388888888888889, "10": 0.39444444444444443, "11": 0.5071428571428571, "12": 0.71},
  "recall": 0.5730103806228374,
  "scene_recalls": {"2": 0.5730103806228374},
  "targets_count": 1445,
  "tp_count": 828
}