{
  "gt_count": 1517,
  "mean_obj_recall": 0.015019350616910787,
  "mean_scene_recall": 0.01522491349480969,
  "obj_recalls": {"1": 0.03428571428571429, "5": 0.020100502512562814, "6": 0.005847953216374269, "8": 0.02, "9": 0.027777777777777776, "10": 0.0, "11": 0.007142857142857143, "12": 0.005},
  "recall": 0.01522491349480969,
  "scene_recalls": {"2": 0.01522491349480969},
  "targets_count": 1445,
  "tp_count": 22
}