{
  "gt_count": 1517,
  "mean_obj_recall": 0.5396846938325713,
  "mean_scene_recall": 0.5446366782006921,
  "obj_recalls": {"1": 0.5257142857142857, "5": 0.7085427135678392, "6": 0.4152046783625731, "8": 0.395, "9": 0.7166666666666667, "10": 0.37777777777777777, "11": 0.4785714285714286, "12": 0.7},
  "recall": 0.5446366782006921,
  "scene_recalls": {"2": 0.5446366782006921},
  "targets_count": 1445,
  "tp_count": 787
}