{
  "gt_count": 1517,
  "mean_obj_recall": 0.21782790046724854,
  "mean_scene_recall": 0.22076124567474048,
  "obj_recalls": {"1": 0.24, "5": 0.3316582914572864, "6": 0.16374269005847952, "8": 0.13, "9": 0.34444444444444444, "10": 0.12777777777777777, "11": 0.15, "12": 0.255},
  "recall": 0.22076124567474048,
  "scene_recalls": {"2": 0.22076124567474048},
  "targets_count": 1445,
  "tp_count": 319
}