{
  "gt_count": 1517,
  "mean_obj_recall": 0.5976050390843104,
  "mean_scene_recall": 0.6041522491349481,
  "obj_recalls": {"1": 0.5714285714285714, "5": 0.7236180904522613, "6": 0.4444444444444444, "8": 0.61, "9": 0.7722222222222223, "10": 0.40555555555555556, "11": 0.5285714285714286, "12": 0.725},
  "recall": 0.6041522491349481,
  "scene_recalls": {"2": 0.6041522491349481},
  "targets_count": 1445,
  "tp_count": 873
}