{
  "gt_count": 1517,
  "mean_obj_recall": 0.40496229843872666,
  "mean_scene_recall": 0.40899653979238754,
  "obj_recalls": {"1": 0.38857142857142857, "5": 0.5979899497487438, "6": 0.28654970760233917, "8": 0.18, "9": 0.5777777777777777, "10": 0.26666666666666666, "11": 0.35714285714285715, "12": 0.585},
  "recall": 0.40899653979238754,
  "scene_recalls": {"2": 0.40899653979238754},
  "targets_count": 1445,
  "tp_count": 591
}