{
  "gt_count": 1517,
  "mean_obj_recall": 0.0558229299169196,
  "mean_scene_recall": 0.058823529411764705,
  "obj_recalls": {"1": 0.05714285714285714, "5": 0.02512562814070352, "6": 0.011695906432748537, "8": 0.075, "9": 0.05555555555555555, "10": 0.027777777777777776, "11": 0.014285714285714285, "12": 0.18},
  "recall": 0.058823529411764705,
  "scene_recalls": {"2": 0.058823529411764705},
  "targets_count": 1445,
  "tp_count": 85
}