{
  "gt_count": 1517,
  "mean_obj_recall": 0.14676230463092405,
  "mean_scene_recall": 0.15294117647058825,
  "obj_recalls": {"1": 0.14285714285714285, "5": 0.05527638190954774, "6": 0.05263157894736842, "8": 0.155, "9": 0.12222222222222222, "10": 0.16111111111111112, "11": 0.05, "12": 0.435},
  "recall": 0.15294117647058825,
  "scene_recalls": {"2": 0.15294117647058825},
  "targets_count": 1445,
  "tp_count": 221
}