{
  "gt_count": 1517,
  "mean_obj_recall": 0.3716283511332771,
  "mean_scene_recall": 0.3806228373702422,
  "obj_recalls": {"1": 0.4, "5": 0.20603015075376885, "6": 0.27485380116959063, "8": 0.4, "9": 0.43333333333333335, "10": 0.4166666666666667, "11": 0.15714285714285714, "12": 0.685},
  "recall": 0.3806228373702422,
  "scene_recalls": {"2": 0.3806228373702422},
  "targets_count": 1445,
  "tp_count": 550
}