{
  "gt_count": 1517,
  "mean_obj_recall": 0.5021178784482143,
  "mean_scene_recall": 0.5121107266435986,
  "obj_recalls": {"1": 0.52, "5": 0.3869346733668342, "6": 0.3684210526315789, "8": 0.51, "9": 0.6277777777777778, "10": 0.5666666666666667, "11": 0.2571428571428571, "12": 0.78},
  "recall": 0.5121107266435986,
  "scene_recalls": {"2": 0.5121107266435986},
  "targets_count": 1445,
  "tp_count": 740
}