{
  "gt_count": 1517,
  "mean_obj_recall": 0.6121489916163944,
  "mean_scene_recall": 0.6207612456747404,
  "obj_recalls": {"1": 0.6114285714285714, "5": 0.5829145728643216, "6": 0.52046783625731, "8": 0.58, "9": 0.7166666666666667, "10": 0.7, "11": 0.38571428571428573, "12": 0.8},
  "recall": 0.6207612456747404,
  "scene_recalls": {"2": 0.6207612456747404},
  "targets_count": 1445,
  "tp_count": 897
}