{
  "gt_count": 1517,
  "mean_obj_recall": 0.7023638188855723,
  "mean_scene_recall": 0.7086505190311418,
  "obj_recalls": {"1": 0.7085714285714285, "5": 0.7286432160804021, "6": 0.6783625730994152, "8": 0.62, "9": 0.7944444444444444, "10": 0.7888888888888889, "11": 0.5, "12": 0.8},
  "recall": 0.7086505190311418,
  "scene_recalls": {"2": 0.7086505190311418},
  "targets_count": 1445,
  "tp_count": 1024
}