{
  "gt_count": 1517,
  "mean_obj_recall": 0.01441104331179708,
  "mean_scene_recall": 0.01522491349480969,
  "obj_recalls": {"1": 0.02857142857142857, "5": 0.010050251256281407, "6": 0.0, "8": 0.015, "9": 0.0, "10": 0.016666666666666666, "11": 0.0, "12": 0.045},
  "recall": 0.01522491349480969,
  "scene_recalls": {"2": 0.01522491349480969},
  "targets_count": 1445,
  "tp_count": 22
}