{
  "gt_count": 1517,
  "mean_obj_recall": 0.2602058721972435,
  "mean_scene_recall": 0.26782006920415224,
  "obj_recalls": {"1": 0.3028571428571429, "5": 0.09547738693467336, "6": 0.13450292397660818, "8": 0.285, "9": 0.2777777777777778, "10": 0.28888888888888886, "11": 0.10714285714285714, "12": 0.59},
  "recall": 0.26782006920415224,
  "scene_recalls": {"2": 0.26782006920415224},
  "targets_count": 1445,
  "tp_count": 387
}