{
  "gt_count": 1517,
  "mean_obj_recall": 0.6201122073399579,
  "mean_scene_recall": 0.6249134948096886,
  "obj_recalls": {"1": 0.7028571428571428, "5": 0.6331658291457286, "6": 0.47368421052631576, "8": 0.53, "9": 0.8111111111111111, "10": 0.5722222222222222, "11": 0.4928571428571429, "12": 0.745},
  "recall": 0.6249134948096886,
  "scene_recalls": {"2": 0.6249134948096886},
  "targets_count": 1445,
  "tp_count": 903
}