{
  "gt_count": 1517,
  "mean_obj_recall": 0.39478844462496276,
  "mean_scene_recall": 0.4,
  "obj_recalls": {"1": 0.5771428571428572, "5": 0.27638190954773867, "6": 0.30994152046783624, "8": 0.265, "9": 0.5722222222222222, "10": 0.2833333333333333, "11": 0.21428571428571427, "12": 0.66},
  "recall": 0.4,
  "scene_recalls": {"2": 0.4},
  "targets_count": 1445,
  "tp_count": 578
}