{
  "gt_count": 1517,
  "mean_obj_recall": 0.7658716960953473,
  "mean_scene_recall": 0.7667820069204152,
  "obj_recalls": {"1": 0.8057142857142857, "5": 0.8241206030150754, "6": 0.6491228070175439, "8": 0.59, "9": 0.8666666666666667, "10": 0.8277777777777777, "11": 0.7285714285714285, "12": 0.835},
  "recall": 0.7667820069204152,
  "scene_recalls": {"2": 0.7667820069204152},
  "targets_count": 1445,
  "tp_count": 1108
}