{
  "gt_count": 1517,
  "mean_obj_recall": 0.27230335050356214,
  "mean_scene_recall": 0.2775086505190311,
  "obj_recalls": {"1": 0.42857142857142855, "5": 0.12562814070351758, "6": 0.19883040935672514, "8": 0.16, "9": 0.37777777777777777, "10": 0.18333333333333332, "11": 0.11428571428571428, "12": 0.59},
  "recall": 0.2775086505190311,
  "scene_recalls": {"2": 0.2775086505190311},
  "targets_count": 1445,
  "tp_count": 401
}