{
  "gt_count": 1517,
  "mean_obj_recall": 0.5227293658140326,
  "mean_scene_recall": 0.5273356401384083,
  "obj_recalls": {"1": 0.6514285714285715, "5": 0.4271356783919598, "6": 0.40350877192982454, "8": 0.44, "9": 0.7611111111111111, "10": 0.4222222222222222, "11": 0.37142857142857144, "12": 0.705},
  "recall": 0.5273356401384083,
  "scene_recalls": {"2": 0.5273356401384083},
  "targets_count": 1445,
  "tp_count": 762
}