{
  "gt_count": 1517,
  "mean_obj_recall": 0.7155885788592082,
  "mean_scene_recall": 0.7169550173010381,
  "obj_recalls": {"1": 0.7657142857142857, "5": 0.7487437185929648, "6": 0.6081871345029239, "8": 0.55, "9": 0.8555555555555555, "10": 0.7222222222222222, "11": 0.6642857142857143, "12": 0.81},
  "recall": 0.7169550173010381,
  "scene_recalls": {"2": 0.7169550173010381},
  "targets_count": 1445,
  "tp_count": 1036
}