{
  "gt_count": 1517,
  "mean_obj_recall": 0.17943092393882526,
  "mean_scene_recall": 0.18408304498269895,
  "obj_recalls": {"1": 0.3314285714285714, "5": 0.035175879396984924, "6": 0.14035087719298245, "8": 0.05, "9": 0.18888888888888888, "10": 0.1388888888888889, "11": 0.03571428571428571, "12": 0.515},
  "recall": 0.18408304498269895,
  "scene_recalls": {"2": 0.18408304498269895},
  "targets_count": 1445,
  "tp_count": 266
}