{
  "gt_count": 1517,
  "mean_obj_recall": 0.09776580794532394,
  "mean_scene_recall": 0.10242214532871972,
  "obj_recalls": {"1": 0.12571428571428572, "5": 0.02512562814070352, "6": 0.07017543859649122, "8": 0.005, "9": 0.08888888888888889, "10": 0.07222222222222222, "11": 0.0, "12": 0.395},
  "recall": 0.10242214532871972,
  "scene_recalls": {"2": 0.10242214532871972},
  "targets_count": 1445,
  "tp_count": 148
}