{
  "gt_count": 1517,
  "mean_obj_recall": 0.20038288508121224,
  "mean_scene_recall": 0.20346020761245676,
  "obj_recalls": {"1": 0.2, "5": 0.10050251256281408, "6": 0.19883040935672514, "8": 0.255, "9": 0.2777777777777778, "10": 0.016666666666666666, "11": 0.16428571428571428, "12": 0.39},
  "recall": 0.20346020761245676,
  "scene_recalls": {"2": 0.20346020761245676},
  "targets_count": 1445,
  "tp_count": 294
}