{
  "gt_count": 1517,
  "mean_obj_recall": 0.40272388466979847,
  "mean_scene_recall": 0.4006920415224913,
  "obj_recalls": {"1": 0.35428571428571426, "5": 0.2613065326633166, "6": 0.2573099415204678, "8": 0.71, "9": 0.35, "10": 0.1388888888888889, "11": 0.65, "12": 0.5},
  "recall": 0.4006920415224913,
  "scene_recalls": {"2": 0.4006920415224913},
  "targets_count": 1445,
  "tp_count": 579
}