{
  "gt_count": 1517,
  "mean_obj_recall": 0.08988255028274203,
  "mean_scene_recall": 0.09204152249134948,
  "obj_recalls": {"1": 0.08, "5": 0.020100502512562814, "6": 0.07602339181286549, "8": 0.06, "9": 0.21666666666666667, "10": 0.005555555555555556, "11": 0.03571428571428571, "12": 0.225},
  "recall": 0.09204152249134948,
  "scene_recalls": {"2": 0.09204152249134948},
  "targets_count": 1445,
  "tp_count": 133
}