{
  "gt_count": 1517,
  "mean_obj_recall": 0.2942734899434516,
  "mean_scene_recall": 0.2955017301038062,
  "obj_recalls": {"1": 0.2571428571428571, "5": 0.19597989949748743, "6": 0.25146198830409355, "8": 0.46, "9": 0.3, "10": 0.03888888888888889, "11": 0.38571428571428573, "12": 0.465},
  "recall": 0.2955017301038062,
  "scene_recalls": {"2": 0.2955017301038062},
  "targets_count": 1445,
  "tp_count": 427
}