{
  "gt_count": 1517,
  "mean_obj_recall": 0.38159293228884605,
  "mean_scene_recall": 0.37993079584775086,
  "obj_recalls": {"1": 0.2857142857142857, "5": 0.2613065326633166, "6": 0.2573099415204678, "8": 0.705, "9": 0.3277777777777778, "10": 0.07777777777777778, "11": 0.6428571428571429, "12": 0.495},
  "recall": 0.37993079584775086,
  "scene_recalls": {"2": 0.37993079584775086},
  "targets_count": 1445,
  "tp_count": 549
}