{
  "gt_count": 1517,
  "mean_obj_recall": 0.3599429583170657,
  "mean_scene_recall": 0.3591695501730104,
  "obj_recalls": {"1": 0.28, "5": 0.25125628140703515, "6": 0.25146198830409355, "8": 0.66, "9": 0.3111111111111111, "10": 0.05, "11": 0.5857142857142857, "12": 0.49},
  "recall": 0.3591695501730104,
  "scene_recalls": {"2": 0.3591695501730104},
  "targets_count": 1445,
  "tp_count": 519
}