{
  "gt_count": 1517,
  "mean_obj_recall": 0.01935202589807853,
  "mean_scene_recall": 0.020069204152249134,
  "obj_recalls": {"1": 0.005714285714285714, "5": 0.0, "6": 0.005847953216374269, "8": 0.0, "9": 0.06111111111111111, "10": 0.0, "11": 0.007142857142857143, "12": 0.075},
  "recall": 0.020069204152249134,
  "scene_recalls": {"2": 0.020069204152249134},
  "targets_count": 1445,
  "tp_count": 29
}