{
  "gt_count": 1517,
  "mean_obj_recall": 0.43804238926461886,
  "mean_scene_recall": 0.43529411764705883,
  "obj_recalls": {"1": 0.4685714285714286, "5": 0.2613065326633166, "6": 0.29239766081871343, "8": 0.72, "9": 0.38333333333333336, "10": 0.19444444444444445, "11": 0.6642857142857143, "12": 0.52},
  "recall": 0.43529411764705883,
  "scene_recalls": {"2": 0.43529411764705883},
  "targets_count": 1445,
  "tp_count": 629
}