{
  "gt_count": 1517,
  "mean_obj_recall": 0.37433102752694125,
  "mean_scene_recall": 0.37301038062283737,
  "obj_recalls": {"1": 0.2857142857142857, "5": 0.2613065326633166, "6": 0.2573099415204678, "8": 0.69, "9": 0.3277777777777778, "10": 0.06111111111111111, "11": 0.6214285714285714, "12": 0.49},
  "recall": 0.37301038062283737,
  "scene_recalls": {"2": 0.37301038062283737},
  "targets_count": 1445,
  "tp_count": 539
}