{
  "gt_count": 1517,
  "mean_obj_recall": 0.3412263594497131,
  "mean_scene_recall": 0.3411764705882353,
  "obj_recalls": {"1": 0.26857142857142857, "5": 0.24120603015075376, "6": 0.25146198830409355, "8": 0.6, "9": 0.3055555555555556, "10": 0.044444444444444446, "11": 0.5285714285714286, "12": 0.49},
  "recall": 0.3411764705882353,
  "scene_recalls": {"2": 0.3411764705882353},
  "targets_count": 1445,
  "tp_count": 493
}