{
  "gt_count": 1517,
  "mean_obj_recall": 0.3883116711376431,
  "mean_scene_recall": 0.37785467128027683,
  "obj_recalls": {"1": 0.19428571428571428, "5": 0.1708542713567839, "6": 0.23976608187134502, "8": 0.475, "9": 0.022222222222222223, "10": 0.8722222222222222, "11": 0.7571428571428571, "12": 0.375},
  "recall": 0.37785467128027683,
  "scene_recalls": {"2": 0.37785467128027683},
  "targets_count": 1445,
  "tp_count": 546
}