{
  "gt_count": 1517,
  "mean_obj_recall": 0.17139366685138308,
  "mean_scene_recall": 0.17647058823529413,
  "obj_recalls": {"1": 0.33714285714285713, "5": 0.05025125628140704, "6": 0.10526315789473684, "8": 0.055, "9": 0.13333333333333333, "10": 0.14444444444444443, "11": 0.03571428571428571, "12": 0.51},
  "recall": 0.17647058823529413,
  "scene_recalls": {"2": 0.17647058823529413},
  "targets_count": 1445,
  "tp_count": 255
}