{
  "gt_count": 1517,
  "mean_obj_recall": 0.6048035131799347,
  "mean_scene_recall": 0.6089965397923875,
  "obj_recalls": {"1": 0.7257142857142858, "5": 0.5628140703517588, "6": 0.4678362573099415, "8": 0.475, "9": 0.7944444444444444, "10": 0.5833333333333334, "11": 0.4642857142857143, "12": 0.765},
  "recall": 0.6089965397923875,
  "scene_recalls": {"2": 0.6089965397923875},
  "targets_count": 1445,
  "tp_count": 880
}