{
  "gt_count": 1517,
  "mean_obj_recall": 0.5058459328807782,
  "mean_scene_recall": 0.510726643598616,
  "obj_recalls": {"1": 0.6742857142857143, "5": 0.3768844221105528, "6": 0.39766081871345027, "8": 0.415, "9": 0.7055555555555556, "10": 0.4166666666666667, "11": 0.3357142857142857, "12": 0.725},
  "recall": 0.510726643598616,
  "scene_recalls": {"2": 0.510726643598616},
  "targets_count": 1445,
  "tp_count": 738
}