{
  "gt_count": 1517,
  "mean_obj_recall": 0.4006018973312679,
  "mean_scene_recall": 0.40622837370242215,
  "obj_recalls": {"1": 0.6285714285714286, "5": 0.25125628140703515, "6": 0.2807017543859649, "8": 0.335, "9": 0.49444444444444446, "10": 0.35555555555555557, "11": 0.21428571428571427, "12": 0.645},
  "recall": 0.40622837370242215,
  "scene_recalls": {"2": 0.40622837370242215},
  "targets_count": 1445,
  "tp_count": 587
}