{
  "gt_count": 1517,
  "mean_obj_recall": 0.6981030964135633,
  "mean_scene_recall": 0.6982698961937717,
  "obj_recalls": {"1": 0.7714285714285715, "5": 0.6834170854271356, "6": 0.5789473684210527, "8": 0.525, "9": 0.8611111111111112, "10": 0.7277777777777777, "11": 0.6571428571428571, "12": 0.78},
  "recall": 0.6982698961937717,
  "scene_recalls": {"2": 0.6982698961937717},
  "targets_count": 1445,
  "tp_count": 1009
}