{
  "gt_count": 1517,
  "mean_obj_recall": 0.08880745099767845,
  "mean_scene_recall": 0.09273356401384084,
  "obj_recalls": {"1": 0.16, "5": 0.010050251256281407, "6": 0.05263157894736842, "8": 0.005, "9": 0.05, "10": 0.07777777777777778, "11": 0.0, "12": 0.355},
  "recall": 0.09273356401384084,
  "scene_recalls": {"2": 0.09273356401384084},
  "targets_count": 1445,
  "tp_count": 134
}