{
  "gt_count": 1517,
  "mean_obj_recall": 0.7602518308963364,
  "mean_scene_recall": 0.7598615916955017,
  "obj_recalls": {"1": 0.8171428571428572, "5": 0.7688442211055276, "6": 0.6491228070175439, "8": 0.565, "9": 0.8722222222222222, "10": 0.8611111111111112, "11": 0.7285714285714285, "12": 0.82},
  "recall": 0.7598615916955017,
  "scene_recalls": {"2": 0.7598615916955017},
  "targets_count": 1445,
  "tp_count": 1098
}