{
  "gt_count": 1517,
  "mean_obj_recall": 0.031554928989139516,
  "mean_scene_recall": 0.03321799307958478,
  "obj_recalls": {"1": 0.045714285714285714, "5": 0.0, "6": 0.023391812865497075, "8": 0.0, "9": 0.011111111111111112, "10": 0.022222222222222223, "11": 0.0, "12": 0.15},
  "recall": 0.03321799307958478,
  "scene_recalls": {"2": 0.03321799307958478},
  "targets_count": 1445,
  "tp_count": 48
}