{
  "gt_count": 1517,
  "mean_obj_recall": 0.2689439102362271,
  "mean_scene_recall": 0.2754325259515571,
  "obj_recalls": {"1": 0.4685714285714286, "5": 0.12562814070351758, "6": 0.21052631578947367, "8": 0.22, "9": 0.23333333333333334, "10": 0.22777777777777777, "11": 0.08571428571428572, "12": 0.58},
  "recall": 0.2754325259515571,
  "scene_recalls": {"2": 0.2754325259515571},
  "targets_count": 1445,
  "tp_count": 398
}