{
  "gt_count": 1517,
  "mean_obj_recall": 0.6408531536126749,
  "mean_scene_recall": 0.6470588235294118,
  "obj_recalls": {"1": 0.64, "5": 0.6532663316582915, "6": 0.6140350877192983, "8": 0.58, "9": 0.8, "10": 0.6666666666666666, "11": 0.44285714285714284, "12": 0.73},
  "recall": 0.6470588235294118,
  "scene_recalls": {"2": 0.6470588235294118},
  "targets_count": 1445,
  "tp_count": 935
}