{
  "gt_count": 1517,
  "mean_obj_recall": 0.058862299173394125,
  "mean_scene_recall": 0.061591695501730104,
  "obj_recalls": {"1": 0.06857142857142857, "5": 0.02512562814070352, "6": 0.023391812865497075, "8": 0.08, "9": 0.07222222222222222, "10": 0.044444444444444446, "11": 0.007142857142857143, "12": 0.15},
  "recall": 0.061591695501730104,
  "scene_recalls": {"2": 0.061591695501730104},
  "targets_count": 1445,
  "tp_count": 89
}