{
  "gt_count": 1517,
  "mean_obj_recall": 0.7232479256138671,
  "mean_scene_recall": 0.728719723183391,
  "obj_recalls": {"1": 0.7142857142857143, "5": 0.8090452261306532, "6": 0.695906432748538, "8": 0.615, "9": 0.85, "10": 0.7888888888888889, "11": 0.5428571428571428, "12": 0.77},
  "recall": 0.728719723183391,
  "scene_recalls": {"2": 0.728719723183391},
  "targets_count": 1445,
  "tp_count": 1053
}