{
  "gt_count": 1517,
  "mean_obj_recall": 0.5289021837466363,
  "mean_scene_recall": 0.5363321799307958,
  "obj_recalls": {"1": 0.5314285714285715, "5": 0.48743718592964824, "6": 0.4327485380116959, "8": 0.515, "9": 0.6833333333333333, "10": 0.5555555555555556, "11": 0.3357142857142857, "12": 0.69},
  "recall": 0.5363321799307958,
  "scene_recalls": {"2": 0.5363321799307958},
  "targets_count": 1445,
  "tp_count": 775
}