{
  "gt_count": 1517,
  "mean_obj_recall": 0.2639392188595442,
  "mean_scene_recall": 0.27058823529411763,
  "obj_recalls": {"1": 0.2742857142857143, "5": 0.1306532663316583, "6": 0.1695906432748538, "8": 0.27, "9": 0.2833333333333333, "10": 0.32222222222222224, "11": 0.12142857142857143, "12": 0.54},
  "recall": 0.27058823529411763,
  "scene_recalls": {"2": 0.27058823529411763},
  "targets_count": 1445,
  "tp_count": 391
}