{
  "gt_count": 1517,
  "mean_obj_recall": 0.1435386282918351,
  "mean_scene_recall": 0.14948096885813147,
  "obj_recalls": {"1": 0.14285714285714285, "5": 0.06030150753768844, "6": 0.07602339181286549, "8": 0.145, "9": 0.15555555555555556, "10": 0.15, "11": 0.02857142857142857, "12": 0.39},
  "recall": 0.14948096885813147,
  "scene_recalls": {"2": 0.14948096885813147},
  "targets_count": 1445,
  "tp_count": 216
}