{
  "gt_count": 1517,
  "mean_obj_recall": 0.3894876848738261,
  "mean_scene_recall": 0.3965397923875433,
  "obj_recalls": {"1": 0.37714285714285717, "5": 0.271356783919598, "6": 0.30994152046783624, "8": 0.4, "9": 0.4666666666666667, "10": 0.4222222222222222, "11": 0.22857142857142856, "12": 0.64},
  "recall": 0.3965397923875433,
  "scene_recalls": {"2": 0.3965397923875433},
  "targets_count": 1445,
  "tp_count": 573
}