{
  "gt_count": 1517,
  "mean_obj_recall": 0.26431146438122105,
  "mean_scene_recall": 0.27058823529411763,
  "obj_recalls": {"1": 0.4685714285714286, "5": 0.10552763819095477, "6": 0.2046783625730994, "8": 0.22, "9": 0.2222222222222222, "10": 0.22777777777777777, "11": 0.08571428571428572, "12": 0.58},
  "recall": 0.27058823529411763,
  "scene_recalls": {"2": 0.27058823529411763},
  "targets_count": 1445,
  "tp_count": 391
}