{
  "gt_count": 1517,
  "mean_obj_recall": 0.3900238504552839,
  "mean_scene_recall": 0.39515570934256056,
  "obj_recalls": {"1": 0.6171428571428571, "5": 0.22613065326633167, "6": 0.27485380116959063, "8": 0.325, "9": 0.4722222222222222, "10": 0.35555555555555557, "11": 0.21428571428571427, "12": 0.635},
  "recall": 0.39515570934256056,
  "scene_recalls": {"2": 0.39515570934256056},
  "targets_count": 1445,
  "tp_count": 571
}