{
  "gt_count": 1517,
  "mean_obj_recall": 0.6911063987439285,
  "mean_scene_recall": 0.6913494809688582,
  "obj_recalls": {"1": 0.7657142857142857, "5": 0.6582914572864321, "6": 0.5730994152046783, "8": 0.525, "9": 0.8611111111111112, "10": 0.7277777777777777, "11": 0.6428571428571429, "12": 0.775},
  "recall": 0.6913494809688582,
  "scene_recalls": {"2": 0.6913494809688582},
  "targets_count": 1445,
  "tp_count": 999
}