{
  "gt_count": 1517,
  "mean_obj_recall": 0.596050348862105,
  "mean_scene_recall": 0.6,
  "obj_recalls": {"1": 0.72, "5": 0.542713567839196, "6": 0.4502923976608187, "8": 0.475, "9": 0.7888888888888889, "10": 0.5722222222222222, "11": 0.4642857142857143, "12": 0.755},
  "recall": 0.6,
  "scene_recalls": {"2": 0.6},
  "targets_count": 1445,
  "tp_count": 867
}