{
  "gt_count": 1517,
  "mean_obj_recall": 0.7514260971734193,
  "mean_scene_recall": 0.7508650519031141,
  "obj_recalls": {"1": 0.8057142857142857, "5": 0.7537688442211056, "6": 0.6432748538011696, "8": 0.56, "9": 0.8666666666666667, "10": 0.8555555555555555, "11": 0.7214285714285714, "12": 0.805},
  "recall": 0.7508650519031141,
  "scene_recalls": {"2": 0.7508650519031141},
  "targets_count": 1445,
  "tp_count": 1085
}