{
  "gt_count": 1517,
  "mean_obj_recall": 0.49704318113122,
  "mean_scene_recall": 0.5017301038062284,
  "obj_recalls": {"1": 0.6685714285714286, "5": 0.36683417085427134, "6": 0.391812865497076, "8": 0.415, "9": 0.6944444444444444, "10": 0.4111111111111111, "11": 0.32857142857142857, "12": 0.7},
  "recall": 0.5017301038062284,
  "scene_recalls": {"2": 0.5017301038062284},
  "targets_count": 1445,
  "tp_count": 725
}