{
  "gt_count": 1517,
  "mean_obj_recall": 0.08739872083894829,
  "mean_scene_recall": 0.09134948096885813,
  "obj_recalls": {"1": 0.15428571428571428, "5": 0.010050251256281407, "6": 0.05263157894736842, "8": 0.005, "9": 0.044444444444444446, "10": 0.07777777777777778, "11": 0.0, "12": 0.355},
  "recall": 0.09134948096885813,
  "scene_recalls": {"2": 0.09134948096885813},
  "targets_count": 1445,
  "tp_count": 132
}