{
  "gt_count": 1517,
  "mean_obj_recall": 0.16669806583040514,
  "mean_scene_recall": 0.17162629757785466,
  "obj_recalls": {"1": 0.32571428571428573, "5": 0.04522613065326633, "6": 0.10526315789473684, "8": 0.05, "9": 0.12777777777777777, "10": 0.1388888888888889, "11": 0.03571428571428571, "12": 0.505},
  "recall": 0.17162629757785466,
  "scene_recalls": {"2": 0.17162629757785466},
  "targets_count": 1445,
  "tp_count": 248
}