{
  "gt_count": 1517,
  "mean_obj_recall": 0.1604230267880757,
  "mean_scene_recall": 0.16678200692041523,
  "obj_recalls": {"1": 0.1657142857142857, "5": 0.06030150753768844, "6": 0.05847953216374269, "8": 0.16, "9": 0.15555555555555556, "10": 0.18333333333333332, "11": 0.05, "12": 0.45},
  "recall": 0.16678200692041523,
  "scene_recalls": {"2": 0.16678200692041523},
  "targets_count": 1445,
  "tp_count": 241
}