{
  "gt_count": 1517,
  "mean_obj_recall": 0.06305508064549985,
  "mean_scene_recall": 0.06643598615916955,
  "obj_recalls": {"1": 0.06857142857142857, "5": 0.03015075376884422, "6": 0.017543859649122806, "8": 0.075, "9": 0.06111111111111111, "10": 0.027777777777777776, "11": 0.014285714285714285, "12": 0.21},
  "recall": 0.06643598615916955,
  "scene_recalls": {"2": 0.06643598615916955},
  "targets_count": 1445,
  "tp_count": 96
}