{
  "gt_count": 1517,
  "mean_obj_recall": 0.3923614810686683,
  "mean_scene_recall": 0.40207612456747405,
  "obj_recalls": {"1": 0.42857142857142855, "5": 0.23618090452261306, "6": 0.27485380116959063, "8": 0.415, "9": 0.46111111111111114, "10": 0.4388888888888889, "11": 0.16428571428571428, "12": 0.72},
  "recall": 0.40207612456747405,
  "scene_recalls": {"2": 0.40207612456747405},
  "targets_count": 1445,
  "tp_count": 581
}