{
  "gt_count": 1517,
  "mean_obj_recall": 0.0026618708622477465,
  "mean_scene_recall": 0.002768166089965398,
  "obj_recalls": {"1": 0.005714285714285714, "5": 0.005025125628140704, "6": 0.0, "8": 0.0, "9": 0.0, "10": 0.005555555555555556, "11": 0.0, "12": 0.005},
  "recall": 0.002768166089965398,
  "scene_recalls": {"2": 0.002768166089965398},
  "targets_count": 1445,
  "tp_count": 4
}