{
  "gt_count": 1517,
  "mean_obj_recall": 0.7248748861265392,
  "mean_scene_recall": 0.7314878892733564,
  "obj_recalls": {"1": 0.7485714285714286, "5": 0.7939698492462312, "6": 0.6783625730994152, "8": 0.63, "9": 0.8222222222222222, "10": 0.7944444444444444, "11": 0.5214285714285715, "12": 0.81},
  "recall": 0.7314878892733564,
  "scene_recalls": {"2": 0.7314878892733564},
  "targets_count": 1445,
  "tp_count": 1057
}