{
  "gt_count": 1517,
  "mean_obj_recall": 0.6452500913086737,
  "mean_scene_recall": 0.6532871972318339,
  "obj_recalls": {"1": 0.64, "5": 0.6582914572864321, "6": 0.5789473684210527, "8": 0.58, "9": 0.7777777777777778, "10": 0.7055555555555556, "11": 0.42142857142857143, "12": 0.8},
  "recall": 0.6532871972318339,
  "scene_recalls": {"2": 0.6532871972318339},
  "targets_count": 1445,
  "tp_count": 944
}