{
  "gt_count": 1517,
  "mean_obj_recall": 0.5335695971503297,
  "mean_scene_recall": 0.5446366782006921,
  "obj_recalls": {"1": 0.5428571428571428, "5": 0.49748743718592964, "6": 0.38011695906432746, "8": 0.52, "9": 0.6944444444444444, "10": 0.5722222222222222, "11": 0.2714285714285714, "12": 0.79},
  "recall": 0.5446366782006921,
  "scene_recalls": {"2": 0.5446366782006921},
  "targets_count": 1445,
  "tp_count": 787
}