{
  "gt_count": 1517,
  "mean_obj_recall": 0.27949737723706247,
  "mean_scene_recall": 0.28719723183391005,
  "obj_recalls": {"1": 0.30857142857142855, "5": 0.12562814070351758, "6": 0.14035087719298245, "8": 0.285, "9": 0.3277777777777778, "10": 0.32222222222222224, "11": 0.12142857142857143, "12": 0.605},
  "recall": 0.28719723183391005,
  "scene_recalls": {"2": 0.28719723183391005},
  "targets_count": 1445,
  "tp_count": 415
}