{
  "gt_count": 1517,
  "mean_obj_recall": 0.0172285036292574,
  "mean_scene_recall": 0.017993079584775088,
  "obj_recalls": {"1": 0.04, "5": 0.010050251256281407, "6": 0.0, "8": 0.015, "9": 0.011111111111111112, "10": 0.016666666666666666, "11": 0.0, "12": 0.045},
  "recall": 0.017993079584775088,
  "scene_recalls": {"2": 0.017993079584775088},
  "targets_count": 1445,
  "tp_count": 26
}