{
  "gt_count": 6900,
  "mean_obj_recall": 0.010886094203763377,
  "mean_scene_recall": 0.00913705583756345,
  "obj_recalls": {"1": 0.0, "2": 0.0, "3": 0.0, "4": 0.0, "5": 0.0, "6": 0.0, "7": 0.0, "8": 0.0, "9": 0.0, "10": 0.0, "11": 0.0, "12": 0.0, "13": 0.0, "14": 0.0, "15": 0.0, "16": 0.0, "17": 0.0, "18": 0.0, "19": 0.0, "20": 0.0, "21": 0.0, "22": 0.0, "23": 0.0, "24": 0.0, "25": 0.05263157894736842, "26": 0.0, "27": 0.0, "28": 0.0, "29": 0.1836734693877551, "30": 0.09027777777777778},
  "recall": 0.005604857543204111,
  "scene_recalls": {"1": 0.18274111675126903, "2": 0.0, "3": 0.0, "4": 0.0, "5": 0.0, "6": 0.0, "7": 0.0, "8": 0.0, "9": 0.0, "10": 0.0, "11": 0.0, "12": 0.0, "13": 0.0, "14": 0.0, "15": 0.0, "16": 0.0, "17": 0.0, "18": 0.0, "19": 0.0, "20": 0.0},
  "targets_count": 6423,
  "tp_count": 36
}