{
  "gt_count": 1517,
  "mean_obj_recall": 0.5181244594946328,
  "mean_scene_recall": 0.5121107266435986,
  "obj_recalls": {"1": 0.6457142857142857, "5": 0.32160804020100503, "6": 0.3391812865497076, "8": 0.605, "9": 0.6777777777777778, "10": 0.4, "11": 0.6857142857142857, "12": 0.47},
  "recall": 0.5121107266435986,
  "scene_recalls": {"2": 0.5121107266435986},
  "targets_count": 1445,
  "tp_count": 740
}