{
  "gt_count": 1517,
  "mean_obj_recall": 0.4226116878250904,
  "mean_scene_recall": 0.41937716262975777,
  "obj_recalls": {"1": 0.5314285714285715, "5": 0.3015075376884422, "6": 0.30994152046783624, "8": 0.495, "9": 0.5388888888888889, "10": 0.25555555555555554, "11": 0.5285714285714286, "12": 0.42},
  "recall": 0.41937716262975777,
  "scene_recalls": {"2": 0.41937716262975777},
  "targets_count": 1445,
  "tp_count": 606
}