{
  "gt_count": 1517,
  "mean_obj_recall": 0.025874582289055974,
  "mean_scene_recall": 0.02698961937716263,
  "obj_recalls": {"1": 0.017142857142857144, "5": 0.0, "6": 0.05263157894736842, "8": 0.0, "9": 0.005555555555555556, "10": 0.016666666666666666, "11": 0.0, "12": 0.115},
  "recall": 0.02698961937716263,
  "scene_recalls": {"2": 0.02698961937716263},
  "targets_count": 1445,
  "tp_count": 39
}