{
  "gt_count": 1517,
  "mean_obj_recall": 0.1734394612998157,
  "mean_scene_recall": 0.17370242214532872,
  "obj_recalls": {"1": 0.29714285714285715, "5": 0.08542713567839195, "6": 0.21637426900584794, "8": 0.125, "9": 0.13333333333333333, "10": 0.11666666666666667, "11": 0.12857142857142856, "12": 0.285},
  "recall": 0.17370242214532872,
  "scene_recalls": {"2": 0.17370242214532872},
  "targets_count": 1445,
  "tp_count": 251
}