{
  "gt_count": 1517,
  "mean_obj_recall": 0.48004175272771543,
  "mean_scene_recall": 0.47612456747404847,
  "obj_recalls": {"1": 0.5542857142857143, "5": 0.32160804020100503, "6": 0.3157894736842105, "8": 0.595, "9": 0.65, "10": 0.32222222222222224, "11": 0.6214285714285714, "12": 0.46},
  "recall": 0.47612456747404847,
  "scene_recalls": {"2": 0.47612456747404847},
  "targets_count": 1445,
  "tp_count": 688
}