{
  "gt_count": 1517,
  "mean_obj_recall": 0.49548504846706376,
  "mean_scene_recall": 0.4906574394463668,
  "obj_recalls": {"1": 0.5657142857142857, "5": 0.32160804020100503, "6": 0.3216374269005848, "8": 0.6, "9": 0.6611111111111111, "10": 0.36666666666666664, "11": 0.6571428571428571, "12": 0.47},
  "recall": 0.4906574394463668,
  "scene_recalls": {"2": 0.4906574394463668},
  "targets_count": 1445,
  "tp_count": 709
}