{
  "gt_count": 1517,
  "mean_obj_recall": 0.3143611934988224,
  "mean_scene_recall": 0.3121107266435986,
  "obj_recalls": {"1": 0.52, "5": 0.18592964824120603, "6": 0.2982456140350877, "8": 0.32, "9": 0.3, "10": 0.2, "11": 0.3357142857142857, "12": 0.355},
  "recall": 0.3121107266435986,
  "scene_recalls": {"2": 0.3121107266435986},
  "targets_count": 1445,
  "tp_count": 451
}