{
  "gt_count": 1517,
  "mean_obj_recall": 0.5549550777068298,
  "mean_scene_recall": 0.5480968858131487,
  "obj_recalls": {"1": 0.72, "5": 0.32160804020100503, "6": 0.40350877192982454, "8": 0.605, "9": 0.7111111111111111, "10": 0.5055555555555555, "11": 0.6928571428571428, "12": 0.48},
  "recall": 0.5480968858131487,
  "scene_recalls": {"2": 0.5480968858131487},
  "targets_count": 1445,
  "tp_count": 792
}