{
  "gt_count": 1517,
  "mean_obj_recall": 0.5307508170552009,
  "mean_scene_recall": 0.524567474048443,
  "obj_recalls": {"1": 0.68, "5": 0.32160804020100503, "6": 0.36257309941520466, "8": 0.605, "9": 0.6833333333333333, "10": 0.42777777777777776, "11": 0.6857142857142857, "12": 0.48},
  "recall": 0.524567474048443,
  "scene_recalls": {"2": 0.524567474048443},
  "targets_count": 1445,
  "tp_count": 758
}