{
  "gt_count": 1517,
  "mean_obj_recall": 0.45586201685117317,
  "mean_scene_recall": 0.4519031141868512,
  "obj_recalls": {"1": 0.5314285714285715, "5": 0.31155778894472363, "6": 0.30994152046783624, "8": 0.555, "9": 0.6166666666666667, "10": 0.29444444444444445, "11": 0.5928571428571429, "12": 0.435},
  "recall": 0.4519031141868512,
  "scene_recalls": {"2": 0.4519031141868512},
  "targets_count": 1445,
  "tp_count": 653
}