{
  "gt_count": 1517,
  "mean_obj_recall": 0.12961791255777635,
  "mean_scene_recall": 0.13217993079584775,
  "obj_recalls": {"1": 0.05142857142857143, "5": 0.07537688442211055, "6": 0.023391812865497075, "8": 0.13, "9": 0.25555555555555554, "10": 0.03333333333333333, "11": 0.14285714285714285, "12": 0.325},
  "recall": 0.13217993079584775,
  "scene_recalls": {"2": 0.13217993079584775},
  "targets_count": 1445,
  "tp_count": 191
}