{
  "gt_count": 1517,
  "mean_obj_recall": 0.4068492787664303,
  "mean_scene_recall": 0.4069204152249135,
  "obj_recalls": {"1": 0.3657142857142857, "5": 0.24623115577889448, "6": 0.1871345029239766, "8": 0.545, "9": 0.5611111111111111, "10": 0.2388888888888889, "11": 0.5357142857142857, "12": 0.575},
  "recall": 0.4069204152249135,
  "scene_recalls": {"2": 0.4069204152249135},
  "targets_count": 1445,
  "tp_count": 588
}