{
  "gt_count": 1517,
  "mean_obj_recall": 0.5137802420624425,
  "mean_scene_recall": 0.5128027681660899,
  "obj_recalls": {"1": 0.49142857142857144, "5": 0.3065326633165829, "6": 0.3567251461988304, "8": 0.625, "9": 0.6388888888888888, "10": 0.4666666666666667, "11": 0.6, "12": 0.625},
  "recall": 0.5128027681660899,
  "scene_recalls": {"2": 0.5128027681660899},
  "targets_count": 1445,
  "tp_count": 741
}