{
  "gt_count": 1517,
  "mean_obj_recall": 0.006101190476190477,
  "mean_scene_recall": 0.006228373702422145,
  "obj_recalls": {"1": 0.0, "5": 0.0, "6": 0.0, "8": 0.0, "9": 0.016666666666666666, "10": 0.0, "11": 0.007142857142857143, "12": 0.025},
  "recall": 0.006228373702422145,
  "scene_recalls": {"2": 0.006228373702422145},
  "targets_count": 1445,
  "tp_count": 9
}