{
  "gt_count": 1517,
  "mean_obj_recall": 0.29765849926323346,
  "mean_scene_recall": 0.29896193771626295,
  "obj_recalls": {"1": 0.25142857142857145, "5": 0.18592964824120603, "6": 0.08771929824561403, "8": 0.385, "9": 0.45555555555555555, "10": 0.12777777777777777, "11": 0.39285714285714285, "12": 0.495},
  "recall": 0.29896193771626295,
  "scene_recalls": {"2": 0.29896193771626295},
  "targets_count": 1445,
  "tp_count": 432
}