{
  "gt_count": 1517,
  "mean_obj_recall": 0.20759312959954324,
  "mean_scene_recall": 0.20968858131487889,
  "obj_recalls": {"1": 0.12, "5": 0.12060301507537688, "6": 0.04093567251461988, "8": 0.265, "9": 0.36666666666666664, "10": 0.06111111111111111, "11": 0.2714285714285714, "12": 0.415},
  "recall": 0.20968858131487889,
  "scene_recalls": {"2": 0.20968858131487889},
  "targets_count": 1445,
  "tp_count": 303
}