{
  "gt_count": 1517,
  "mean_obj_recall": 0.06072058286419567,
  "mean_scene_recall": 0.0629757785467128,
  "obj_recalls": {"1": 0.017142857142857144, "5": 0.020100502512562814, "6": 0.011695906432748537, "8": 0.065, "9": 0.1388888888888889, "10": 0.022222222222222223, "11": 0.03571428571428571, "12": 0.175},
  "recall": 0.0629757785467128,
  "scene_recalls": {"2": 0.0629757785467128},
  "targets_count": 1445,
  "tp_count": 91
}