{
  "gt_count": 1517,
  "mean_obj_recall": 0.622926188482093,
  "mean_scene_recall": 0.6214532871972318,
  "obj_recalls": {"1": 0.6457142857142857, "5": 0.4120603015075377, "6": 0.5555555555555556, "8": 0.65, "9": 0.7388888888888889, "10": 0.6333333333333333, "11": 0.6428571428571429, "12": 0.705},
  "recall": 0.6214532871972318,
  "scene_recalls": {"2": 0.6214532871972318},
  "targets_count": 1445,
  "tp_count": 898
}