{
  "gt_count": 1517,
  "mean_obj_recall": 0.025886077211454098,
  "mean_scene_recall": 0.02698961937716263,
  "obj_recalls": {"1": 0.0, "5": 0.005025125628140704, "6": 0.0, "8": 0.015, "9": 0.06666666666666667, "10": 0.011111111111111112, "11": 0.014285714285714285, "12": 0.095},
  "recall": 0.02698961937716263,
  "scene_recalls": {"2": 0.02698961937716263},
  "targets_count": 1445,
  "tp_count": 39
}