{
  "gt_count": 6900,
  "mean_obj_recall": 0.5311030893950786,
  "mean_scene_recall": 0.55224809943317,
  "obj_recalls": {"1": 0.4347240915208614, "2": 0.41723356009070295, "3": 0.5651041666666666, "4": 0.4764309764309764, "5": 0.5947368421052631, "6": 0.42857142857142855, "7": 0.52, "8": 0.6333333333333333, "9": 0.8780487804878049, "10": 0.7552447552447552, "11": 0.5657142857142857, "12": 0.5611510791366906, "13": 0.5642857142857143, "14": 0.2191780821917808, "15": 0.6095890410958904, "16": 0.7180851063829787, "17": 0.815068493150685, "18": 0.6027397260273972, "19": 0.4973821989528796, "20": 0.26666666666666666, "21": 0.3657142857142857, "22": 0.30851063829787234, "23": 0.7258064516129032, "24": 0.625, "25": 0.18947368421052632, "26": 0.41414141414141414, "27": 0.375, "28": 0.578125, "29": 0.3877551020408163, "30": 0.8402777777777778},
  "recall": 0.5256110851626966,
  "scene_recalls": {"1": 0.4619289340101523, "2": 0.7006802721088435, "3": 0.462882096069869, "4": 0.7589743589743589, "5": 0.7991803278688525, "6": 0.6153846153846154, "7": 0.6417525773195877, "8": 0.4897959183673469, "9": 0.5164233576642335, "10": 0.4201388888888889, "11": 0.6852791878172588, "12": 0.6219931271477663, "13": 0.4376731301939058, "14": 0.4835820895522388, "15": 0.43944636678200694, "16": 0.5736434108527132, "17": 0.5613496932515337, "18": 0.43944636678200694, "19": 0.6376470588235295, "20": 0.2977602108036891},
  "targets_count": 6423,
  "tp_count": 3376
}