{
  "gt_count": 6900,
  "mean_obj_recall": 0.5380971787701755,
  "mean_scene_recall": 0.560946579494731,
  "obj_recalls": {"1": 0.4508748317631225, "2": 0.42403628117913833, "3": 0.5703125, "4": 0.494949494949495, "5": 0.5947368421052631, "6": 0.42857142857142855, "7": 0.524, "8": 0.64, "9": 0.8780487804878049, "10": 0.7552447552447552, "11": 0.5714285714285714, "12": 0.5611510791366906, "13": 0.5642857142857143, "14": 0.2191780821917808, "15": 0.6095890410958904, "16": 0.7180851063829787, "17": 0.815068493150685, "18": 0.636986301369863, "19": 0.518324607329843, "20": 0.2833333333333333, "21": 0.37142857142857144, "22": 0.3191489361702128, "23": 0.7379032258064516, "24": 0.6302083333333334, "25": 0.2, "26": 0.42424242424242425, "27": 0.3854166666666667, "28": 0.578125, "29": 0.3979591836734694, "30": 0.8402777777777778},
  "recall": 0.534174061964814,
  "scene_recalls": {"1": 0.4720812182741117, "2": 0.7006802721088435, "3": 0.47161572052401746, "4": 0.764102564102564, "5": 0.8155737704918032, "6": 0.6239316239316239, "7": 0.6572164948453608, "8": 0.5, "9": 0.5237226277372263, "10": 0.4340277777777778, "11": 0.6852791878172588, "12": 0.6323024054982818, "13": 0.4487534626038781, "14": 0.4955223880597015, "15": 0.4463667820069204, "16": 0.5736434108527132, "17": 0.5766871165644172, "18": 0.45674740484429066, "19": 0.6376470588235295, "20": 0.30303030303030304},
  "targets_count": 6423,
  "tp_count": 3431
}