{
  "gt_count": 6900,
  "mean_obj_recall": 0.5503704785112291,
  "mean_scene_recall": 0.5736430632283047,
  "obj_recalls": {"1": 0.458950201884253, "2": 0.42403628117913833, "3": 0.5807291666666666, "4": 0.5151515151515151, "5": 0.5947368421052631, "6": 0.4387755102040816, "7": 0.552, "8": 0.6666666666666666, "9": 0.8861788617886179, "10": 0.7552447552447552, "11": 0.5885714285714285, "12": 0.5611510791366906, "13": 0.5642857142857143, "14": 0.2191780821917808, "15": 0.6095890410958904, "16": 0.7340425531914894, "17": 0.815068493150685, "18": 0.684931506849315, "19": 0.5235602094240838, "20": 0.2916666666666667, "21": 0.4114285714285714, "22": 0.3351063829787234, "23": 0.7661290322580645, "24": 0.640625, "25": 0.21052631578947367, "26": 0.43434343434343436, "27": 0.40625, "28": 0.59375, "29": 0.40816326530612246, "30": 0.8402777777777778},
  "recall": 0.5464736104624007,
  "scene_recalls": {"1": 0.48223350253807107, "2": 0.7006802721088435, "3": 0.4890829694323144, "4": 0.7743589743589744, "5": 0.8278688524590164, "6": 0.6623931623931624, "7": 0.6701030927835051, "8": 0.5068027210884354, "9": 0.5346715328467153, "10": 0.4479166666666667, "11": 0.6903553299492385, "12": 0.6391752577319587, "13": 0.48753462603878117, "14": 0.5104477611940299, "15": 0.4463667820069204, "16": 0.5762273901808785, "17": 0.5950920245398773, "18": 0.47750865051903113, "19": 0.6470588235294118, "20": 0.3069828722002635},
  "targets_count": 6423,
  "tp_count": 3510
}