{
  "gt_count": 6900,
  "mean_obj_recall": 0.1630734656373515,
  "mean_scene_recall": 0.17887839243150513,
  "obj_recalls": {"1": 0.017496635262449527, "2": 0.027210884353741496, "3": 0.0390625, "4": 0.03198653198653199, "5": 0.3473684210526316, "6": 0.19387755102040816, "7": 0.436, "8": 0.5133333333333333, "9": 0.7520325203252033, "10": 0.17482517482517482, "11": 0.02857142857142857, "12": 0.04316546762589928, "13": 0.0, "14": 0.0, "15": 0.03424657534246575, "16": 0.026595744680851064, "17": 0.6643835616438356, "18": 0.17123287671232876, "19": 0.041884816753926704, "20": 0.04583333333333333, "21": 0.05142857142857143, "22": 0.0425531914893617, "23": 0.45161290322580644, "24": 0.052083333333333336, "25": 0.021052631578947368, "26": 0.06060606060606061, "27": 0.1875, "28": 0.24479166666666666, "29": 0.14285714285714285, "30": 0.04861111111111111},
  "recall": 0.14557060563599564,
  "scene_recalls": {"1": 0.04060913705583756, "2": 0.5102040816326531, "3": 0.19213973799126638, "4": 0.3641025641025641, "5": 0.2827868852459016, "6": 0.08547008547008547, "7": 0.10051546391752578, "8": 0.06802721088435375, "9": 0.023722627737226276, "10": 0.14583333333333334, "11": 0.47715736040609136, "12": 0.2268041237113402, "13": 0.10526315789473684, "14": 0.20298507462686566, "15": 0.10726643598615918, "16": 0.11627906976744186, "17": 0.19325153374233128, "18": 0.17647058823529413, "19": 0.12705882352941175, "20": 0.03162055335968379},
  "targets_count": 6423,
  "tp_count": 935
}