{
  "gt_count": 6900,
  "mean_obj_recall": 0.4405451043890573,
  "mean_scene_recall": 0.450993183843776,
  "obj_recalls": {"1": 0.21668909825033647, "2": 0.24489795918367346, "3": 0.4140625, "4": 0.3653198653198653, "5": 0.5631578947368421, "6": 0.42857142857142855, "7": 0.516, "8": 0.5733333333333334, "9": 0.8699186991869918, "10": 0.6713286713286714, "11": 0.41714285714285715, "12": 0.5539568345323741, "13": 0.18571428571428572, "14": 0.1232876712328767, "15": 0.4863013698630137, "16": 0.5531914893617021, "17": 0.815068493150685, "18": 0.5, "19": 0.39790575916230364, "20": 0.20833333333333334, "21": 0.28, "22": 0.22340425531914893, "23": 0.6653225806451613, "24": 0.53125, "25": 0.15789473684210525, "26": 0.26262626262626265, "27": 0.3229166666666667, "28": 0.546875, "29": 0.3163265306122449, "30": 0.8055555555555556},
  "recall": 0.41849602989257356,
  "scene_recalls": {"1": 0.3553299492385787, "2": 0.6870748299319728, "3": 0.43231441048034935, "4": 0.6153846153846154, "5": 0.6639344262295082, "6": 0.5384615384615384, "7": 0.41237113402061853, "8": 0.3877551020408163, "9": 0.33394160583941607, "10": 0.3576388888888889, "11": 0.6700507614213198, "12": 0.4536082474226804, "13": 0.3656509695290859, "14": 0.42686567164179107, "15": 0.4013840830449827, "16": 0.45478036175710596, "17": 0.40797546012269936, "18": 0.2906574394463668, "19": 0.5341176470588235, "20": 0.230566534914361},
  "targets_count": 6423,
  "tp_count": 2688
}