{
  "gt_count": 6900,
  "mean_obj_recall": 0.5168333517103879,
  "mean_scene_recall": 0.5322098331552018,
  "obj_recalls": {"1": 0.3822341857335128, "2": 0.36961451247165533, "3": 0.5442708333333334, "4": 0.4478114478114478, "5": 0.5947368421052631, "6": 0.42857142857142855, "7": 0.516, "8": 0.6133333333333333, "9": 0.8699186991869918, "10": 0.7412587412587412, "11": 0.5485714285714286, "12": 0.5611510791366906, "13": 0.5428571428571428, "14": 0.2191780821917808, "15": 0.6095890410958904, "16": 0.7127659574468085, "17": 0.815068493150685, "18": 0.5753424657534246, "19": 0.46596858638743455, "20": 0.24583333333333332, "21": 0.3485714285714286, "22": 0.2978723404255319, "23": 0.6975806451612904, "24": 0.625, "25": 0.18947368421052632, "26": 0.3838383838383838, "27": 0.3645833333333333, "28": 0.5729166666666666, "29": 0.3877551020408163, "30": 0.8333333333333334},
  "recall": 0.5049042503503036,
  "scene_recalls": {"1": 0.4467005076142132, "2": 0.7006802721088435, "3": 0.4497816593886463, "4": 0.7333333333333333, "5": 0.7704918032786885, "6": 0.6025641025641025, "7": 0.6185567010309279, "8": 0.46938775510204084, "9": 0.46715328467153283, "10": 0.40625, "11": 0.6802030456852792, "12": 0.5670103092783505, "13": 0.4155124653739612, "14": 0.46567164179104475, "15": 0.43944636678200694, "16": 0.5684754521963824, "17": 0.5153374233128835, "18": 0.40484429065743943, "19": 0.6329411764705882, "20": 0.2898550724637681},
  "targets_count": 6423,
  "tp_count": 3243
}