{
  "gt_count": 6900,
  "mean_obj_recall": 0.5428315490443705,
  "mean_scene_recall": 0.5661290579681204,
  "obj_recalls": {"1": 0.4535666218034993, "2": 0.42403628117913833, "3": 0.5703125, "4": 0.5117845117845118, "5": 0.5947368421052631, "6": 0.42857142857142855, "7": 0.532, "8": 0.64, "9": 0.8821138211382114, "10": 0.7552447552447552, "11": 0.5828571428571429, "12": 0.5611510791366906, "13": 0.5642857142857143, "14": 0.2191780821917808, "15": 0.6095890410958904, "16": 0.7180851063829787, "17": 0.815068493150685, "18": 0.6506849315068494, "19": 0.5235602094240838, "20": 0.2875, "21": 0.38857142857142857, "22": 0.324468085106383, "23": 0.75, "24": 0.6302083333333334, "25": 0.2, "26": 0.43434343434343436, "27": 0.40625, "28": 0.5885416666666666, "29": 0.3979591836734694, "30": 0.8402777777777778},
  "recall": 0.5393118480460843,
  "scene_recalls": {"1": 0.4720812182741117, "2": 0.7006802721088435, "3": 0.4759825327510917, "4": 0.7692307692307693, "5": 0.8278688524590164, "6": 0.6324786324786325, "7": 0.6597938144329897, "8": 0.5034013605442177, "9": 0.531021897810219, "10": 0.4444444444444444, "11": 0.6852791878172588, "12": 0.6323024054982818, "13": 0.46537396121883656, "14": 0.49850746268656715, "15": 0.4463667820069204, "16": 0.5762273901808785, "17": 0.588957055214724, "18": 0.47058823529411764, "19": 0.6376470588235295, "20": 0.30434782608695654},
  "targets_count": 6423,
  "tp_count": 3464
}