{
  "gt_count": 6900,
  "mean_obj_recall": 0.5468011815426991,
  "mean_scene_recall": 0.5702736951243701,
  "obj_recalls": {"1": 0.4576043068640646, "2": 0.42403628117913833, "3": 0.578125, "4": 0.5134680134680135, "5": 0.5947368421052631, "6": 0.42857142857142855, "7": 0.54, "8": 0.6466666666666666, "9": 0.8861788617886179, "10": 0.7552447552447552, "11": 0.5885714285714285, "12": 0.5611510791366906, "13": 0.5642857142857143, "14": 0.2191780821917808, "15": 0.6095890410958904, "16": 0.7287234042553191, "17": 0.815068493150685, "18": 0.6712328767123288, "19": 0.5235602094240838, "20": 0.2916666666666667, "21": 0.4, "22": 0.3351063829787234, "23": 0.7580645161290323, "24": 0.640625, "25": 0.2, "26": 0.43434343434343436, "27": 0.40625, "28": 0.59375, "29": 0.3979591836734694, "30": 0.8402777777777778},
  "recall": 0.5435154912034875,
  "scene_recalls": {"1": 0.4720812182741117, "2": 0.7006802721088435, "3": 0.4759825327510917, "4": 0.7743589743589744, "5": 0.8278688524590164, "6": 0.6452991452991453, "7": 0.6649484536082474, "8": 0.5034013605442177, "9": 0.5346715328467153, "10": 0.4479166666666667, "11": 0.6903553299492385, "12": 0.6357388316151202, "13": 0.4792243767313019, "14": 0.5104477611940299, "15": 0.4463667820069204, "16": 0.5762273901808785, "17": 0.5920245398773006, "18": 0.47750865051903113, "19": 0.6447058823529411, "20": 0.30566534914361},
  "targets_count": 6423,
  "tp_count": 3491
}