{
  "gt_count": 1517,
  "mean_obj_recall": 0.15309841028450522,
  "mean_scene_recall": 0.14878892733564014,
  "obj_recalls": {"1": 0.08, "5": 0.02512562814070352, "6": 0.13450292397660818, "8": 0.025, "9": 0.011111111111111112, "10": 0.03333333333333333, "11": 0.38571428571428573, "12": 0.53},
  "recall": 0.14878892733564014,
  "scene_recalls": {"2": 0.14878892733564014},
  "targets_count": 1445,
  "tp_count": 215
}