{
  "gt_count": 1517,
  "mean_obj_recall": 0.09817721386800334,
  "mean_scene_recall": 0.09550173010380623,
  "obj_recalls": {"1": 0.022857142857142857, "5": 0.0, "6": 0.08771929824561403, "8": 0.0, "9": 0.0, "10": 0.005555555555555556, "11": 0.2642857142857143, "12": 0.405},
  "recall": 0.09550173010380623,
  "scene_recalls": {"2": 0.09550173010380623},
  "targets_count": 1445,
  "tp_count": 138
}