{
  "gt_count": 1517,
  "mean_obj_recall": 0.050317982456140345,
  "mean_scene_recall": 0.05190311418685121,
  "obj_recalls": {"1": 0.011428571428571429, "5": 0.0, "6": 0.017543859649122806, "8": 0.0, "9": 0.0, "10": 0.0, "11": 0.07857142857142857, "12": 0.295},
  "recall": 0.05190311418685121,
  "scene_recalls": {"2": 0.05190311418685121},
  "targets_count": 1445,
  "tp_count": 75
}