{
  "gt_count": 1517,
  "mean_obj_recall": 0.12153354491757032,
  "mean_scene_recall": 0.11695501730103806,
  "obj_recalls": {"1": 0.04, "5": 0.01507537688442211, "6": 0.09941520467836257, "8": 0.0, "9": 0.005555555555555556, "10": 0.022222222222222223, "11": 0.35, "12": 0.44},
  "recall": 0.11695501730103806,
  "scene_recalls": {"2": 0.11695501730103806},
  "targets_count": 1445,
  "tp_count": 169
}