{
  "gt_count": 1517,
  "mean_obj_recall": 0.06581453634085213,
  "mean_scene_recall": 0.0657439446366782,
  "obj_recalls": {"1": 0.011428571428571429, "5": 0.0, "6": 0.03508771929824561, "8": 0.0, "9": 0.0, "10": 0.0, "11": 0.15, "12": 0.33},
  "recall": 0.0657439446366782,
  "scene_recalls": {"2": 0.0657439446366782},
  "targets_count": 1445,
  "tp_count": 95
}