{
  "gt_count": 1517,
  "mean_obj_recall": 0.0843468045112782,
  "mean_scene_recall": 0.08235294117647059,
  "obj_recalls": {"1": 0.011428571428571429, "5": 0.0, "6": 0.05263157894736842, "8": 0.0, "9": 0.0, "10": 0.0, "11": 0.2357142857142857, "12": 0.375},
  "recall": 0.08235294117647059,
  "scene_recalls": {"2": 0.08235294117647059},
  "targets_count": 1445,
  "tp_count": 119
}