{
  "gt_count": 6900,
  "mean_obj_recall": 0.5636713451947148,
  "mean_scene_recall": 0.5677366724127917,
  "obj_recalls": {"1": 0.38896366083445494, "2": 0.40816326530612246, "3": 0.5416666666666666, "4": 0.4107744107744108, "5": 0.6157894736842106, "6": 0.5918367346938775, "7": 0.528, "8": 0.6133333333333333, "9": 0.8699186991869918, "10": 0.7482517482517482, "11": 0.45714285714285713, "12": 0.5179856115107914, "13": 0.4142857142857143, "14": 0.15753424657534246, "15": 0.547945205479452, "16": 0.6914893617021277, "17": 0.815068493150685, "18": 0.7671232876712328, "19": 0.5287958115183246, "20": 0.2833333333333333, "21": 0.42857142857142855, "22": 0.3829787234042553, "23": 0.7580645161290323, "24": 0.5677083333333334, "25": 0.49473684210526314, "26": 0.696969696969697, "27": 0.4375, "28": 0.640625, "29": 0.7653061224489796, "30": 0.8402777777777778},
  "recall": 0.5301261092947221,
  "scene_recalls": {"1": 0.7563451776649747, "2": 0.7006802721088435, "3": 0.47161572052401746, "4": 0.7897435897435897, "5": 0.8155737704918032, "6": 0.6196581196581197, "7": 0.6391752577319587, "8": 0.5102040816326531, "9": 0.4489051094890511, "10": 0.4409722222222222, "11": 0.6852791878172588, "12": 0.6048109965635738, "13": 0.5124653739612188, "14": 0.5044776119402985, "15": 0.5363321799307958, "16": 0.5064599483204134, "17": 0.5061349693251533, "18": 0.40484429065743943, "19": 0.6164705882352941, "20": 0.2845849802371542},
  "targets_count": 6423,
  "tp_count": 3405
}