{
  "gt_count": 6900,
  "mean_obj_recall": 0.3362958758899254,
  "mean_scene_recall": 0.3352968325175466,
  "obj_recalls": {"1": 0.13728129205921938, "2": 0.19047619047619047, "3": 0.21354166666666666, "4": 0.132996632996633, "5": 0.5578947368421052, "6": 0.3979591836734694, "7": 0.448, "8": 0.5266666666666666, "9": 0.7195121951219512, "10": 0.2727272727272727, "11": 0.06285714285714286, "12": 0.2589928057553957, "13": 0.07142857142857142, "14": 0.0410958904109589, "15": 0.1917808219178082, "16": 0.44680851063829785, "17": 0.7671232876712328, "18": 0.6438356164383562, "19": 0.193717277486911, "20": 0.14583333333333334, "21": 0.18285714285714286, "22": 0.12234042553191489, "23": 0.5040322580645161, "24": 0.2552083333333333, "25": 0.25263157894736843, "26": 0.494949494949495, "27": 0.34375, "28": 0.5052083333333334, "29": 0.47959183673469385, "30": 0.5277777777777778},
  "recall": 0.2969017593025066,
  "scene_recalls": {"1": 0.3248730964467005, "2": 0.6802721088435374, "3": 0.3537117903930131, "4": 0.6205128205128205, "5": 0.4344262295081967, "6": 0.21794871794871795, "7": 0.30670103092783507, "8": 0.23809523809523808, "9": 0.16423357664233576, "10": 0.2013888888888889, "11": 0.5786802030456852, "12": 0.2920962199312715, "13": 0.27977839335180055, "14": 0.2835820895522388, "15": 0.4186851211072664, "16": 0.2558139534883721, "17": 0.254601226993865, "18": 0.25259515570934254, "19": 0.4188235294117647, "20": 0.12911725955204217},
  "targets_count": 6423,
  "tp_count": 1907
}