{
  "gt_count": 6900,
  "mean_obj_recall": 0.13324936109814964,
  "mean_scene_recall": 0.1315286392345658,
  "obj_recalls": {"1": 0.029609690444145357, "2": 0.07256235827664399, "3": 0.036458333333333336, "4": 0.03367003367003367, "5": 0.3157894736842105, "6": 0.09183673469387756, "7": 0.224, "8": 0.30666666666666664, "9": 0.2967479674796748, "10": 0.055944055944055944, "11": 0.0, "12": 0.050359712230215826, "13": 0.03571428571428571, "14": 0.0, "15": 0.03424657534246575, "16": 0.19148936170212766, "17": 0.6095890410958904, "18": 0.2876712328767123, "19": 0.03664921465968586, "20": 0.029166666666666667, "21": 0.045714285714285714, "22": 0.010638297872340425, "23": 0.16532258064516128, "24": 0.046875, "25": 0.021052631578947368, "26": 0.2222222222222222, "27": 0.20833333333333334, "28": 0.203125, "29": 0.20408163265306123, "30": 0.13194444444444445},
  "recall": 0.1120971508640822,
  "scene_recalls": {"1": 0.1065989847715736, "2": 0.35374149659863946, "3": 0.1703056768558952, "4": 0.27692307692307694, "5": 0.14344262295081966, "6": 0.042735042735042736, "7": 0.12886597938144329, "8": 0.05102040816326531, "9": 0.032846715328467155, "10": 0.04513888888888889, "11": 0.3147208121827411, "12": 0.08247422680412371, "13": 0.0997229916897507, "14": 0.07164179104477612, "15": 0.1384083044982699, "16": 0.10852713178294573, "17": 0.09202453987730061, "18": 0.1245674740484429, "19": 0.20470588235294118, "20": 0.04216073781291173},
  "targets_count": 6423,
  "tp_count": 720
}