{
  "gt_count": 6900,
  "mean_obj_recall": 0.48988662829556073,
  "mean_scene_recall": 0.4886342735691348,
  "obj_recalls": {"1": 0.2732166890982503, "2": 0.31746031746031744, "3": 0.4244791666666667, "4": 0.27104377104377103, "5": 0.6157894736842106, "6": 0.5204081632653061, "7": 0.516, "8": 0.6066666666666667, "9": 0.8617886178861789, "10": 0.6013986013986014, "11": 0.2914285714285714, "12": 0.4460431654676259, "13": 0.2357142857142857, "14": 0.11643835616438356, "15": 0.3698630136986301, "16": 0.6276595744680851, "17": 0.815068493150685, "18": 0.7328767123287672, "19": 0.43455497382198954, "20": 0.2375, "21": 0.35428571428571426, "22": 0.2925531914893617, "23": 0.7217741935483871, "24": 0.4270833333333333, "25": 0.4631578947368421, "26": 0.6767676767676768, "27": 0.4166666666666667, "28": 0.625, "29": 0.6122448979591837, "30": 0.7916666666666666},
  "recall": 0.44792153199439516,
  "scene_recalls": {"1": 0.5989847715736041, "2": 0.7006802721088435, "3": 0.43231441048034935, "4": 0.7846153846153846, "5": 0.6885245901639344, "6": 0.47863247863247865, "7": 0.5128865979381443, "8": 0.43197278911564624, "9": 0.3248175182481752, "10": 0.375, "11": 0.6700507614213198, "12": 0.4845360824742268, "13": 0.4515235457063712, "14": 0.42388059701492536, "15": 0.5224913494809689, "16": 0.4082687338501292, "17": 0.38650306748466257, "18": 0.32525951557093424, "19": 0.5411764705882353, "20": 0.230566534914361},
  "targets_count": 6423,
  "tp_count": 2877
}