{
  "bop19_average_recall": 0.2542791234140715,
  "bop19_average_recall_mspd": 0.3002768166089965,
  "bop19_average_recall_mssd": 0.2685121107266436,
  "bop19_average_recall_vsd": 0.19404844290657441,
  "bop19_average_time_per_image": 0.3051602792739868
}