{
  "gt_count": 1517,
  "mean_obj_recall": 0.5376722139309749,
  "mean_scene_recall": 0.5370242214532872,
  "obj_recalls": {"1": 0.6171428571428571, "5": 0.6080402010050251, "6": 0.4619883040935672, "8": 0.195, "9": 0.7444444444444445, "10": 0.43333333333333335, "11": 0.5214285714285715, "12": 0.72},
  "recall": 0.5370242214532872,
  "scene_recalls": {"2": 0.5370242214532872},
  "targets_count": 1445,
  "tp_count": 776
}