{
  "gt_count": 1517,
  "mean_obj_recall": 0.4206880633325357,
  "mean_scene_recall": 0.4228373702422145,
  "obj_recalls": {"1": 0.48, "5": 0.592964824120603, "6": 0.3333333333333333, "8": 0.175, "9": 0.38333333333333336, "10": 0.34444444444444444, "11": 0.42142857142857143, "12": 0.635},
  "recall": 0.4228373702422145,
  "scene_recalls": {"2": 0.4228373702422145},
  "targets_count": 1445,
  "tp_count": 611
}