{
  "gt_count": 1517,
  "mean_obj_recall": 0.5485551504389115,
  "mean_scene_recall": 0.5480968858131487,
  "obj_recalls": {"1": 0.6514285714285715, "5": 0.6080402010050251, "6": 0.4619883040935672, "8": 0.22, "9": 0.7722222222222223, "10": 0.43333333333333335, "11": 0.5214285714285715, "12": 0.72},
  "recall": 0.5480968858131487,
  "scene_recalls": {"2": 0.5480968858131487},
  "targets_count": 1445,
  "tp_count": 792
}