{
  "gt_count": 1517,
  "mean_obj_recall": 0.5046526859443417,
  "mean_scene_recall": 0.5051903114186851,
  "obj_recalls": {"1": 0.5714285714285714, "5": 0.6080402010050251, "6": 0.4502923976608187, "8": 0.185, "9": 0.6222222222222222, "10": 0.4166666666666667, "11": 0.4785714285714286, "12": 0.705},
  "recall": 0.5051903114186851,
  "scene_recalls": {"2": 0.5051903114186851},
  "targets_count": 1445,
  "tp_count": 730
}