{
  "gt_count": 1517,
  "mean_obj_recall": 0.1336168047841547,
  "mean_scene_recall": 0.13771626297577855,
  "obj_recalls": {"1": 0.08571428571428572, "5": 0.3015075376884422, "6": 0.08187134502923976, "8": 0.12, "9": 0.06111111111111111, "10": 0.09444444444444444, "11": 0.11428571428571428, "12": 0.21},
  "recall": 0.13771626297577855,
  "scene_recalls": {"2": 0.13771626297577855},
  "targets_count": 1445,
  "tp_count": 199
}