{
  "gt_count": 1517,
  "mean_obj_recall": 0.5271166583754192,
  "mean_scene_recall": 0.5266435986159169,
  "obj_recalls": {"1": 0.5942857142857143, "5": 0.6080402010050251, "6": 0.4619883040935672, "8": 0.185, "9": 0.7055555555555556, "10": 0.42777777777777776, "11": 0.5142857142857142, "12": 0.72},
  "recall": 0.5266435986159169,
  "scene_recalls": {"2": 0.5266435986159169},
  "targets_count": 1445,
  "tp_count": 761
}