{
  "gt_count": 1517,
  "mean_obj_recall": 0.5652019758357367,
  "mean_scene_recall": 0.5653979238754325,
  "obj_recalls": {"1": 0.6514285714285715, "5": 0.6080402010050251, "6": 0.4619883040935672, "8": 0.3, "9": 0.8055555555555556, "10": 0.4388888888888889, "11": 0.5357142857142857, "12": 0.72},
  "recall": 0.5653979238754325,
  "scene_recalls": {"2": 0.5653979238754325},
  "targets_count": 1445,
  "tp_count": 817
}