{
  "gt_count": 1517,
  "mean_obj_recall": 0.5398845155182764,
  "mean_scene_recall": 0.5391003460207613,
  "obj_recalls": {"1": 0.6514285714285715, "5": 0.6080402010050251, "6": 0.4619883040935672, "8": 0.18, "9": 0.75, "10": 0.43333333333333335, "11": 0.5142857142857142, "12": 0.72},
  "recall": 0.5391003460207613,
  "scene_recalls": {"2": 0.5391003460207613},
  "targets_count": 1445,
  "tp_count": 779
}