{
  "gt_count": 1517,
  "mean_obj_recall": 0.5279103091690701,
  "mean_scene_recall": 0.5280276816608996,
  "obj_recalls": {"1": 0.6114285714285714, "5": 0.6080402010050251, "6": 0.4619883040935672, "8": 0.175, "9": 0.7388888888888889, "10": 0.4222222222222222, "11": 0.4857142857142857, "12": 0.72},
  "recall": 0.5280276816608996,
  "scene_recalls": {"2": 0.5280276816608996},
  "targets_count": 1445,
  "tp_count": 763
}