{
  "gt_count": 1517,
  "mean_obj_recall": 0.2602390975344559,
  "mean_scene_recall": 0.2615916955017301,
  "obj_recalls": {"1": 0.4, "5": 0.3065326633165829, "6": 0.2631578947368421, "8": 0.085, "9": 0.3333333333333333, "10": 0.2388888888888889, "11": 0.15, "12": 0.305},
  "recall": 0.2615916955017301,
  "scene_recalls": {"2": 0.2615916955017301},
  "targets_count": 1445,
  "tp_count": 378
}