{
  "gt_count": 1517,
  "mean_obj_recall": 0.5566801504389114,
  "mean_scene_recall": 0.5557093425605536,
  "obj_recalls": {"1": 0.6571428571428571, "5": 0.6080402010050251, "6": 0.4619883040935672, "8": 0.215, "9": 0.8111111111111111, "10": 0.4444444444444444, "11": 0.5357142857142857, "12": 0.72},
  "recall": 0.5557093425605536,
  "scene_recalls": {"2": 0.5557093425605536},
  "targets_count": 1445,
  "tp_count": 803
}