{
  "gt_count": 1517,
  "mean_obj_recall": 0.4905992918854926,
  "mean_scene_recall": 0.4913494809688581,
  "obj_recalls": {"1": 0.5942857142857143, "5": 0.5879396984924623, "6": 0.45614035087719296, "8": 0.145, "9": 0.6444444444444445, "10": 0.40555555555555556, "11": 0.42142857142857143, "12": 0.67},
  "recall": 0.4913494809688581,
  "scene_recalls": {"2": 0.4913494809688581},
  "targets_count": 1445,
  "tp_count": 710
}