{
  "gt_count": 1517,
  "mean_obj_recall": 0.16299603174603172,
  "mean_scene_recall": 0.14740484429065745,
  "obj_recalls": {"1": 0.0, "5": 0.0, "6": 0.0, "8": 0.0, "9": 0.0, "10": 0.7611111111111111, "11": 0.5428571428571428, "12": 0.0},
  "recall": 0.14740484429065745,
  "scene_recalls": {"2": 0.14740484429065745},
  "targets_count": 1445,
  "tp_count": 213
}