{
  "gt_count": 1517,
  "mean_obj_recall": 0.04822371569627587,
  "mean_scene_recall": 0.05121107266435986,
  "obj_recalls": {"1": 0.05714285714285714, "5": 0.020100502512562814, "6": 0.005847953216374269, "8": 0.075, "9": 0.03333333333333333, "10": 0.022222222222222223, "11": 0.007142857142857143, "12": 0.165},
  "recall": 0.05121107266435986,
  "scene_recalls": {"2": 0.05121107266435986},
  "targets_count": 1445,
  "tp_count": 74
}