{
  "gt_count": 1517,
  "mean_obj_recall": 0.4302927754898133,
  "mean_scene_recall": 0.43944636678200694,
  "obj_recalls": {"1": 0.4228571428571429, "5": 0.24120603015075376, "6": 0.32748538011695905, "8": 0.505, "9": 0.45, "10": 0.5222222222222223, "11": 0.22857142857142856, "12": 0.745},
  "recall": 0.43944636678200694,
  "scene_recalls": {"2": 0.43944636678200694},
  "targets_count": 1445,
  "tp_count": 635
}