{
  "gt_count": 1517,
  "mean_obj_recall": 0.5551917797005075,
  "mean_scene_recall": 0.5633217993079584,
  "obj_recalls": {"1": 0.5485714285714286, "5": 0.4321608040201005, "6": 0.47953216374269003, "8": 0.555, "9": 0.6444444444444445, "10": 0.6611111111111111, "11": 0.3357142857142857, "12": 0.785},
  "recall": 0.5633217993079584,
  "scene_recalls": {"2": 0.5633217993079584},
  "targets_count": 1445,
  "tp_count": 814
}