{
  "gt_count": 1517,
  "mean_obj_recall": 0.22190854281852035,
  "mean_scene_recall": 0.22975778546712802,
  "obj_recalls": {"1": 0.24, "5": 0.08040201005025126, "6": 0.10526315789473684, "8": 0.265, "9": 0.18333333333333332, "10": 0.25555555555555554, "11": 0.08571428571428572, "12": 0.56},
  "recall": 0.22975778546712802,
  "scene_recalls": {"2": 0.22975778546712802},
  "targets_count": 1445,
  "tp_count": 332
}