{
  "gt_count": 1517,
  "mean_obj_recall": 0.011818616893993779,
  "mean_scene_recall": 0.01245674740484429,
  "obj_recalls": {"1": 0.022857142857142857, "5": 0.005025125628140704, "6": 0.0, "8": 0.015, "9": 0.0, "10": 0.016666666666666666, "11": 0.0, "12": 0.035},
  "recall": 0.01245674740484429,
  "scene_recalls": {"2": 0.01245674740484429},
  "targets_count": 1445,
  "tp_count": 18
}