{
  "gt_count": 1517,
  "mean_obj_recall": 0.12361379264744776,
  "mean_scene_recall": 0.12941176470588237,
  "obj_recalls": {"1": 0.12, "5": 0.04522613065326633, "6": 0.029239766081871343, "8": 0.15, "9": 0.07222222222222222, "10": 0.12222222222222222, "11": 0.05, "12": 0.4},
  "recall": 0.12941176470588237,
  "scene_recalls": {"2": 0.12941176470588237},
  "targets_count": 1445,
  "tp_count": 187
}