{
  "gt_count": 1517,
  "mean_obj_recall": 0.6575803568804759,
  "mean_scene_recall": 0.6636678200692041,
  "obj_recalls": {"1": 0.6342857142857142, "5": 0.6331658291457286, "6": 0.6257309941520468, "8": 0.6, "9": 0.7166666666666667, "10": 0.7722222222222223, "11": 0.4785714285714286, "12": 0.8},
  "recall": 0.6636678200692041,
  "scene_recalls": {"2": 0.6636678200692041},
  "targets_count": 1445,
  "tp_count": 959
}