{
  "gt_count": 1517,
  "mean_obj_recall": 0.32298425082807525,
  "mean_scene_recall": 0.33148788927335643,
  "obj_recalls": {"1": 0.35428571428571426, "5": 0.1457286432160804, "6": 0.21052631578947367, "8": 0.395, "9": 0.3111111111111111, "10": 0.37222222222222223, "11": 0.15, "12": 0.645},
  "recall": 0.33148788927335643,
  "scene_recalls": {"2": 0.33148788927335643},
  "targets_count": 1445,
  "tp_count": 479
}