{
  "gt_count": 1517,
  "mean_obj_recall": 0.16465128220467418,
  "mean_scene_recall": 0.16885813148788928,
  "obj_recalls": {"1": 0.37142857142857144, "5": 0.04522613065326633, "6": 0.2222222222222222, "8": 0.015, "9": 0.1111111111111111, "10": 0.07222222222222222, "11": 0.0, "12": 0.48},
  "recall": 0.16885813148788928,
  "scene_recalls": {"2": 0.16885813148788928},
  "targets_count": 1445,
  "tp_count": 244
}