{
  "gt_count": 1517,
  "mean_obj_recall": 0.463989966016381,
  "mean_scene_recall": 0.4657439446366782,
  "obj_recalls": {"1": 0.42857142857142855, "5": 0.5276381909547738, "6": 0.3157894736842105, "8": 0.39, "9": 0.6611111111111111, "10": 0.4166666666666667, "11": 0.45714285714285713, "12": 0.515},
  "recall": 0.4657439446366782,
  "scene_recalls": {"2": 0.4657439446366782},
  "targets_count": 1445,
  "tp_count": 673
}