{
  "gt_count": 1517,
  "mean_obj_recall": 0.6450793755746149,
  "mean_scene_recall": 0.6470588235294118,
  "obj_recalls": {"1": 0.6171428571428571, "5": 0.6733668341708543, "6": 0.5263157894736842, "8": 0.555, "9": 0.7611111111111111, "10": 0.7055555555555556, "11": 0.6071428571428571, "12": 0.715},
  "recall": 0.6470588235294118,
  "scene_recalls": {"2": 0.6470588235294118},
  "targets_count": 1445,
  "tp_count": 935
}