{
  "gt_count": 1517,
  "mean_obj_recall": 0.563544193398068,
  "mean_scene_recall": 0.5653979238754325,
  "obj_recalls": {"1": 0.5257142857142857, "5": 0.6130653266331658, "6": 0.4327485380116959, "8": 0.475, "9": 0.7277777777777777, "10": 0.5833333333333334, "11": 0.5357142857142857, "12": 0.615},
  "recall": 0.5653979238754325,
  "scene_recalls": {"2": 0.5653979238754325},
  "targets_count": 1445,
  "tp_count": 817
}