{
  "gt_count": 1517,
  "mean_obj_recall": 0.019884093084469968,
  "mean_scene_recall": 0.020069204152249134,
  "obj_recalls": {"1": 0.011428571428571429, "5": 0.005025125628140704, "6": 0.0, "8": 0.015, "9": 0.06666666666666667, "10": 0.016666666666666666, "11": 0.014285714285714285, "12": 0.03},
  "recall": 0.020069204152249134,
  "scene_recalls": {"2": 0.020069204152249134},
  "targets_count": 1445,
  "tp_count": 29
}