{
  "gt_count": 1517,
  "mean_obj_recall": 0.36052798978182476,
  "mean_scene_recall": 0.3619377162629758,
  "obj_recalls": {"1": 0.32, "5": 0.4020100502512563, "6": 0.1871345029239766, "8": 0.295, "9": 0.5555555555555556, "10": 0.26666666666666666, "11": 0.39285714285714285, "12": 0.465},
  "recall": 0.3619377162629758,
  "scene_recalls": {"2": 0.3619377162629758},
  "targets_count": 1445,
  "tp_count": 523
}