{
  "gt_count": 1517,
  "mean_obj_recall": 0.059367753029978626,
  "mean_scene_recall": 0.05951557093425606,
  "obj_recalls": {"1": 0.03428571428571429, "5": 0.04020100502512563, "6": 0.023391812865497075, "8": 0.065, "9": 0.15, "10": 0.027777777777777776, "11": 0.06428571428571428, "12": 0.07},
  "recall": 0.05951557093425606,
  "scene_recalls": {"2": 0.05951557093425606},
  "targets_count": 1445,
  "tp_count": 86
}