{
  "gt_count": 1517,
  "mean_obj_recall": 0.24722101002086458,
  "mean_scene_recall": 0.2477508650519031,
  "obj_recalls": {"1": 0.21142857142857144, "5": 0.22613065326633167, "6": 0.09941520467836257, "8": 0.215, "9": 0.4666666666666667, "10": 0.15555555555555556, "11": 0.2785714285714286, "12": 0.325},
  "recall": 0.2477508650519031,
  "scene_recalls": {"2": 0.2477508650519031},
  "targets_count": 1445,
  "tp_count": 358
}