{
  "gt_count": 1517,
  "mean_obj_recall": 0.13501479305466346,
  "mean_scene_recall": 0.13494809688581316,
  "obj_recalls": {"1": 0.09142857142857143, "5": 0.11055276381909548, "6": 0.06432748538011696, "8": 0.105, "9": 0.28888888888888886, "10": 0.07777777777777778, "11": 0.15714285714285714, "12": 0.185},
  "recall": 0.13494809688581316,
  "scene_recalls": {"2": 0.13494809688581316},
  "targets_count": 1445,
  "tp_count": 195
}