{
  "gt_count": 1517,
  "mean_obj_recall": 0.6281582541991495,
  "mean_scene_recall": 0.6318339100346021,
  "obj_recalls": {"1": 0.6057142857142858, "5": 0.5628140703517588, "6": 0.631578947368421, "8": 0.585, "9": 0.7055555555555556, "10": 0.7388888888888889, "11": 0.4857142857142857, "12": 0.71},
  "recall": 0.6318339100346021,
  "scene_recalls": {"2": 0.6318339100346021},
  "targets_count": 1445,
  "tp_count": 913
}