{
  "gt_count": 1517,
  "mean_obj_recall": 0.1969753686981272,
  "mean_scene_recall": 0.20346020761245676,
  "obj_recalls": {"1": 0.17142857142857143, "5": 0.07537688442211055, "6": 0.12280701754385964, "8": 0.26, "9": 0.16666666666666666, "10": 0.21666666666666667, "11": 0.09285714285714286, "12": 0.47},
  "recall": 0.20346020761245676,
  "scene_recalls": {"2": 0.20346020761245676},
  "targets_count": 1445,
  "tp_count": 294
}