{
  "gt_count": 1517,
  "mean_obj_recall": 0.010432868708622478,
  "mean_scene_recall": 0.011072664359861591,
  "obj_recalls": {"1": 0.022857142857142857, "5": 0.010050251256281407, "6": 0.0, "8": 0.015, "9": 0.0, "10": 0.005555555555555556, "11": 0.0, "12": 0.03},
  "recall": 0.011072664359861591,
  "scene_recalls": {"2": 0.011072664359861591},
  "targets_count": 1445,
  "tp_count": 16
}