{
  "gt_count": 1517,
  "mean_obj_recall": 0.1010845450099285,
  "mean_scene_recall": 0.10588235294117647,
  "obj_recalls": {"1": 0.10285714285714286, "5": 0.04020100502512563, "6": 0.04093567251461988, "8": 0.13, "9": 0.06666666666666667, "10": 0.09444444444444444, "11": 0.02857142857142857, "12": 0.305},
  "recall": 0.10588235294117647,
  "scene_recalls": {"2": 0.10588235294117647},
  "targets_count": 1445,
  "tp_count": 153
}