{
  "gt_count": 1517,
  "mean_obj_recall": 0.5302250548901567,
  "mean_scene_recall": 0.5349480968858131,
  "obj_recalls": {"1": 0.5371428571428571, "5": 0.3417085427135678, "6": 0.49707602339181284, "8": 0.55, "9": 0.6388888888888888, "10": 0.6055555555555555, "11": 0.37142857142857144, "12": 0.7},
  "recall": 0.5349480968858131,
  "scene_recalls": {"2": 0.5349480968858131},
  "targets_count": 1445,
  "tp_count": 773
}