{
  "gt_count": 1517,
  "mean_obj_recall": 0.41185597998345946,
  "mean_scene_recall": 0.4179930795847751,
  "obj_recalls": {"1": 0.37714285714285717, "5": 0.19095477386934673, "6": 0.3508771929824561, "8": 0.5, "9": 0.4444444444444444, "10": 0.5, "11": 0.2714285714285714, "12": 0.66},
  "recall": 0.4179930795847751,
  "scene_recalls": {"2": 0.4179930795847751},
  "targets_count": 1445,
  "tp_count": 604
}