{
  "gt_count": 1517,
  "mean_obj_recall": 0.3071754343983913,
  "mean_scene_recall": 0.3134948096885813,
  "obj_recalls": {"1": 0.2857142857142857, "5": 0.1306532663316583, "6": 0.23976608187134502, "8": 0.375, "9": 0.29444444444444445, "10": 0.3611111111111111, "11": 0.18571428571428572, "12": 0.585},
  "recall": 0.3134948096885813,
  "scene_recalls": {"2": 0.3134948096885813},
  "targets_count": 1445,
  "tp_count": 453
}