{
  "gt_count": 1517,
  "mean_obj_recall": 0.04318768812735356,
  "mean_scene_recall": 0.045674740484429065,
  "obj_recalls": {"1": 0.045714285714285714, "5": 0.020100502512562814, "6": 0.017543859649122806, "8": 0.08, "9": 0.027777777777777776, "10": 0.022222222222222223, "11": 0.007142857142857143, "12": 0.125},
  "recall": 0.045674740484429065,
  "scene_recalls": {"2": 0.045674740484429065},
  "targets_count": 1445,
  "tp_count": 66
}