{
  "gt_count": 1517,
  "mean_obj_recall": 0.19221351903628417,
  "mean_scene_recall": 0.19515570934256055,
  "obj_recalls": {"1": 0.05714285714285714, "5": 0.11055276381909548, "6": 0.05263157894736842, "8": 0.355, "9": 0.26666666666666666, "10": 0.0, "11": 0.2857142857142857, "12": 0.41},
  "recall": 0.19515570934256055,
  "scene_recalls": {"2": 0.19515570934256055},
  "targets_count": 1445,
  "tp_count": 282
}