{
  "gt_count": 1517,
  "mean_obj_recall": 0.2485136994496291,
  "mean_scene_recall": 0.24982698961937716,
  "obj_recalls": {"1": 0.10285714285714286, "5": 0.1457286432160804, "6": 0.1111111111111111, "8": 0.44, "9": 0.35555555555555557, "10": 0.0, "11": 0.39285714285714285, "12": 0.44},
  "recall": 0.24982698961937716,
  "scene_recalls": {"2": 0.24982698961937716},
  "targets_count": 1445,
  "tp_count": 361
}