{
  "gt_count": 1517,
  "mean_obj_recall": 0.36527500703181737,
  "mean_scene_recall": 0.36401384083044985,
  "obj_recalls": {"1": 0.26285714285714284, "5": 0.23115577889447236, "6": 0.27485380116959063, "8": 0.59, "9": 0.5166666666666667, "10": 0.016666666666666666, "11": 0.55, "12": 0.48},
  "recall": 0.36401384083044985,
  "scene_recalls": {"2": 0.36401384083044985},
  "targets_count": 1445,
  "tp_count": 526
}