{
  "gt_count": 1517,
  "mean_obj_recall": 0.04029712839468856,
  "mean_scene_recall": 0.04221453287197232,
  "obj_recalls": {"1": 0.005714285714285714, "5": 0.020100502512562814, "6": 0.005847953216374269, "8": 0.06, "9": 0.05, "10": 0.0, "11": 0.03571428571428571, "12": 0.145},
  "recall": 0.04221453287197232,
  "scene_recalls": {"2": 0.04221453287197232},
  "targets_count": 1445,
  "tp_count": 61
}