{
  "gt_count": 1517,
  "mean_obj_recall": 0.07682754835161605,
  "mean_scene_recall": 0.0782006920415225,
  "obj_recalls": {"1": 0.017142857142857144, "5": 0.04020100502512563, "6": 0.005847953216374269, "8": 0.125, "9": 0.1, "10": 0.0, "11": 0.12142857142857143, "12": 0.205},
  "recall": 0.0782006920415225,
  "scene_recalls": {"2": 0.0782006920415225},
  "targets_count": 1445,
  "tp_count": 113
}