{
  "gt_count": 1517,
  "mean_obj_recall": 0.016372188322565207,
  "mean_scene_recall": 0.01730103806228374,
  "obj_recalls": {"1": 0.0, "5": 0.005025125628140704, "6": 0.0, "8": 0.005, "9": 0.016666666666666666, "10": 0.0, "11": 0.014285714285714285, "12": 0.09},
  "recall": 0.01730103806228374,
  "scene_recalls": {"2": 0.01730103806228374},
  "targets_count": 1445,
  "tp_count": 25
}