{
  "gt_count": 1517,
  "mean_obj_recall": 0.3173102563779634,
  "mean_scene_recall": 0.3176470588235294,
  "obj_recalls": {"1": 0.17714285714285713, "5": 0.20100502512562815, "6": 0.18128654970760233, "8": 0.54, "9": 0.4777777777777778, "10": 0.005555555555555556, "11": 0.4857142857142857, "12": 0.47},
  "recall": 0.3176470588235294,
  "scene_recalls": {"2": 0.3176470588235294},
  "targets_count": 1445,
  "tp_count": 459
}