{
  "gt_count": 1517,
  "mean_obj_recall": 0.007906746031746032,
  "mean_scene_recall": 0.008304498269896194,
  "obj_recalls": {"1": 0.0, "5": 0.0, "6": 0.0, "8": 0.0, "9": 0.011111111111111112, "10": 0.0, "11": 0.007142857142857143, "12": 0.045},
  "recall": 0.008304498269896194,
  "scene_recalls": {"2": 0.008304498269896194},
  "targets_count": 1445,
  "tp_count": 12
}