{
  "gt_count": 1517,
  "mean_obj_recall": 0.1371278410641344,
  "mean_scene_recall": 0.13910034602076124,
  "obj_recalls": {"1": 0.03428571428571429, "5": 0.08040201005025126, "6": 0.029239766081871343, "8": 0.27, "9": 0.16666666666666666, "10": 0.0, "11": 0.22142857142857142, "12": 0.295},
  "recall": 0.13910034602076124,
  "scene_recalls": {"2": 0.13910034602076124},
  "targets_count": 1445,
  "tp_count": 201
}