{
  "gt_count": 1517,
  "mean_obj_recall": 0.6158781060691931,
  "mean_scene_recall": 0.6200692041522491,
  "obj_recalls": {"1": 0.7257142857142858, "5": 0.5829145728643216, "6": 0.4853801169590643, "8": 0.48, "9": 0.8055555555555556, "10": 0.5888888888888889, "11": 0.4785714285714286, "12": 0.78},
  "recall": 0.6200692041522491,
  "scene_recalls": {"2": 0.6200692041522491},
  "targets_count": 1445,
  "tp_count": 896
}