{
  "gt_count": 1517,
  "mean_obj_recall": 0.40991060933321577,
  "mean_scene_recall": 0.415916955017301,
  "obj_recalls": {"1": 0.6457142857142857, "5": 0.2663316582914573, "6": 0.29239766081871343, "8": 0.335, "9": 0.5, "10": 0.35555555555555557, "11": 0.21428571428571427, "12": 0.67},
  "recall": 0.415916955017301,
  "scene_recalls": {"2": 0.415916955017301},
  "targets_count": 1445,
  "tp_count": 601
}