{
  "gt_count": 1517,
  "mean_obj_recall": 0.09600305989009375,
  "mean_scene_recall": 0.10034602076124567,
  "obj_recalls": {"1": 0.16, "5": 0.020100502512562814, "6": 0.05847953216374269, "8": 0.005, "9": 0.06666666666666667, "10": 0.07777777777777778, "11": 0.0, "12": 0.38},
  "recall": 0.10034602076124567,
  "scene_recalls": {"2": 0.10034602076124567},
  "targets_count": 1445,
  "tp_count": 145
}