{
  "gt_count": 1517,
  "mean_obj_recall": 0.03475251413710155,
  "mean_scene_recall": 0.03667820069204152,
  "obj_recalls": {"1": 0.045714285714285714, "5": 0.005025125628140704, "6": 0.023391812865497075, "8": 0.0, "9": 0.016666666666666666, "10": 0.022222222222222223, "11": 0.0, "12": 0.165},
  "recall": 0.03667820069204152,
  "scene_recalls": {"2": 0.03667820069204152},
  "targets_count": 1445,
  "tp_count": 53
}