{
  "gt_count": 1517,
  "mean_obj_recall": 0.7174948284656364,
  "mean_scene_recall": 0.7176470588235294,
  "obj_recalls": {"1": 0.7828571428571428, "5": 0.6984924623115578, "6": 0.6023391812865497, "8": 0.53, "9": 0.8777777777777778, "10": 0.7277777777777777, "11": 0.6857142857142857, "12": 0.835},
  "recall": 0.7176470588235294,
  "scene_recalls": {"2": 0.7176470588235294},
  "targets_count": 1445,
  "tp_count": 1037
}