{
  "gt_count": 1517,
  "mean_obj_recall": 0.7802748364840073,
  "mean_scene_recall": 0.7799307958477508,
  "obj_recalls": {"1": 0.8571428571428571, "5": 0.7889447236180904, "6": 0.6666666666666666, "8": 0.58, "9": 0.8833333333333333, "10": 0.8611111111111112, "11": 0.75, "12": 0.855},
  "recall": 0.7799307958477508,
  "scene_recalls": {"2": 0.7799307958477508},
  "targets_count": 1445,
  "tp_count": 1127
}