{
  "gt_count": 1517,
  "mean_obj_recall": 0.1778979641314341,
  "mean_scene_recall": 0.18339100346020762,
  "obj_recalls": {"1": 0.3485714285714286, "5": 0.06030150753768844, "6": 0.10526315789473684, "8": 0.055, "9": 0.1388888888888889, "10": 0.14444444444444443, "11": 0.03571428571428571, "12": 0.535},
  "recall": 0.18339100346020762,
  "scene_recalls": {"2": 0.18339100346020762},
  "targets_count": 1445,
  "tp_count": 265
}