{
  "gt_count": 1517,
  "mean_obj_recall": 0.5146085035662858,
  "mean_scene_recall": 0.5197231833910034,
  "obj_recalls": {"1": 0.6857142857142857, "5": 0.4020100502512563, "6": 0.40350877192982454, "8": 0.415, "9": 0.7111111111111111, "10": 0.4166666666666667, "11": 0.34285714285714286, "12": 0.74},
  "recall": 0.5197231833910034,
  "scene_recalls": {"2": 0.5197231833910034},
  "targets_count": 1445,
  "tp_count": 751
}