{
  "gt_count": 1517,
  "mean_obj_recall": 0.10774597454692006,
  "mean_scene_recall": 0.10726643598615918,
  "obj_recalls": {"1": 0.08, "5": 0.03015075376884422, "6": 0.07602339181286549, "8": 0.015, "9": 0.027777777777777776, "10": 0.09444444444444444, "11": 0.17857142857142858, "12": 0.36},
  "recall": 0.10726643598615918,
  "scene_recalls": {"2": 0.10726643598615918},
  "targets_count": 1445,
  "tp_count": 155
}