{
  "gt_count": 1517,
  "mean_obj_recall": 0.5206009632540312,
  "mean_scene_recall": 0.5155709342560554,
  "obj_recalls": {"1": 0.5657142857142857, "5": 0.32160804020100503, "6": 0.43859649122807015, "8": 0.455, "9": 0.5166666666666667, "10": 0.5722222222222222, "11": 0.65, "12": 0.645},
  "recall": 0.5155709342560554,
  "scene_recalls": {"2": 0.5155709342560554},
  "targets_count": 1445,
  "tp_count": 745
}