{
  "gt_count": 1517,
  "mean_obj_recall": 0.3143121045914619,
  "mean_scene_recall": 0.3065743944636678,
  "obj_recalls": {"1": 0.3657142857142857, "5": 0.18090452261306533, "6": 0.30994152046783624, "8": 0.17, "9": 0.16111111111111112, "10": 0.3111111111111111, "11": 0.5357142857142857, "12": 0.48},
  "recall": 0.3065743944636678,
  "scene_recalls": {"2": 0.3065743944636678},
  "targets_count": 1445,
  "tp_count": 443
}