{
  "gt_count": 1517,
  "mean_obj_recall": 0.412726503234636,
  "mean_scene_recall": 0.4069204152249135,
  "obj_recalls": {"1": 0.44571428571428573, "5": 0.2663316582914573, "6": 0.3508771929824561, "8": 0.335, "9": 0.29444444444444445, "10": 0.4444444444444444, "11": 0.6, "12": 0.565},
  "recall": 0.4069204152249135,
  "scene_recalls": {"2": 0.4069204152249135},
  "targets_count": 1445,
  "tp_count": 588
}