{
  "gt_count": 1517,
  "mean_obj_recall": 0.018032581453634088,
  "mean_scene_recall": 0.019377162629757784,
  "obj_recalls": {"1": 0.005714285714285714, "5": 0.0, "6": 0.005847953216374269, "8": 0.0, "9": 0.005555555555555556, "10": 0.0, "11": 0.007142857142857143, "12": 0.12},
  "recall": 0.019377162629757784,
  "scene_recalls": {"2": 0.019377162629757784},
  "targets_count": 1445,
  "tp_count": 28
}