{
  "gt_count": 1517,
  "mean_obj_recall": 0.23632748118201702,
  "mean_scene_recall": 0.23044982698961938,
  "obj_recalls": {"1": 0.26857142857142857, "5": 0.1306532663316583, "6": 0.19298245614035087, "8": 0.105, "9": 0.08888888888888889, "10": 0.21666666666666667, "11": 0.44285714285714284, "12": 0.445},
  "recall": 0.23044982698961938,
  "scene_recalls": {"2": 0.23044982698961938},
  "targets_count": 1445,
  "tp_count": 333
}