{
  "gt_count": 1517,
  "mean_obj_recall": 0.17425713047274805,
  "mean_scene_recall": 0.17093425605536333,
  "obj_recalls": {"1": 0.17714285714285713, "5": 0.08542713567839195, "6": 0.13450292397660818, "8": 0.06, "9": 0.05, "10": 0.15555555555555556, "11": 0.32142857142857145, "12": 0.41},
  "recall": 0.17093425605536333,
  "scene_recalls": {"2": 0.17093425605536333},
  "targets_count": 1445,
  "tp_count": 247
}