{
  "gt_count": 1517,
  "mean_obj_recall": 0.6016192753659694,
  "mean_scene_recall": 0.5972318339100346,
  "obj_recalls": {"1": 0.5942857142857143, "5": 0.4120603015075377, "6": 0.5321637426900585, "8": 0.54, "9": 0.6888888888888889, "10": 0.6555555555555556, "11": 0.7, "12": 0.69},
  "recall": 0.5972318339100346,
  "scene_recalls": {"2": 0.5972318339100346},
  "targets_count": 1445,
  "tp_count": 863
}