{
  "gt_count": 1517,
  "mean_obj_recall": 0.05531850459482038,
  "mean_scene_recall": 0.05674740484429066,
  "obj_recalls": {"1": 0.017142857142857144, "5": 0.0, "6": 0.03508771929824561, "8": 0.0, "9": 0.011111111111111112, "10": 0.027777777777777776, "11": 0.07142857142857142, "12": 0.28},
  "recall": 0.05674740484429066,
  "scene_recalls": {"2": 0.05674740484429066},
  "targets_count": 1445,
  "tp_count": 82
}