{
  "gt_count": 1517,
  "mean_obj_recall": 0.576149166887067,
  "mean_scene_recall": 0.5875432525951557,
  "obj_recalls": {"1": 0.6057142857142858, "5": 0.628140703517588, "6": 0.42105263157894735, "8": 0.53, "9": 0.7222222222222222, "10": 0.5777777777777777, "11": 0.3142857142857143, "12": 0.81},
  "recall": 0.5875432525951557,
  "scene_recalls": {"2": 0.5875432525951557},
  "targets_count": 1445,
  "tp_count": 849
}