{
  "gt_count": 1517,
  "mean_obj_recall": 0.0223209300470607,
  "mean_scene_recall": 0.023529411764705882,
  "obj_recalls": {"1": 0.045714285714285714, "5": 0.01507537688442211, "6": 0.0, "8": 0.015, "9": 0.011111111111111112, "10": 0.016666666666666666, "11": 0.0, "12": 0.075},
  "recall": 0.023529411764705882,
  "scene_recalls": {"2": 0.023529411764705882},
  "targets_count": 1445,
  "tp_count": 34
}