{
  "gt_count": 1517,
  "mean_obj_recall": 0.7671849142328182,
  "mean_scene_recall": 0.77439446366782,
  "obj_recalls": {"1": 0.7828571428571428, "5": 0.8492462311557789, "6": 0.6900584795321637, "8": 0.665, "9": 0.8722222222222222, "10": 0.8166666666666667, "11": 0.5714285714285714, "12": 0.89},
  "recall": 0.77439446366782,
  "scene_recalls": {"2": 0.77439446366782},
  "targets_count": 1445,
  "tp_count": 1119
}