{
  "gt_count": 1517,
  "mean_obj_recall": 0.18664540853809566,
  "mean_scene_recall": 0.1944636678200692,
  "obj_recalls": {"1": 0.19428571428571428, "5": 0.09547738693467336, "6": 0.05847953216374269, "8": 0.16, "9": 0.17777777777777778, "10": 0.2, "11": 0.05714285714285714, "12": 0.55},
  "recall": 0.1944636678200692,
  "scene_recalls": {"2": 0.1944636678200692},
  "targets_count": 1445,
  "tp_count": 281
}