{
  "gt_count": 1517,
  "mean_obj_recall": 0.4421987784578699,
  "mean_scene_recall": 0.45259515570934256,
  "obj_recalls": {"1": 0.49714285714285716, "5": 0.36683417085427134, "6": 0.28654970760233917, "8": 0.43, "9": 0.5055555555555555, "10": 0.4722222222222222, "11": 0.21428571428571427, "12": 0.765},
  "recall": 0.45259515570934256,
  "scene_recalls": {"2": 0.45259515570934256},
  "targets_count": 1445,
  "tp_count": 654
}