{
  "gt_count": 1517,
  "mean_obj_recall": 0.6829293344332354,
  "mean_scene_recall": 0.6913494809688582,
  "obj_recalls": {"1": 0.68, "5": 0.7537688442211056, "6": 0.5964912280701754, "8": 0.59, "9": 0.8222222222222222, "10": 0.7166666666666667, "11": 0.4642857142857143, "12": 0.84},
  "recall": 0.6913494809688582,
  "scene_recalls": {"2": 0.6913494809688582},
  "targets_count": 1445,
  "tp_count": 999
}