{
  "gt_count": 1517,
  "mean_obj_recall": 0.31392000205706894,
  "mean_scene_recall": 0.32249134948096886,
  "obj_recalls": {"1": 0.36, "5": 0.19597989949748743, "6": 0.15204678362573099, "8": 0.295, "9": 0.34444444444444444, "10": 0.3388888888888889, "11": 0.15, "12": 0.675},
  "recall": 0.32249134948096886,
  "scene_recalls": {"2": 0.32249134948096886},
  "targets_count": 1445,
  "tp_count": 466
}