{
  "gt_count": 1517,
  "mean_obj_recall": 0.08566370910525896,
  "mean_scene_recall": 0.09065743944636678,
  "obj_recalls": {"1": 0.09714285714285714, "5": 0.04522613065326633, "6": 0.017543859649122806, "8": 0.08, "9": 0.07222222222222222, "10": 0.03888888888888889, "11": 0.014285714285714285, "12": 0.32},
  "recall": 0.09065743944636678,
  "scene_recalls": {"2": 0.09065743944636678},
  "targets_count": 1445,
  "tp_count": 131
}