{
  "gt_count": 6900,
  "mean_obj_recall": 0.6073108342173212,
  "mean_scene_recall": 0.6142165816091765,
  "obj_recalls": {"1": 0.4629878869448183, "2": 0.42857142857142855, "3": 0.5807291666666666, "4": 0.5235690235690236, "5": 0.6263157894736842, "6": 0.6326530612244898, "7": 0.528, "8": 0.6666666666666666, "9": 0.8861788617886179, "10": 0.7552447552447552, "11": 0.6057142857142858, "12": 0.5683453237410072, "13": 0.5642857142857143, "14": 0.2191780821917808, "15": 0.6095890410958904, "16": 0.7659574468085106, "17": 0.815068493150685, "18": 0.7945205479452054, "19": 0.5706806282722513, "20": 0.325, "21": 0.4742857142857143, "22": 0.425531914893617, "23": 0.782258064516129, "24": 0.6302083333333334, "25": 0.49473684210526314, "26": 0.7272727272727273, "27": 0.4375, "28": 0.671875, "29": 0.8061224489795918, "30": 0.8402777777777778},
  "recall": 0.5799470652343142,
  "scene_recalls": {"1": 0.7817258883248731, "2": 0.7006802721088435, "3": 0.5240174672489083, "4": 0.8256410256410256, "5": 0.8442622950819673, "6": 0.7222222222222222, "7": 0.711340206185567, "8": 0.5408163265306123, "9": 0.5346715328467153, "10": 0.4652777777777778, "11": 0.6903553299492385, "12": 0.6426116838487973, "13": 0.5706371191135734, "14": 0.5582089552238806, "15": 0.5363321799307958, "16": 0.5891472868217055, "17": 0.5950920245398773, "18": 0.4809688581314879, "19": 0.6541176470588236, "20": 0.31620553359683795},
  "targets_count": 6423,
  "tp_count": 3725
}