{
  "gt_count": 6900,
  "mean_obj_recall": 0.34400253372814443,
  "mean_scene_recall": 0.34097873552204083,
  "obj_recalls": {"1": 0.1386271870794078, "2": 0.1927437641723356, "3": 0.21875, "4": 0.132996632996633, "5": 0.5578947368421052, "6": 0.41836734693877553, "7": 0.448, "8": 0.5266666666666666, "9": 0.7195121951219512, "10": 0.3006993006993007, "11": 0.07428571428571429, "12": 0.2733812949640288, "13": 0.07857142857142857, "14": 0.04794520547945205, "15": 0.19863013698630136, "16": 0.48404255319148937, "17": 0.7876712328767124, "18": 0.6712328767123288, "19": 0.19895287958115182, "20": 0.14583333333333334, "21": 0.18285714285714286, "22": 0.13297872340425532, "23": 0.5080645161290323, "24": 0.2552083333333333, "25": 0.25263157894736843, "26": 0.5050505050505051, "27": 0.34375, "28": 0.5104166666666666, "29": 0.47959183673469385, "30": 0.5347222222222222},
  "recall": 0.3028179978203332,
  "scene_recalls": {"1": 0.3248730964467005, "2": 0.6802721088435374, "3": 0.3624454148471616, "4": 0.6256410256410256, "5": 0.4426229508196721, "6": 0.23504273504273504, "7": 0.32989690721649484, "8": 0.24149659863945577, "9": 0.16605839416058393, "10": 0.20833333333333334, "11": 0.5786802030456852, "12": 0.2920962199312715, "13": 0.28254847645429365, "14": 0.2865671641791045, "15": 0.42214532871972316, "16": 0.2713178294573643, "17": 0.254601226993865, "18": 0.25259515570934254, "19": 0.43058823529411766, "20": 0.13175230566534915},
  "targets_count": 6423,
  "tp_count": 1945
}