{
  "gt_count": 6900,
  "mean_obj_recall": 0.5955559257910322,
  "mean_scene_recall": 0.6020627586688676,
  "obj_recalls": {"1": 0.4549125168236878, "2": 0.42630385487528344, "3": 0.578125, "4": 0.4898989898989899, "5": 0.6263157894736842, "6": 0.6224489795918368, "7": 0.528, "8": 0.6333333333333333, "9": 0.8739837398373984, "10": 0.7552447552447552, "11": 0.5771428571428572, "12": 0.5683453237410072, "13": 0.5142857142857142, "14": 0.21232876712328766, "15": 0.6095890410958904, "16": 0.7553191489361702, "17": 0.815068493150685, "18": 0.7876712328767124, "19": 0.5497382198952879, "20": 0.3, "21": 0.46285714285714286, "22": 0.4148936170212766, "23": 0.7701612903225806, "24": 0.609375, "25": 0.49473684210526314, "26": 0.7272727272727273, "27": 0.4375, "28": 0.6458333333333334, "29": 0.7857142857142857, "30": 0.8402777777777778},
  "recall": 0.567336135762105,
  "scene_recalls": {"1": 0.7715736040609137, "2": 0.7006802721088435, "3": 0.5065502183406113, "4": 0.8153846153846154, "5": 0.8401639344262295, "6": 0.7051282051282052, "7": 0.7087628865979382, "8": 0.5272108843537415, "9": 0.5164233576642335, "10": 0.4548611111111111, "11": 0.6852791878172588, "12": 0.6391752577319587, "13": 0.5429362880886427, "14": 0.5343283582089552, "15": 0.5363321799307958, "16": 0.5710594315245479, "17": 0.5766871165644172, "18": 0.45674740484429066, "19": 0.6423529411764706, "20": 0.3096179183135705},
  "targets_count": 6423,
  "tp_count": 3644
}