{
  "gt_count": 1517,
  "mean_obj_recall": 0.0391734544695071,
  "mean_scene_recall": 0.04152249134948097,
  "obj_recalls": {"1": 0.0, "5": 0.0, "6": 0.005847953216374269, "8": 0.0, "9": 0.06111111111111111, "10": 0.0, "11": 0.02142857142857143, "12": 0.225},
  "recall": 0.04152249134948097,
  "scene_recalls": {"2": 0.04152249134948097},
  "targets_count": 1445,
  "tp_count": 60
}