{
  "gt_count": 1517,
  "mean_obj_recall": 0.055363432135615426,
  "mean_scene_recall": 0.05813148788927336,
  "obj_recalls": {"1": 0.005714285714285714, "5": 0.01507537688442211, "6": 0.005847953216374269, "8": 0.0, "9": 0.10555555555555556, "10": 0.0, "11": 0.03571428571428571, "12": 0.275},
  "recall": 0.05813148788927336,
  "scene_recalls": {"2": 0.05813148788927336},
  "targets_count": 1445,
  "tp_count": 84
}