{
  "gt_count": 1517,
  "mean_obj_recall": 0.026438492063492063,
  "mean_scene_recall": 0.02837370242214533,
  "obj_recalls": {"1": 0.0, "5": 0.0, "6": 0.0, "8": 0.0, "9": 0.022222222222222223, "10": 0.0, "11": 0.014285714285714285, "12": 0.175},
  "recall": 0.02837370242214533,
  "scene_recalls": {"2": 0.02837370242214533},
  "targets_count": 1445,
  "tp_count": 41
}