{
  "gt_count": 1517,
  "mean_obj_recall": 0.04918965651146291,
  "mean_scene_recall": 0.05190311418685121,
  "obj_recalls": {"1": 0.005714285714285714, "5": 0.010050251256281407, "6": 0.005847953216374269, "8": 0.0, "9": 0.08333333333333333, "10": 0.0, "11": 0.02857142857142857, "12": 0.26},
  "recall": 0.05190311418685121,
  "scene_recalls": {"2": 0.05190311418685121},
  "targets_count": 1445,
  "tp_count": 75
}