{
  "gt_count": 1517,
  "mean_obj_recall": 0.03237781954887218,
  "mean_scene_recall": 0.03460207612456748,
  "obj_recalls": {"1": 0.0, "5": 0.0, "6": 0.005847953216374269, "8": 0.0, "9": 0.03888888888888889, "10": 0.0, "11": 0.014285714285714285, "12": 0.2},
  "recall": 0.03460207612456748,
  "scene_recalls": {"2": 0.03460207612456748},
  "targets_count": 1445,
  "tp_count": 50
}