{
  "gt_count": 1517,
  "mean_obj_recall": 0.7230907225139902,
  "mean_scene_recall": 0.7245674740484429,
  "obj_recalls": {"1": 0.7657142857142857, "5": 0.7839195979899497, "6": 0.6081871345029239, "8": 0.55, "9": 0.8555555555555555, "10": 0.7277777777777777, "11": 0.6785714285714286, "12": 0.815},
  "recall": 0.7245674740484429,
  "scene_recalls": {"2": 0.7245674740484429},
  "targets_count": 1445,
  "tp_count": 1047
}