{
  "gt_count": 1517,
  "mean_obj_recall": 0.18284677092647866,
  "mean_scene_recall": 0.1875432525951557,
  "obj_recalls": {"1": 0.34285714285714286, "5": 0.04522613065326633, "6": 0.14619883040935672, "8": 0.05, "9": 0.18888888888888888, "10": 0.1388888888888889, "11": 0.03571428571428571, "12": 0.515},
  "recall": 0.1875432525951557,
  "scene_recalls": {"2": 0.1875432525951557},
  "targets_count": 1445,
  "tp_count": 271
}