{
  "gt_count": 1517,
  "mean_obj_recall": 0.09986898254849856,
  "mean_scene_recall": 0.10449826989619378,
  "obj_recalls": {"1": 0.13142857142857142, "5": 0.02512562814070352, "6": 0.07017543859649122, "8": 0.005, "9": 0.09444444444444444, "10": 0.07777777777777778, "11": 0.0, "12": 0.395},
  "recall": 0.10449826989619378,
  "scene_recalls": {"2": 0.10449826989619378},
  "targets_count": 1445,
  "tp_count": 151
}