{
  "gt_count": 1517,
  "mean_obj_recall": 0.530847095229699,
  "mean_scene_recall": 0.5356401384083045,
  "obj_recalls": {"1": 0.6571428571428571, "5": 0.45226130653266333, "6": 0.4093567251461988, "8": 0.445, "9": 0.7666666666666667, "10": 0.42777777777777776, "11": 0.37857142857142856, "12": 0.71},
  "recall": 0.5356401384083045,
  "scene_recalls": {"2": 0.5356401384083045},
  "targets_count": 1445,
  "tp_count": 774
}