{
  "gt_count": 1517,
  "mean_obj_recall": 0.4032204857831345,
  "mean_scene_recall": 0.4083044982698962,
  "obj_recalls": {"1": 0.5885714285714285, "5": 0.2914572864321608, "6": 0.30994152046783624, "8": 0.265, "9": 0.5777777777777777, "10": 0.29444444444444445, "11": 0.22857142857142856, "12": 0.67},
  "recall": 0.4083044982698962,
  "scene_recalls": {"2": 0.4083044982698962},
  "targets_count": 1445,
  "tp_count": 590
}