{
  "gt_count": 1517,
  "mean_obj_recall": 0.27676035776207686,
  "mean_scene_recall": 0.2823529411764706,
  "obj_recalls": {"1": 0.42857142857142855, "5": 0.1457286432160804, "6": 0.19883040935672514, "8": 0.165, "9": 0.38333333333333336, "10": 0.18333333333333332, "11": 0.11428571428571428, "12": 0.595},
  "recall": 0.2823529411764706,
  "scene_recalls": {"2": 0.2823529411764706},
  "targets_count": 1445,
  "tp_count": 408
}