{
  "gt_count": 1517,
  "mean_obj_recall": 0.7738108462110049,
  "mean_scene_recall": 0.7750865051903114,
  "obj_recalls": {"1": 0.8114285714285714, "5": 0.8442211055276382, "6": 0.6491228070175439, "8": 0.595, "9": 0.8666666666666667, "10": 0.8333333333333334, "11": 0.7357142857142858, "12": 0.855},
  "recall": 0.7750865051903114,
  "scene_recalls": {"2": 0.7750865051903114},
  "targets_count": 1445,
  "tp_count": 1120
}