{
  "gt_count": 1517,
  "mean_obj_recall": 0.6348104741543977,
  "mean_scene_recall": 0.639446366782007,
  "obj_recalls": {"1": 0.7085714285714285, "5": 0.6733668341708543, "6": 0.49122807017543857, "8": 0.53, "9": 0.8166666666666667, "10": 0.5722222222222222, "11": 0.5214285714285715, "12": 0.765},
  "recall": 0.639446366782007,
  "scene_recalls": {"2": 0.639446366782007},
  "targets_count": 1445,
  "tp_count": 924
}