{
  "gt_count": 1517,
  "mean_obj_recall": 0.0019642857142857144,
  "mean_scene_recall": 0.0020761245674740486,
  "obj_recalls": {"1": 0.005714285714285714, "5": 0.0, "6": 0.0, "8": 0.005, "9": 0.0, "10": 0.0, "11": 0.0, "12": 0.005},
  "recall": 0.0020761245674740486,
  "scene_recalls": {"2": 0.0020761245674740486},
  "targets_count": 1445,
  "tp_count": 3
}