{
  "gt_count": 1517,
  "mean_obj_recall": 0.40283793917373,
  "mean_scene_recall": 0.40207612456747405,
  "obj_recalls": {"1": 0.37714285714285717, "5": 0.40703517587939697, "6": 0.25146198830409355, "8": 0.645, "9": 0.4666666666666667, "10": 0.011111111111111112, "11": 0.6142857142857143, "12": 0.45},
  "recall": 0.40207612456747405,
  "scene_recalls": {"2": 0.40207612456747405},
  "targets_count": 1445,
  "tp_count": 581
}