{
  "gt_count": 1517,
  "mean_obj_recall": 0.34734451024966095,
  "mean_scene_recall": 0.3494809688581315,
  "obj_recalls": {"1": 0.2571428571428571, "5": 0.4020100502512563, "6": 0.2222222222222222, "8": 0.575, "9": 0.4111111111111111, "10": 0.005555555555555556, "11": 0.4857142857142857, "12": 0.42},
  "recall": 0.3494809688581315,
  "scene_recalls": {"2": 0.3494809688581315},
  "targets_count": 1445,
  "tp_count": 505
}