{
  "gt_count": 1517,
  "mean_obj_recall": 0.14749361364046631,
  "mean_scene_recall": 0.15363321799307958,
  "obj_recalls": {"1": 0.06285714285714286, "5": 0.2562814070351759, "6": 0.07017543859649122, "8": 0.345, "9": 0.07777777777777778, "10": 0.0, "11": 0.14285714285714285, "12": 0.225},
  "recall": 0.15363321799307958,
  "scene_recalls": {"2": 0.15363321799307958},
  "targets_count": 1445,
  "tp_count": 222
}