{
  "gt_count": 1517,
  "mean_obj_recall": 0.3825961889648745,
  "mean_scene_recall": 0.3833910034602076,
  "obj_recalls": {"1": 0.30857142857142855, "5": 0.40703517587939697, "6": 0.23976608187134502, "8": 0.635, "9": 0.45, "10": 0.011111111111111112, "11": 0.5642857142857143, "12": 0.445},
  "recall": 0.3833910034602076,
  "scene_recalls": {"2": 0.3833910034602076},
  "targets_count": 1445,
  "tp_count": 554
}