{
  "gt_count": 1517,
  "mean_obj_recall": 0.04485384052677758,
  "mean_scene_recall": 0.04844290657439446,
  "obj_recalls": {"1": 0.011428571428571429, "5": 0.02512562814070352, "6": 0.005847953216374269, "8": 0.15, "9": 0.0, "10": 0.0, "11": 0.02142857142857143, "12": 0.145},
  "recall": 0.04844290657439446,
  "scene_recalls": {"2": 0.04844290657439446},
  "targets_count": 1445,
  "tp_count": 70
}