{
  "gt_count": 1517,
  "mean_obj_recall": 0.4187971079289514,
  "mean_scene_recall": 0.4166089965397924,
  "obj_recalls": {"1": 0.4228571428571429, "5": 0.40703517587939697, "6": 0.2573099415204678, "8": 0.65, "9": 0.4777777777777778, "10": 0.011111111111111112, "11": 0.6642857142857143, "12": 0.46},
  "recall": 0.4166089965397924,
  "scene_recalls": {"2": 0.4166089965397924},
  "targets_count": 1445,
  "tp_count": 602
}