{
  "gt_count": 1517,
  "mean_obj_recall": 0.4312407248229452,
  "mean_scene_recall": 0.42837370242214534,
  "obj_recalls": {"1": 0.4742857142857143, "5": 0.4120603015075377, "6": 0.2573099415204678, "8": 0.655, "9": 0.4777777777777778, "10": 0.027777777777777776, "11": 0.6857142857142857, "12": 0.46},
  "recall": 0.42837370242214534,
  "scene_recalls": {"2": 0.42837370242214534},
  "targets_count": 1445,
  "tp_count": 619
}