{
  "gt_count": 1517,
  "mean_obj_recall": 0.28687403181320137,
  "mean_scene_recall": 0.2892733564013841,
  "obj_recalls": {"1": 0.19428571428571428, "5": 0.38190954773869346, "6": 0.1695906432748538, "8": 0.505, "9": 0.2777777777777778, "10": 0.0, "11": 0.42142857142857143, "12": 0.345},
  "recall": 0.2892733564013841,
  "scene_recalls": {"2": 0.2892733564013841},
  "targets_count": 1445,
  "tp_count": 418
}