{
  "gt_count": 1517,
  "mean_obj_recall": 0.43698791314551033,
  "mean_scene_recall": 0.4339100346020761,
  "obj_recalls": {"1": 0.49142857142857144, "5": 0.41708542713567837, "6": 0.2573099415204678, "8": 0.655, "9": 0.4888888888888889, "10": 0.03333333333333333, "11": 0.6928571428571428, "12": 0.46},
  "recall": 0.4339100346020761,
  "scene_recalls": {"2": 0.4339100346020761},
  "targets_count": 1445,
  "tp_count": 627
}