{
  "gt_count": 1517,
  "mean_obj_recall": 0.2735565069499545,
  "mean_scene_recall": 0.28027681660899656,
  "obj_recalls": {"1": 0.4742857142857143, "5": 0.1407035175879397, "6": 0.21052631578947367, "8": 0.22, "9": 0.24444444444444444, "10": 0.22777777777777777, "11": 0.08571428571428572, "12": 0.585},
  "recall": 0.28027681660899656,
  "scene_recalls": {"2": 0.28027681660899656},
  "targets_count": 1445,
  "tp_count": 405
}