{
  "gt_count": 1517,
  "mean_obj_recall": 0.7699474319173142,
  "mean_scene_recall": 0.7695501730103806,
  "obj_recalls": {"1": 0.8342857142857143, "5": 0.7738693467336684, "6": 0.6491228070175439, "8": 0.575, "9": 0.8833333333333333, "10": 0.8611111111111112, "11": 0.7428571428571429, "12": 0.84},
  "recall": 0.7695501730103806,
  "scene_recalls": {"2": 0.7695501730103806},
  "targets_count": 1445,
  "tp_count": 1112
}