{
  "gt_count": 1517,
  "mean_obj_recall": 0.09086103029768726,
  "mean_scene_recall": 0.09480968858131487,
  "obj_recalls": {"1": 0.16, "5": 0.01507537688442211, "6": 0.05847953216374269, "8": 0.005, "9": 0.05555555555555555, "10": 0.07777777777777778, "11": 0.0, "12": 0.355},
  "recall": 0.09480968858131487,
  "scene_recalls": {"2": 0.09480968858131487},
  "targets_count": 1445,
  "tp_count": 137
}