{
  "gt_count": 1517,
  "mean_obj_recall": 0.6119166320323421,
  "mean_scene_recall": 0.615916955017301,
  "obj_recalls": {"1": 0.7257142857142858, "5": 0.5778894472361809, "6": 0.4853801169590643, "8": 0.475, "9": 0.7944444444444444, "10": 0.5833333333333334, "11": 0.4785714285714286, "12": 0.775},
  "recall": 0.615916955017301,
  "scene_recalls": {"2": 0.615916955017301},
  "targets_count": 1445,
  "tp_count": 890
}