{
  "gt_count": 1517,
  "mean_obj_recall": 0.7056198127227618,
  "mean_scene_recall": 0.7058823529411765,
  "obj_recalls": {"1": 0.7771428571428571, "5": 0.6884422110552764, "6": 0.5906432748538012, "8": 0.525, "9": 0.8666666666666667, "10": 0.7277777777777777, "11": 0.6642857142857143, "12": 0.805},
  "recall": 0.7058823529411765,
  "scene_recalls": {"2": 0.7058823529411765},
  "targets_count": 1445,
  "tp_count": 1020
}