{
  "gt_count": 1517,
  "mean_obj_recall": 0.40470904805984814,
  "mean_scene_recall": 0.41038062283737026,
  "obj_recalls": {"1": 0.64, "5": 0.2562814070351759, "6": 0.28654970760233917, "8": 0.335, "9": 0.5, "10": 0.35555555555555557, "11": 0.21428571428571427, "12": 0.65},
  "recall": 0.41038062283737026,
  "scene_recalls": {"2": 0.41038062283737026},
  "targets_count": 1445,
  "tp_count": 593
}