{
  "gt_count": 1517,
  "mean_obj_recall": 0.17469723827995448,
  "mean_scene_recall": 0.17993079584775087,
  "obj_recalls": {"1": 0.3485714285714286, "5": 0.05025125628140704, "6": 0.10526315789473684, "8": 0.055, "9": 0.13333333333333333, "10": 0.14444444444444443, "11": 0.03571428571428571, "12": 0.525},
  "recall": 0.17993079584775087,
  "scene_recalls": {"2": 0.17993079584775087},
  "targets_count": 1445,
  "tp_count": 260
}