{
  "gt_count": 1517,
  "mean_obj_recall": 0.511206224312876,
  "mean_scene_recall": 0.5162629757785467,
  "obj_recalls": {"1": 0.6857142857142857, "5": 0.3869346733668342, "6": 0.40350877192982454, "8": 0.415, "9": 0.7111111111111111, "10": 0.4166666666666667, "11": 0.3357142857142857, "12": 0.735},
  "recall": 0.5162629757785467,
  "scene_recalls": {"2": 0.5162629757785467},
  "targets_count": 1445,
  "tp_count": 746
}