{
  "bop19_average_recall": 0.3384244521337947,
  "bop19_average_recall_mspd": 0.39356401384083045,
  "bop19_average_recall_mssd": 0.3544636678200692,
  "bop19_average_recall_vsd": 0.26724567474048433,
  "bop19_average_time_per_image": 2.156454190015793
}