{
  "gt_count": 6900,
  "mean_obj_recall": 0.3461611319965979,
  "mean_scene_recall": 0.34673296094493206,
  "obj_recalls": {"1": 0.10363391655450875, "2": 0.12244897959183673, "3": 0.171875, "4": 0.1750841750841751, "5": 0.5578947368421052, "6": 0.4387755102040816, "7": 0.476, "8": 0.5666666666666667, "9": 0.8211382113821138, "10": 0.4125874125874126, "11": 0.08571428571428572, "12": 0.23741007194244604, "13": 0.07857142857142857, "14": 0.04794520547945205, "15": 0.1917808219178082, "16": 0.22872340425531915, "17": 0.7945205479452054, "18": 0.5958904109589042, "19": 0.28272251308900526, "20": 0.1375, "21": 0.3028571428571429, "22": 0.19680851063829788, "23": 0.6612903225806451, "24": 0.140625, "25": 0.18947368421052632, "26": 0.36363636363636365, "27": 0.375, "28": 0.5625, "29": 0.5102040816326531, "30": 0.5555555555555556},
  "recall": 0.30375214074420054,
  "scene_recalls": {"1": 0.3248730964467005, "2": 0.673469387755102, "3": 0.3318777292576419, "4": 0.6564102564102564, "5": 0.5368852459016393, "6": 0.26495726495726496, "7": 0.2963917525773196, "8": 0.29931972789115646, "9": 0.1332116788321168, "10": 0.2534722222222222, "11": 0.6142131979695431, "12": 0.28865979381443296, "13": 0.3601108033240997, "14": 0.3492537313432836, "15": 0.35294117647058826, "16": 0.25839793281653745, "17": 0.25766871165644173, "18": 0.2179930795847751, "19": 0.3341176470588235, "20": 0.13043478260869565},
  "targets_count": 6423,
  "tp_count": 1951
}