{
  "gt_count": 6900,
  "mean_obj_recall": 0.16309342552286968,
  "mean_scene_recall": 0.16907581026350788,
  "obj_recalls": {"1": 0.02826379542395693, "2": 0.034013605442176874, "3": 0.036458333333333336, "4": 0.04377104377104377, "5": 0.3, "6": 0.1836734693877551, "7": 0.308, "8": 0.44, "9": 0.5121951219512195, "10": 0.07692307692307693, "11": 0.005714285714285714, "12": 0.05755395683453238, "13": 0.007142857142857143, "14": 0.02054794520547945, "15": 0.0547945205479452, "16": 0.0797872340425532, "17": 0.6232876712328768, "18": 0.2876712328767123, "19": 0.03664921465968586, "20": 0.041666666666666664, "21": 0.04, "22": 0.05851063829787234, "23": 0.46774193548387094, "24": 0.0625, "25": 0.021052631578947368, "26": 0.1414141414141414, "27": 0.22916666666666666, "28": 0.375, "29": 0.17346938775510204, "30": 0.14583333333333334},
  "recall": 0.14183403394052624,
  "scene_recalls": {"1": 0.07106598984771574, "2": 0.43537414965986393, "3": 0.19213973799126638, "4": 0.36923076923076925, "5": 0.24180327868852458, "6": 0.0811965811965812, "7": 0.14432989690721648, "8": 0.09523809523809523, "9": 0.032846715328467155, "10": 0.09375, "11": 0.40609137055837563, "12": 0.09278350515463918, "13": 0.1440443213296399, "14": 0.23283582089552238, "15": 0.14186851211072665, "16": 0.10594315245478036, "17": 0.15030674846625766, "18": 0.14878892733564014, "19": 0.1623529411764706, "20": 0.039525691699604744},
  "targets_count": 6423,
  "tp_count": 911
}