{
  "gt_count": 6900,
  "mean_obj_recall": 0.22452548416368517,
  "mean_scene_recall": 0.2295406367036577,
  "obj_recalls": {"1": 0.04576043068640646, "2": 0.06349206349206349, "3": 0.06770833333333333, "4": 0.07575757575757576, "5": 0.4263157894736842, "6": 0.2653061224489796, "7": 0.376, "8": 0.5133333333333333, "9": 0.6504065040650406, "10": 0.15384615384615385, "11": 0.022857142857142857, "12": 0.10071942446043165, "13": 0.03571428571428571, "14": 0.0273972602739726, "15": 0.0958904109589041, "16": 0.13297872340425532, "17": 0.678082191780822, "18": 0.3767123287671233, "19": 0.09947643979057591, "20": 0.0625, "21": 0.12, "22": 0.09574468085106383, "23": 0.5685483870967742, "24": 0.09895833333333333, "25": 0.08421052631578947, "26": 0.21212121212121213, "27": 0.3020833333333333, "28": 0.4583333333333333, "29": 0.2755102040816326, "30": 0.25},
  "recall": 0.19539156157558774,
  "scene_recalls": {"1": 0.14213197969543148, "2": 0.5374149659863946, "3": 0.2314410480349345, "4": 0.49743589743589745, "5": 0.3360655737704918, "6": 0.12393162393162394, "7": 0.18556701030927836, "8": 0.1598639455782313, "9": 0.051094890510948905, "10": 0.1423611111111111, "11": 0.4873096446700508, "12": 0.17525773195876287, "13": 0.22437673130193905, "14": 0.2865671641791045, "15": 0.21107266435986158, "16": 0.1524547803617571, "17": 0.19325153374233128, "18": 0.1695501730103806, "19": 0.2164705882352941, "20": 0.06719367588932806},
  "targets_count": 6423,
  "tp_count": 1255
}