{
  "gt_count": 6900,
  "mean_obj_recall": 0.0017274851863049875,
  "mean_scene_recall": 0.0017346058884047724,
  "obj_recalls": {"1": 0.0, "2": 0.0, "3": 0.0, "4": 0.0, "5": 0.010526315789473684, "6": 0.0, "7": 0.0, "8": 0.02, "9": 0.0, "10": 0.0, "11": 0.0, "12": 0.0, "13": 0.0, "14": 0.0, "15": 0.0, "16": 0.0, "17": 0.0, "18": 0.00684931506849315, "19": 0.0, "20": 0.0, "21": 0.0, "22": 0.0, "23": 0.004032258064516129, "24": 0.0, "25": 0.0, "26": 0.0, "27": 0.010416666666666666, "28": 0.0, "29": 0.0, "30": 0.0},
  "recall": 0.0012455238984898022,
  "scene_recalls": {"1": 0.0, "2": 0.006802721088435374, "3": 0.013100436681222707, "4": 0.005128205128205128, "5": 0.004098360655737705, "6": 0.0, "7": 0.002577319587628866, "8": 0.0, "9": 0.0, "10": 0.0, "11": 0.0, "12": 0.0, "13": 0.0, "14": 0.0029850746268656717, "15": 0.0, "16": 0.0, "17": 0.0, "18": 0.0, "19": 0.0, "20": 0.0},
  "targets_count": 6423,
  "tp_count": 8
}