{
  "gt_count": 6900,
  "mean_obj_recall": 0.28498428261964076,
  "mean_scene_recall": 0.28956890605378416,
  "obj_recalls": {"1": 0.063257065948856, "2": 0.09070294784580499, "3": 0.11979166666666667, "4": 0.12457912457912458, "5": 0.49473684210526314, "6": 0.336734693877551, "7": 0.456, "8": 0.5533333333333333, "9": 0.7845528455284553, "10": 0.3006993006993007, "11": 0.04, "12": 0.17266187050359713, "13": 0.05714285714285714, "14": 0.0410958904109589, "15": 0.14383561643835616, "16": 0.18085106382978725, "17": 0.726027397260274, "18": 0.4794520547945205, "19": 0.21465968586387435, "20": 0.1, "21": 0.21142857142857144, "22": 0.11702127659574468, "23": 0.6169354838709677, "24": 0.11979166666666667, "25": 0.12631578947368421, "26": 0.2727272727272727, "27": 0.34375, "28": 0.5052083333333334, "29": 0.3673469387755102, "30": 0.3888888888888889},
  "recall": 0.24972754164720534,
  "scene_recalls": {"1": 0.2131979695431472, "2": 0.6394557823129252, "3": 0.27074235807860264, "4": 0.5743589743589743, "5": 0.45081967213114754, "6": 0.18803418803418803, "7": 0.23711340206185566, "8": 0.22448979591836735, "9": 0.08759124087591241, "10": 0.2048611111111111, "11": 0.5736040609137056, "12": 0.23711340206185566, "13": 0.29362880886426596, "14": 0.3164179104477612, "15": 0.2768166089965398, "16": 0.20671834625322996, "17": 0.2392638036809816, "18": 0.19377162629757785, "19": 0.26588235294117646, "20": 0.09749670619235837},
  "targets_count": 6423,
  "tp_count": 1604
}