{
  "gt_count": 6900,
  "mean_obj_recall": 0.10147153187492046,
  "mean_scene_recall": 0.10745896206624259,
  "obj_recalls": {"1": 0.005383580080753701, "2": 0.024943310657596373, "3": 0.0078125, "4": 0.02356902356902357, "5": 0.23157894736842105, "6": 0.1326530612244898, "7": 0.212, "8": 0.36666666666666664, "9": 0.2967479674796748, "10": 0.027972027972027972, "11": 0.0, "12": 0.007194244604316547, "13": 0.0, "14": 0.0, "15": 0.0273972602739726, "16": 0.05319148936170213, "17": 0.4657534246575342, "18": 0.1506849315068493, "19": 0.005235602094240838, "20": 0.03333333333333333, "21": 0.02857142857142857, "22": 0.026595744680851064, "23": 0.33064516129032256, "24": 0.026041666666666668, "25": 0.010526315789473684, "26": 0.030303030303030304, "27": 0.16666666666666666, "28": 0.23958333333333334, "29": 0.07142857142857142, "30": 0.041666666666666664},
  "recall": 0.08780943484353106,
  "scene_recalls": {"1": 0.030456852791878174, "2": 0.3401360544217687, "3": 0.13100436681222707, "4": 0.2564102564102564, "5": 0.12704918032786885, "6": 0.03418803418803419, "7": 0.07474226804123711, "8": 0.03741496598639456, "9": 0.010948905109489052, "10": 0.07291666666666667, "11": 0.27411167512690354, "12": 0.058419243986254296, "13": 0.10526315789473684, "14": 0.14328358208955225, "15": 0.06920415224913495, "16": 0.06201550387596899, "17": 0.09202453987730061, "18": 0.09688581314878893, "19": 0.11294117647058824, "20": 0.019762845849802372},
  "targets_count": 6423,
  "tp_count": 564
}