{
  "gt_count": 6900,
  "mean_obj_recall": 0.44606304418092185,
  "mean_scene_recall": 0.446951187245238,
  "obj_recalls": {"1": 0.20995962314939434, "2": 0.21541950113378686, "3": 0.3151041666666667, "4": 0.28619528619528617, "5": 0.6, "6": 0.6122448979591837, "7": 0.508, "8": 0.6133333333333333, "9": 0.8658536585365854, "10": 0.5874125874125874, "11": 0.26857142857142857, "12": 0.38848920863309355, "13": 0.16428571428571428, "14": 0.0821917808219178, "15": 0.2876712328767123, "16": 0.35106382978723405, "17": 0.815068493150685, "18": 0.7328767123287672, "19": 0.39267015706806285, "20": 0.19166666666666668, "21": 0.4114285714285714, "22": 0.34574468085106386, "23": 0.7338709677419355, "24": 0.234375, "25": 0.30526315789473685, "26": 0.5555555555555556, "27": 0.3854166666666667, "28": 0.6302083333333334, "29": 0.6530612244897959, "30": 0.6388888888888888},
  "recall": 0.40245990969951734,
  "scene_recalls": {"1": 0.5076142131979695, "2": 0.7006802721088435, "3": 0.4104803493449782, "4": 0.764102564102564, "5": 0.6967213114754098, "6": 0.46153846153846156, "7": 0.3865979381443299, "8": 0.4013605442176871, "9": 0.26277372262773724, "10": 0.3854166666666667, "11": 0.6598984771573604, "12": 0.39862542955326463, "13": 0.43213296398891965, "14": 0.4208955223880597, "15": 0.4359861591695502, "16": 0.3850129198966408, "17": 0.34662576687116564, "18": 0.27335640138408307, "19": 0.4023529411764706, "20": 0.20685111989459815},
  "targets_count": 6423,
  "tp_count": 2585
}