{
  "gt_count": 6900,
  "mean_obj_recall": 0.011745655417938584,
  "mean_scene_recall": 0.012413114898535483,
  "obj_recalls": {"1": 0.0, "2": 0.0, "3": 0.0, "4": 0.003367003367003367, "5": 0.07894736842105263, "6": 0.0, "7": 0.008, "8": 0.1, "9": 0.016260162601626018, "10": 0.0, "11": 0.0, "12": 0.0, "13": 0.0, "14": 0.0, "15": 0.00684931506849315, "16": 0.0, "17": 0.07534246575342465, "18": 0.00684931506849315, "19": 0.0, "20": 0.004166666666666667, "21": 0.0, "22": 0.0, "23": 0.016129032258064516, "24": 0.010416666666666666, "25": 0.0, "26": 0.0, "27": 0.020833333333333332, "28": 0.005208333333333333, "29": 0.0, "30": 0.0},
  "recall": 0.009497119725984743,
  "scene_recalls": {"1": 0.0, "2": 0.034013605442176874, "3": 0.043668122270742356, "4": 0.046153846153846156, "5": 0.012295081967213115, "6": 0.004273504273504274, "7": 0.010309278350515464, "8": 0.0, "9": 0.0, "10": 0.003472222222222222, "11": 0.04060913705583756, "12": 0.0, "13": 0.002770083102493075, "14": 0.011940298507462687, "15": 0.0034602076124567475, "16": 0.00516795865633075, "17": 0.003067484662576687, "18": 0.006920415224913495, "19": 0.018823529411764704, "20": 0.0013175230566534915},
  "targets_count": 6423,
  "tp_count": 61
}