{
  "gt_count": 6900,
  "mean_obj_recall": 0.39665441665788065,
  "mean_scene_recall": 0.397897362719003,
  "obj_recalls": {"1": 0.15208613728129206, "2": 0.17913832199546487, "3": 0.25, "4": 0.23737373737373738, "5": 0.5842105263157895, "6": 0.5204081632653061, "7": 0.504, "8": 0.6, "9": 0.8455284552845529, "10": 0.4965034965034965, "11": 0.1657142857142857, "12": 0.31654676258992803, "13": 0.09285714285714286, "14": 0.07534246575342465, "15": 0.2328767123287671, "16": 0.2978723404255319, "17": 0.815068493150685, "18": 0.6575342465753424, "19": 0.3507853403141361, "20": 0.1625, "21": 0.3485714285714286, "22": 0.2712765957446808, "23": 0.6975806451612904, "24": 0.19270833333333334, "25": 0.25263157894736843, "26": 0.4444444444444444, "27": 0.375, "28": 0.5989583333333334, "29": 0.5918367346938775, "30": 0.5902777777777778},
  "recall": 0.3546629300949712,
  "scene_recalls": {"1": 0.4213197969543147, "2": 0.6870748299319728, "3": 0.3799126637554585, "4": 0.7282051282051282, "5": 0.6024590163934426, "6": 0.3547008547008547, "7": 0.33762886597938147, "8": 0.3435374149659864, "9": 0.1989051094890511, "10": 0.3298611111111111, "11": 0.6446700507614214, "12": 0.3539518900343643, "13": 0.40166204986149584, "14": 0.37910447761194027, "15": 0.3806228373702422, "16": 0.3152454780361757, "17": 0.3067484662576687, "18": 0.23875432525951557, "19": 0.37176470588235294, "20": 0.18181818181818182},
  "targets_count": 6423,
  "tp_count": 2278
}