{
  "gt_count": 6900,
  "mean_obj_recall": 0.0494818007902338,
  "mean_scene_recall": 0.05046660514874486,
  "obj_recalls": {"1": 0.0013458950201884253, "2": 0.006802721088435374, "3": 0.0026041666666666665, "4": 0.011784511784511785, "5": 0.15789473684210525, "6": 0.01020408163265306, "7": 0.076, "8": 0.23333333333333334, "9": 0.11382113821138211, "10": 0.02097902097902098, "11": 0.0, "12": 0.007194244604316547, "13": 0.0, "14": 0.0, "15": 0.00684931506849315, "16": 0.026595744680851064, "17": 0.3287671232876712, "18": 0.0684931506849315, "19": 0.0, "20": 0.016666666666666666, "21": 0.011428571428571429, "22": 0.010638297872340425, "23": 0.125, "24": 0.020833333333333332, "25": 0.0, "26": 0.0, "27": 0.11458333333333333, "28": 0.08854166666666667, "29": 0.01020408163265306, "30": 0.013888888888888888},
  "recall": 0.04156936011209715,
  "scene_recalls": {"1": 0.0, "2": 0.14965986394557823, "3": 0.07860262008733625, "4": 0.13333333333333333, "5": 0.06557377049180328, "6": 0.008547008547008548, "7": 0.04639175257731959, "8": 0.013605442176870748, "9": 0.0036496350364963502, "10": 0.027777777777777776, "11": 0.13705583756345177, "12": 0.024054982817869417, "13": 0.036011080332409975, "14": 0.05970149253731343, "15": 0.02768166089965398, "16": 0.04392764857881137, "17": 0.03374233128834356, "18": 0.04152249134948097, "19": 0.07058823529411765, "20": 0.007905138339920948},
  "targets_count": 6423,
  "tp_count": 267
}