{
  "gt_count": 1517,
  "mean_obj_recall": 0.4678292517306667,
  "mean_scene_recall": 0.4698961937716263,
  "obj_recalls": {"1": 0.4342857142857143, "5": 0.5276381909547738, "6": 0.3157894736842105, "8": 0.39, "9": 0.6611111111111111, "10": 0.4166666666666667, "11": 0.45714285714285713, "12": 0.54},
  "recall": 0.4698961937716263,
  "scene_recalls": {"2": 0.4698961937716263},
  "targets_count": 1445,
  "tp_count": 679
}