{
  "gt_count": 1517,
  "mean_obj_recall": 0.2575077192562646,
  "mean_scene_recall": 0.25882352941176473,
  "obj_recalls": {"1": 0.21714285714285714, "5": 0.2613065326633166, "6": 0.10526315789473684, "8": 0.215, "9": 0.4722222222222222, "10": 0.15555555555555556, "11": 0.2785714285714286, "12": 0.355},
  "recall": 0.25882352941176473,
  "scene_recalls": {"2": 0.25882352941176473},
  "targets_count": 1445,
  "tp_count": 374
}