{
  "gt_count": 1517,
  "mean_obj_recall": 0.13953182264706993,
  "mean_scene_recall": 0.1397923875432526,
  "obj_recalls": {"1": 0.09142857142857143, "5": 0.11557788944723618, "6": 0.06432748538011696, "8": 0.105, "9": 0.3, "10": 0.07777777777777778, "11": 0.15714285714285714, "12": 0.205},
  "recall": 0.1397923875432526,
  "scene_recalls": {"2": 0.1397923875432526},
  "targets_count": 1445,
  "tp_count": 202
}