{
  "gt_count": 1517,
  "mean_obj_recall": 0.06457922706682954,
  "mean_scene_recall": 0.06505190311418685,
  "obj_recalls": {"1": 0.03428571428571429, "5": 0.04522613065326633, "6": 0.023391812865497075, "8": 0.065, "9": 0.16666666666666666, "10": 0.027777777777777776, "11": 0.06428571428571428, "12": 0.09},
  "recall": 0.06505190311418685,
  "scene_recalls": {"2": 0.06505190311418685},
  "targets_count": 1445,
  "tp_count": 94
}