{
  "gt_count": 1517,
  "mean_obj_recall": 0.3701405943669895,
  "mean_scene_recall": 0.37162629757785465,
  "obj_recalls": {"1": 0.35428571428571426, "5": 0.4221105527638191, "6": 0.19298245614035087, "8": 0.295, "9": 0.5722222222222222, "10": 0.26666666666666666, "11": 0.39285714285714285, "12": 0.465},
  "recall": 0.37162629757785465,
  "scene_recalls": {"2": 0.37162629757785465},
  "targets_count": 1445,
  "tp_count": 537
}