{
  "gt_count": 1517,
  "mean_obj_recall": 0.6578999923384676,
  "mean_scene_recall": 0.6602076124567474,
  "obj_recalls": {"1": 0.6285714285714286, "5": 0.6884422110552764, "6": 0.5380116959064327, "8": 0.56, "9": 0.7722222222222223, "10": 0.7166666666666667, "11": 0.6142857142857143, "12": 0.745},
  "recall": 0.6602076124567474,
  "scene_recalls": {"2": 0.6602076124567474},
  "targets_count": 1445,
  "tp_count": 954
}