{
  "gt_count": 1517,
  "mean_obj_recall": 0.5777536911793721,
  "mean_scene_recall": 0.5799307958477509,
  "obj_recalls": {"1": 0.5485714285714286, "5": 0.6231155778894473, "6": 0.43859649122807015, "8": 0.48, "9": 0.7555555555555555, "10": 0.5833333333333334, "11": 0.5428571428571428, "12": 0.65},
  "recall": 0.5799307958477509,
  "scene_recalls": {"2": 0.5799307958477509},
  "targets_count": 1445,
  "tp_count": 838
}