{
  "gt_count": 1517,
  "mean_obj_recall": 0.16353657122286452,
  "mean_scene_recall": 0.16332179930795848,
  "obj_recalls": {"1": 0.14857142857142858, "5": 0.08040201005025126, "6": 0.14035087719298245, "8": 0.025, "9": 0.11666666666666667, "10": 0.19444444444444445, "11": 0.19285714285714287, "12": 0.41},
  "recall": 0.16332179930795848,
  "scene_recalls": {"2": 0.16332179930795848},
  "targets_count": 1445,
  "tp_count": 236
}