{
  "gt_count": 1517,
  "mean_obj_recall": 0.6815098545148466,
  "mean_scene_recall": 0.6782006920415224,
  "obj_recalls": {"1": 0.6685714285714286, "5": 0.5577889447236181, "6": 0.5730994152046783, "8": 0.56, "9": 0.8666666666666667, "10": 0.8166666666666667, "11": 0.7142857142857143, "12": 0.695},
  "recall": 0.6782006920415224,
  "scene_recalls": {"2": 0.6782006920415224},
  "targets_count": 1445,
  "tp_count": 980
}