{
  "gt_count": 1517,
  "mean_obj_recall": 0.36017269146484304,
  "mean_scene_recall": 0.35363321799307956,
  "obj_recalls": {"1": 0.46285714285714286, "5": 0.24623115577889448, "6": 0.2982456140350877, "8": 0.115, "9": 0.3277777777777778, "10": 0.45555555555555555, "11": 0.4857142857142857, "12": 0.49},
  "recall": 0.35363321799307956,
  "scene_recalls": {"2": 0.35363321799307956},
  "targets_count": 1445,
  "tp_count": 511
}