{
  "gt_count": 1517,
  "mean_obj_recall": 0.2654273849405759,
  "mean_scene_recall": 0.2622837370242215,
  "obj_recalls": {"1": 0.34285714285714286, "5": 0.17587939698492464, "6": 0.2222222222222222, "8": 0.065, "9": 0.2111111111111111, "10": 0.3277777777777778, "11": 0.32857142857142857, "12": 0.45},
  "recall": 0.2622837370242215,
  "scene_recalls": {"2": 0.2622837370242215},
  "targets_count": 1445,
  "tp_count": 379
}