{
  "gt_count": 1517,
  "mean_obj_recall": 0.469674791564338,
  "mean_scene_recall": 0.46366782006920415,
  "obj_recalls": {"1": 0.56, "5": 0.3869346733668342, "6": 0.391812865497076, "8": 0.235, "9": 0.5055555555555555, "10": 0.5666666666666667, "11": 0.5714285714285714, "12": 0.54},
  "recall": 0.46366782006920415,
  "scene_recalls": {"2": 0.46366782006920415},
  "targets_count": 1445,
  "tp_count": 670
}