{
  "gt_count": 1517,
  "mean_obj_recall": 0.6038990745288682,
  "mean_scene_recall": 0.5993079584775086,
  "obj_recalls": {"1": 0.64, "5": 0.5025125628140703, "6": 0.45614035087719296, "8": 0.43, "9": 0.7833333333333333, "10": 0.7277777777777777, "11": 0.6714285714285714, "12": 0.62},
  "recall": 0.5993079584775086,
  "scene_recalls": {"2": 0.5993079584775086},
  "targets_count": 1445,
  "tp_count": 866
}