{
  "gt_count": 1517,
  "mean_obj_recall": 0.7356834349273519,
  "mean_scene_recall": 0.7328719723183391,
  "obj_recalls": {"1": 0.6971428571428572, "5": 0.6381909547738693, "6": 0.672514619883041, "8": 0.65, "9": 0.8888888888888888, "10": 0.8444444444444444, "11": 0.7642857142857142, "12": 0.73},
  "recall": 0.7328719723183391,
  "scene_recalls": {"2": 0.7328719723183391},
  "targets_count": 1445,
  "tp_count": 1059
}