{
  "gt_count": 1517,
  "mean_obj_recall": 0.12092686699999579,
  "mean_scene_recall": 0.12041522491349481,
  "obj_recalls": {"1": 0.12571428571428572, "5": 0.04522613065326633, "6": 0.08187134502923976, "8": 0.075, "9": 0.027777777777777776, "10": 0.1111111111111111, "11": 0.18571428571428572, "12": 0.315},
  "recall": 0.12041522491349481,
  "scene_recalls": {"2": 0.12041522491349481},
  "targets_count": 1445,
  "tp_count": 174
}