{
  "gt_count": 1517,
  "mean_obj_recall": 0.5933218908871845,
  "mean_scene_recall": 0.5889273356401384,
  "obj_recalls": {"1": 0.5771428571428572, "5": 0.36180904522613067, "6": 0.4619883040935672, "8": 0.58, "9": 0.7388888888888889, "10": 0.6888888888888889, "11": 0.6928571428571428, "12": 0.645},
  "recall": 0.5889273356401384,
  "scene_recalls": {"2": 0.5889273356401384},
  "targets_count": 1445,
  "tp_count": 851
}