{
  "gt_count": 1517,
  "mean_obj_recall": 0.2979942108201828,
  "mean_scene_recall": 0.2934256055363322,
  "obj_recalls": {"1": 0.3485714285714286, "5": 0.1708542713567839, "6": 0.23976608187134502, "8": 0.31, "9": 0.15, "10": 0.2833333333333333, "11": 0.4714285714285714, "12": 0.41},
  "recall": 0.2934256055363322,
  "scene_recalls": {"2": 0.2934256055363322},
  "targets_count": 1445,
  "tp_count": 424
}