{
  "gt_count": 1517,
  "mean_obj_recall": 0.011964293585723103,
  "mean_scene_recall": 0.01245674740484429,
  "obj_recalls": {"1": 0.0, "5": 0.005025125628140704, "6": 0.005847953216374269, "8": 0.0, "9": 0.0, "10": 0.005555555555555556, "11": 0.014285714285714285, "12": 0.065},
  "recall": 0.01245674740484429,
  "scene_recalls": {"2": 0.01245674740484429},
  "targets_count": 1445,
  "tp_count": 18
}