{
  "gt_count": 1517,
  "mean_obj_recall": 0.5071772763147399,
  "mean_scene_recall": 0.5017301038062284,
  "obj_recalls": {"1": 0.5257142857142857, "5": 0.3065326633165829, "6": 0.38596491228070173, "8": 0.525, "9": 0.5333333333333333, "10": 0.5444444444444444, "11": 0.6714285714285714, "12": 0.565},
  "recall": 0.5017301038062284,
  "scene_recalls": {"2": 0.5017301038062284},
  "targets_count": 1445,
  "tp_count": 725
}