{
  "gt_count": 1517,
  "mean_obj_recall": 0.3953752576583839,
  "mean_scene_recall": 0.3903114186851211,
  "obj_recalls": {"1": 0.44, "5": 0.23115577889447236, "6": 0.30994152046783624, "8": 0.46, "9": 0.2611111111111111, "10": 0.4222222222222222, "11": 0.5785714285714286, "12": 0.46},
  "recall": 0.3903114186851211,
  "scene_recalls": {"2": 0.3903114186851211},
  "targets_count": 1445,
  "tp_count": 564
}