{
  "gt_count": 1517,
  "mean_obj_recall": 0.05273550815900723,
  "mean_scene_recall": 0.05397923875432526,
  "obj_recalls": {"1": 0.017142857142857144, "5": 0.01507537688442211, "6": 0.04093567251461988, "8": 0.01, "9": 0.005555555555555556, "10": 0.03888888888888889, "11": 0.06428571428571428, "12": 0.23},
  "recall": 0.05397923875432526,
  "scene_recalls": {"2": 0.05397923875432526},
  "targets_count": 1445,
  "tp_count": 78
}