{
  "gt_count": 1517,
  "mean_obj_recall": 0.6535376522335992,
  "mean_scene_recall": 0.6498269896193771,
  "obj_recalls": {"1": 0.5942857142857143, "5": 0.4371859296482412, "6": 0.5730994152046783, "8": 0.63, "9": 0.8111111111111111, "10": 0.7833333333333333, "11": 0.7142857142857143, "12": 0.685},
  "recall": 0.6498269896193771,
  "scene_recalls": {"2": 0.6498269896193771},
  "targets_count": 1445,
  "tp_count": 939
}