{
  "gt_count": 1517,
  "mean_obj_recall": 0.20236961488730199,
  "mean_scene_recall": 0.2,
  "obj_recalls": {"1": 0.28, "5": 0.09547738693467336, "6": 0.1695906432748538, "8": 0.175, "9": 0.06111111111111111, "10": 0.17777777777777778, "11": 0.3, "12": 0.36},
  "recall": 0.2,
  "scene_recalls": {"2": 0.2},
  "targets_count": 1445,
  "tp_count": 289
}