{
  "gt_count": 6900,
  "mean_obj_recall": 0.32603309606411457,
  "mean_scene_recall": 0.3262436088969796,
  "obj_recalls": {"1": 0.13055181695827725, "2": 0.18820861678004536, "3": 0.203125, "4": 0.132996632996633, "5": 0.5578947368421052, "6": 0.3469387755102041, "7": 0.444, "8": 0.5266666666666666, "9": 0.6991869918699187, "10": 0.25874125874125875, "11": 0.045714285714285714, "12": 0.2517985611510791, "13": 0.07142857142857142, "14": 0.0273972602739726, "15": 0.18493150684931506, "16": 0.43617021276595747, "17": 0.7397260273972602, "18": 0.589041095890411, "19": 0.17801047120418848, "20": 0.14166666666666666, "21": 0.17714285714285713, "22": 0.10106382978723404, "23": 0.5, "24": 0.2552083333333333, "25": 0.24210526315789474, "26": 0.494949494949495, "27": 0.34375, "28": 0.5052083333333334, "29": 0.47959183673469385, "30": 0.5277777777777778},
  "recall": 0.28833878250038925,
  "scene_recalls": {"1": 0.3197969543147208, "2": 0.6666666666666666, "3": 0.34934497816593885, "4": 0.6205128205128205, "5": 0.4180327868852459, "6": 0.18803418803418803, "7": 0.28350515463917525, "8": 0.22108843537414966, "9": 0.15875912408759124, "10": 0.2013888888888889, "11": 0.5736040609137056, "12": 0.281786941580756, "13": 0.2742382271468144, "14": 0.2746268656716418, "15": 0.4186851211072664, "16": 0.24031007751937986, "17": 0.24233128834355827, "18": 0.25259515570934254, "19": 0.4117647058823529, "20": 0.12779973649538867},
  "targets_count": 6423,
  "tp_count": 1852
}