{
  "gt_count": 6900,
  "mean_obj_recall": 0.5599601290313516,
  "mean_scene_recall": 0.5639193232214195,
  "obj_recalls": {"1": 0.3835800807537012, "2": 0.4013605442176871, "3": 0.5390625, "4": 0.4107744107744108, "5": 0.6157894736842106, "6": 0.5816326530612245, "7": 0.524, "8": 0.6133333333333333, "9": 0.8699186991869918, "10": 0.7412587412587412, "11": 0.44, "12": 0.5107913669064749, "13": 0.4, "14": 0.15753424657534246, "15": 0.541095890410959, "16": 0.6861702127659575, "17": 0.815068493150685, "18": 0.7602739726027398, "19": 0.5287958115183246, "20": 0.2708333333333333, "21": 0.42857142857142855, "22": 0.3829787234042553, "23": 0.7580645161290323, "24": 0.5625, "25": 0.49473684210526314, "26": 0.696969696969697, "27": 0.4375, "28": 0.640625, "29": 0.7653061224489796, "30": 0.8402777777777778},
  "recall": 0.5263895375992527,
  "scene_recalls": {"1": 0.7563451776649747, "2": 0.7006802721088435, "3": 0.462882096069869, "4": 0.7897435897435897, "5": 0.8155737704918032, "6": 0.6111111111111112, "7": 0.634020618556701, "8": 0.5068027210884354, "9": 0.4489051094890511, "10": 0.4409722222222222, "11": 0.6802030456852792, "12": 0.5945017182130584, "13": 0.5069252077562327, "14": 0.5014925373134328, "15": 0.5363321799307958, "16": 0.5012919896640827, "17": 0.5, "18": 0.39792387543252594, "19": 0.6094117647058823, "20": 0.28326745718050067},
  "targets_count": 6423,
  "tp_count": 3381
}