{
  "gt_count": 6900,
  "mean_obj_recall": 0.12790187173470083,
  "mean_scene_recall": 0.12662000659266015,
  "obj_recalls": {"1": 0.02826379542395693, "2": 0.07256235827664399, "3": 0.03125, "4": 0.03367003367003367, "5": 0.29473684210526313, "6": 0.08163265306122448, "7": 0.216, "8": 0.30666666666666664, "9": 0.2845528455284553, "10": 0.04895104895104895, "11": 0.0, "12": 0.04316546762589928, "13": 0.02857142857142857, "14": 0.0, "15": 0.0273972602739726, "16": 0.19148936170212766, "17": 0.5684931506849316, "18": 0.273972602739726, "19": 0.03664921465968586, "20": 0.029166666666666667, "21": 0.045714285714285714, "22": 0.010638297872340425, "23": 0.16129032258064516, "24": 0.046875, "25": 0.021052631578947368, "26": 0.2222222222222222, "27": 0.20833333333333334, "28": 0.19791666666666666, "29": 0.19387755102040816, "30": 0.13194444444444445},
  "recall": 0.1077378172193679,
  "scene_recalls": {"1": 0.10152284263959391, "2": 0.3401360544217687, "3": 0.1703056768558952, "4": 0.27692307692307694, "5": 0.14344262295081966, "6": 0.038461538461538464, "7": 0.10051546391752578, "8": 0.05102040816326531, "9": 0.032846715328467155, "10": 0.04513888888888889, "11": 0.29441624365482233, "12": 0.08247422680412371, "13": 0.09695290858725762, "14": 0.06865671641791045, "15": 0.1384083044982699, "16": 0.10077519379844961, "17": 0.08588957055214724, "18": 0.11764705882352941, "19": 0.20470588235294118, "20": 0.04216073781291173},
  "targets_count": 6423,
  "tp_count": 692
}