{
  "gt_count": 6900,
  "mean_obj_recall": 0.5916406711398532,
  "mean_scene_recall": 0.5982269125148185,
  "obj_recalls": {"1": 0.4508748317631225, "2": 0.4217687074829932, "3": 0.5755208333333334, "4": 0.4898989898989899, "5": 0.6263157894736842, "6": 0.6122448979591837, "7": 0.528, "8": 0.6333333333333333, "9": 0.8699186991869918, "10": 0.7552447552447552, "11": 0.5371428571428571, "12": 0.5611510791366906, "13": 0.5071428571428571, "14": 0.21232876712328766, "15": 0.6095890410958904, "16": 0.75, "17": 0.815068493150685, "18": 0.7808219178082192, "19": 0.5497382198952879, "20": 0.29583333333333334, "21": 0.45714285714285713, "22": 0.4148936170212766, "23": 0.7701612903225806, "24": 0.5989583333333334, "25": 0.49473684210526314, "26": 0.7272727272727273, "27": 0.4375, "28": 0.640625, "29": 0.7857142857142857, "30": 0.8402777777777778},
  "recall": 0.5635995640666356,
  "scene_recalls": {"1": 0.7715736040609137, "2": 0.7006802721088435, "3": 0.4978165938864629, "4": 0.8153846153846154, "5": 0.8401639344262295, "6": 0.6794871794871795, "7": 0.7061855670103093, "8": 0.5272108843537415, "9": 0.5164233576642335, "10": 0.4548611111111111, "11": 0.6852791878172588, "12": 0.6288659793814433, "13": 0.5346260387811634, "14": 0.5313432835820896, "15": 0.5363321799307958, "16": 0.5633074935400517, "17": 0.5736196319018405, "18": 0.45674740484429066, "19": 0.6376470588235295, "20": 0.3069828722002635},
  "targets_count": 6423,
  "tp_count": 3620
}