{
  "gt_count": 6900,
  "mean_obj_recall": 0.48497409714091766,
  "mean_scene_recall": 0.48415830236811813,
  "obj_recalls": {"1": 0.2718707940780619, "2": 0.31519274376417233, "3": 0.4114583333333333, "4": 0.27104377104377103, "5": 0.6157894736842106, "6": 0.5204081632653061, "7": 0.516, "8": 0.6066666666666667, "9": 0.8617886178861789, "10": 0.5804195804195804, "11": 0.28, "12": 0.4460431654676259, "13": 0.2357142857142857, "14": 0.1095890410958904, "15": 0.363013698630137, "16": 0.6170212765957447, "17": 0.815068493150685, "18": 0.7328767123287672, "19": 0.43455497382198954, "20": 0.2375, "21": 0.3485714285714286, "22": 0.2872340425531915, "23": 0.717741935483871, "24": 0.421875, "25": 0.4421052631578947, "26": 0.6666666666666666, "27": 0.4166666666666667, "28": 0.609375, "29": 0.6122448979591837, "30": 0.7847222222222222},
  "recall": 0.44371788883699204,
  "scene_recalls": {"1": 0.5939086294416244, "2": 0.7006802721088435, "3": 0.4279475982532751, "4": 0.764102564102564, "5": 0.6762295081967213, "6": 0.47863247863247865, "7": 0.5051546391752577, "8": 0.42517006802721086, "9": 0.32116788321167883, "10": 0.3715277777777778, "11": 0.6700507614213198, "12": 0.47766323024054985, "13": 0.4487534626038781, "14": 0.42388059701492536, "15": 0.5190311418685121, "16": 0.40310077519379844, "17": 0.38650306748466257, "18": 0.32525951557093424, "19": 0.5364705882352941, "20": 0.22793148880105402},
  "targets_count": 6423,
  "tp_count": 2850
}