{
  "bop19_average_recall": 0.35706805074971165,
  "bop19_average_recall_mspd": 0.4098961937716263,
  "bop19_average_recall_mssd": 0.3731487889273356,
  "bop19_average_recall_vsd": 0.28815916955017307,
  "bop19_average_time_per_image": 0.8743731486797333
}