{
  "gt_count": 1517,
  "mean_obj_recall": 0.503122940307217,
  "mean_scene_recall": 0.501038062283737,
  "obj_recalls": {"1": 0.7085714285714285, "5": 0.35175879396984927, "6": 0.3216374269005848, "8": 0.51, "9": 0.6833333333333333, "10": 0.2611111111111111, "11": 0.5785714285714286, "12": 0.61},
  "recall": 0.501038062283737,
  "scene_recalls": {"2": 0.501038062283737},
  "targets_count": 1445,
  "tp_count": 724
}