{
  "gt_count": 1517,
  "mean_obj_recall": 0.5265956846681192,
  "mean_scene_recall": 0.5217993079584775,
  "obj_recalls": {"1": 0.7142857142857143, "5": 0.35175879396984927, "6": 0.3391812865497076, "8": 0.515, "9": 0.6833333333333333, "10": 0.3277777777777778, "11": 0.6714285714285714, "12": 0.61},
  "recall": 0.5217993079584775,
  "scene_recalls": {"2": 0.5217993079584775},
  "targets_count": 1445,
  "tp_count": 754
}