{
  "gt_count": 1517,
  "mean_obj_recall": 0.34549163161253216,
  "mean_scene_recall": 0.3501730103806228,
  "obj_recalls": {"1": 0.6628571428571428, "5": 0.19095477386934673, "6": 0.28654970760233917, "8": 0.24, "9": 0.5055555555555555, "10": 0.19444444444444445, "11": 0.12857142857142856, "12": 0.555},
  "recall": 0.3501730103806228,
  "scene_recalls": {"2": 0.3501730103806228},
  "targets_count": 1445,
  "tp_count": 506
}