{
  "gt_count": 1517,
  "mean_obj_recall": 0.22506119255424994,
  "mean_scene_recall": 0.22837370242214533,
  "obj_recalls": {"1": 0.5428571428571428, "5": 0.06532663316582915, "6": 0.23976608187134502, "8": 0.075, "9": 0.25555555555555554, "10": 0.15555555555555556, "11": 0.02142857142857143, "12": 0.445},
  "recall": 0.22837370242214533,
  "scene_recalls": {"2": 0.22837370242214533},
  "targets_count": 1445,
  "tp_count": 330
}