{
  "gt_count": 1517,
  "mean_obj_recall": 0.5445227941083866,
  "mean_scene_recall": 0.5384083044982699,
  "obj_recalls": {"1": 0.7257142857142858, "5": 0.35175879396984927, "6": 0.3567251461988304, "8": 0.535, "9": 0.6888888888888889, "10": 0.36666666666666664, "11": 0.7214285714285714, "12": 0.61},
  "recall": 0.5384083044982699,
  "scene_recalls": {"2": 0.5384083044982699},
  "targets_count": 1445,
  "tp_count": 778
}