{
  "gt_count": 1517,
  "mean_obj_recall": 0.05722692147034253,
  "mean_scene_recall": 0.058823529411764705,
  "obj_recalls": {"1": 0.13714285714285715, "5": 0.0, "6": 0.04678362573099415, "8": 0.0, "9": 0.03888888888888889, "10": 0.05, "11": 0.0, "12": 0.185},
  "recall": 0.058823529411764705,
  "scene_recalls": {"2": 0.058823529411764705},
  "targets_count": 1445,
  "tp_count": 85
}