{
  "gt_count": 1517,
  "mean_obj_recall": 0.44006685474154394,
  "mean_scene_recall": 0.4449826989619377,
  "obj_recalls": {"1": 0.6971428571428572, "5": 0.34673366834170855, "6": 0.2982456140350877, "8": 0.425, "9": 0.6555555555555556, "10": 0.2, "11": 0.29285714285714287, "12": 0.605},
  "recall": 0.4449826989619377,
  "scene_recalls": {"2": 0.4449826989619377},
  "targets_count": 1445,
  "tp_count": 643
}