{
  "gt_count": 1517,
  "mean_obj_recall": 0.5745274933565068,
  "mean_scene_recall": 0.5667820069204152,
  "obj_recalls": {"1": 0.7428571428571429, "5": 0.35175879396984927, "6": 0.40350877192982454, "8": 0.55, "9": 0.7055555555555556, "10": 0.46111111111111114, "11": 0.7714285714285715, "12": 0.61},
  "recall": 0.5667820069204152,
  "scene_recalls": {"2": 0.5667820069204152},
  "targets_count": 1445,
  "tp_count": 819
}