{
  "gt_count": 1517,
  "mean_obj_recall": 0.46979221766728385,
  "mean_scene_recall": 0.471280276816609,
  "obj_recalls": {"1": 0.6971428571428572, "5": 0.35175879396984927, "6": 0.2982456140350877, "8": 0.48, "9": 0.6722222222222223, "10": 0.2111111111111111, "11": 0.44285714285714284, "12": 0.605},
  "recall": 0.471280276816609,
  "scene_recalls": {"2": 0.471280276816609},
  "targets_count": 1445,
  "tp_count": 681
}