{
  "gt_count": 1517,
  "mean_obj_recall": 0.4121417551416229,
  "mean_scene_recall": 0.41730103806228375,
  "obj_recalls": {"1": 0.6914285714285714, "5": 0.2964824120603015, "6": 0.29239766081871343, "8": 0.37, "9": 0.6111111111111112, "10": 0.2, "11": 0.2357142857142857, "12": 0.6},
  "recall": 0.41730103806228375,
  "scene_recalls": {"2": 0.41730103806228375},
  "targets_count": 1445,
  "tp_count": 603
}