{
  "gt_count": 1517,
  "mean_obj_recall": 0.39974913466664985,
  "mean_scene_recall": 0.3965397923875433,
  "obj_recalls": {"1": 0.4742857142857143, "5": 0.18090452261306533, "6": 0.32748538011695905, "8": 0.44, "9": 0.20555555555555555, "10": 0.3333333333333333, "11": 0.5714285714285714, "12": 0.665},
  "recall": 0.3965397923875433,
  "scene_recalls": {"2": 0.3965397923875433},
  "targets_count": 1445,
  "tp_count": 573
}