{
  "gt_count": 1517,
  "mean_obj_recall": 0.07465382205513785,
  "mean_scene_recall": 0.07889273356401384,
  "obj_recalls": {"1": 0.06857142857142857, "5": 0.0, "6": 0.03508771929824561, "8": 0.025, "9": 0.0, "10": 0.05, "11": 0.02857142857142857, "12": 0.39},
  "recall": 0.07889273356401384,
  "scene_recalls": {"2": 0.07889273356401384},
  "targets_count": 1445,
  "tp_count": 114
}