{
  "gt_count": 1517,
  "mean_obj_recall": 0.014639724310776942,
  "mean_scene_recall": 0.01591695501730104,
  "obj_recalls": {"1": 0.005714285714285714, "5": 0.0, "6": 0.005847953216374269, "8": 0.0, "9": 0.0, "10": 0.005555555555555556, "11": 0.0, "12": 0.1},
  "recall": 0.01591695501730104,
  "scene_recalls": {"2": 0.01591695501730104},
  "targets_count": 1445,
  "tp_count": 23
}