{
  "gt_count": 1517,
  "mean_obj_recall": 0.2539871926466082,
  "mean_scene_recall": 0.2560553633217993,
  "obj_recalls": {"1": 0.3485714285714286, "5": 0.09045226130653267, "6": 0.18128654970760233, "8": 0.34, "9": 0.05555555555555555, "10": 0.1388888888888889, "11": 0.30714285714285716, "12": 0.57},
  "recall": 0.2560553633217993,
  "scene_recalls": {"2": 0.2560553633217993},
  "targets_count": 1445,
  "tp_count": 370
}