{
  "gt_count": 1517,
  "mean_obj_recall": 0.0416671888053467,
  "mean_scene_recall": 0.04498269896193772,
  "obj_recalls": {"1": 0.02857142857142857, "5": 0.0, "6": 0.017543859649122806, "8": 0.0, "9": 0.0, "10": 0.022222222222222223, "11": 0.0, "12": 0.265},
  "recall": 0.04498269896193772,
  "scene_recalls": {"2": 0.04498269896193772},
  "targets_count": 1445,
  "tp_count": 65
}