{
  "gt_count": 1517,
  "mean_obj_recall": 0.2039636491773823,
  "mean_scene_recall": 0.2083044982698962,
  "obj_recalls": {"1": 0.26857142857142857, "5": 0.06030150753768844, "6": 0.13450292397660818, "8": 0.305, "9": 0.016666666666666666, "10": 0.11666666666666667, "11": 0.2, "12": 0.53},
  "recall": 0.2083044982698962,
  "scene_recalls": {"2": 0.2083044982698962},
  "targets_count": 1445,
  "tp_count": 301
}