{
  "gt_count": 1517,
  "mean_obj_recall": 0.329483287364139,
  "mean_scene_recall": 0.32802768166089963,
  "obj_recalls": {"1": 0.42857142857142855, "5": 0.1306532663316583, "6": 0.22807017543859648, "8": 0.39, "9": 0.12222222222222222, "10": 0.22777777777777777, "11": 0.4785714285714286, "12": 0.63},
  "recall": 0.32802768166089963,
  "scene_recalls": {"2": 0.32802768166089963},
  "targets_count": 1445,
  "tp_count": 474
}