{
  "gt_count": 1517,
  "mean_obj_recall": 0.16110645909161514,
  "mean_scene_recall": 0.16678200692041523,
  "obj_recalls": {"1": 0.2, "5": 0.03015075376884422, "6": 0.09941520467836257, "8": 0.23, "9": 0.005555555555555556, "10": 0.09444444444444444, "11": 0.11428571428571428, "12": 0.515},
  "recall": 0.16678200692041523,
  "scene_recalls": {"2": 0.16678200692041523},
  "targets_count": 1445,
  "tp_count": 241
}