{
  "gt_count": 1517,
  "mean_obj_recall": 0.11784202444973405,
  "mean_scene_recall": 0.12318339100346021,
  "obj_recalls": {"1": 0.12571428571428572, "5": 0.01507537688442211, "6": 0.06432748538011696, "8": 0.11, "9": 0.0, "10": 0.08333333333333333, "11": 0.06428571428571428, "12": 0.48},
  "recall": 0.12318339100346021,
  "scene_recalls": {"2": 0.12318339100346021},
  "targets_count": 1445,
  "tp_count": 178
}