{
  "gt_count": 1517,
  "mean_obj_recall": 0.4454135863108357,
  "mean_scene_recall": 0.45051903114186853,
  "obj_recalls": {"1": 0.6685714285714286, "5": 0.36683417085427134, "6": 0.30409356725146197, "8": 0.42, "9": 0.6888888888888889, "10": 0.17777777777777778, "11": 0.30714285714285716, "12": 0.63},
  "recall": 0.45051903114186853,
  "scene_recalls": {"2": 0.45051903114186853},
  "targets_count": 1445,
  "tp_count": 651
}