{
  "gt_count": 1517,
  "mean_obj_recall": 0.5552205209422216,
  "mean_scene_recall": 0.5522491349480969,
  "obj_recalls": {"1": 0.7257142857142858, "5": 0.4472361809045226, "6": 0.3508771929824561, "8": 0.545, "9": 0.7333333333333333, "10": 0.28888888888888886, "11": 0.6857142857142857, "12": 0.665},
  "recall": 0.5522491349480969,
  "scene_recalls": {"2": 0.5522491349480969},
  "targets_count": 1445,
  "tp_count": 798
}