{
  "gt_count": 1517,
  "mean_obj_recall": 0.06600773552390188,
  "mean_scene_recall": 0.06782006920415225,
  "obj_recalls": {"1": 0.11428571428571428, "5": 0.005025125628140704, "6": 0.08771929824561403, "8": 0.0, "9": 0.044444444444444446, "10": 0.044444444444444446, "11": 0.007142857142857143, "12": 0.225},
  "recall": 0.06782006920415225,
  "scene_recalls": {"2": 0.06782006920415225},
  "targets_count": 1445,
  "tp_count": 98
}