{
  "gt_count": 1517,
  "mean_obj_recall": 0.5058611772311852,
  "mean_scene_recall": 0.5079584775086505,
  "obj_recalls": {"1": 0.6971428571428572, "5": 0.44221105527638194, "6": 0.3157894736842105, "8": 0.5, "9": 0.7333333333333333, "10": 0.20555555555555555, "11": 0.4928571428571429, "12": 0.66},
  "recall": 0.5079584775086505,
  "scene_recalls": {"2": 0.5079584775086505},
  "targets_count": 1445,
  "tp_count": 734
}