{
  "gt_count": 1517,
  "mean_obj_recall": 0.2554120933615446,
  "mean_scene_recall": 0.25951557093425603,
  "obj_recalls": {"1": 0.49714285714285716, "5": 0.08040201005025126, "6": 0.26900584795321636, "8": 0.09, "9": 0.3888888888888889, "10": 0.15, "11": 0.04285714285714286, "12": 0.525},
  "recall": 0.25951557093425603,
  "scene_recalls": {"2": 0.25951557093425603},
  "targets_count": 1445,
  "tp_count": 375
}