{
  "gt_count": 1517,
  "mean_obj_recall": 0.5995767239497403,
  "mean_scene_recall": 0.5937716262975778,
  "obj_recalls": {"1": 0.7542857142857143, "5": 0.4472361809045226, "6": 0.38596491228070173, "8": 0.545, "9": 0.7611111111111111, "10": 0.4444444444444444, "11": 0.7785714285714286, "12": 0.68},
  "recall": 0.5937716262975778,
  "scene_recalls": {"2": 0.5937716262975778},
  "targets_count": 1445,
  "tp_count": 858
}