{
  "gt_count": 1517,
  "mean_obj_recall": 0.5311358300483202,
  "mean_scene_recall": 0.5307958477508651,
  "obj_recalls": {"1": 0.7142857142857143, "5": 0.4472361809045226, "6": 0.32748538011695905, "8": 0.53, "9": 0.7333333333333333, "10": 0.2388888888888889, "11": 0.5928571428571429, "12": 0.665},
  "recall": 0.5307958477508651,
  "scene_recalls": {"2": 0.5307958477508651},
  "targets_count": 1445,
  "tp_count": 767
}