{
  "gt_count": 1517,
  "mean_obj_recall": 0.573679689697443,
  "mean_scene_recall": 0.5688581314878892,
  "obj_recalls": {"1": 0.7371428571428571, "5": 0.4472361809045226, "6": 0.3567251461988304, "8": 0.545, "9": 0.7388888888888889, "10": 0.34444444444444444, "11": 0.75, "12": 0.67},
  "recall": 0.5688581314878892,
  "scene_recalls": {"2": 0.5688581314878892},
  "targets_count": 1445,
  "tp_count": 822
}