{
  "gt_count": 1517,
  "mean_obj_recall": 0.48002154674794184,
  "mean_scene_recall": 0.48373702422145326,
  "obj_recalls": {"1": 0.6857142857142857, "5": 0.4221105527638191, "6": 0.30409356725146197, "8": 0.465, "9": 0.7222222222222222, "10": 0.18888888888888888, "11": 0.40714285714285714, "12": 0.645},
  "recall": 0.48373702422145326,
  "scene_recalls": {"2": 0.48373702422145326},
  "targets_count": 1445,
  "tp_count": 699
}