{
  "gt_count": 1517,
  "mean_obj_recall": 0.37456489055553455,
  "mean_scene_recall": 0.3806228373702422,
  "obj_recalls": {"1": 0.64, "5": 0.22613065326633167, "6": 0.2982456140350877, "8": 0.31, "9": 0.5722222222222222, "10": 0.17777777777777778, "11": 0.15714285714285714, "12": 0.615},
  "recall": 0.3806228373702422,
  "scene_recalls": {"2": 0.3806228373702422},
  "targets_count": 1445,
  "tp_count": 550
}