{
  "gt_count": 1517,
  "mean_obj_recall": 0.5650150501882847,
  "mean_scene_recall": 0.5764705882352941,
  "obj_recalls": {"1": 0.5885714285714285, "5": 0.6080402010050251, "6": 0.40350877192982454, "8": 0.52, "9": 0.7222222222222222, "10": 0.5777777777777777, "11": 0.3, "12": 0.8},
  "recall": 0.5764705882352941,
  "scene_recalls": {"2": 0.5764705882352941},
  "targets_count": 1445,
  "tp_count": 833
}