{
  "gt_count": 1517,
  "mean_obj_recall": 0.17558439912595558,
  "mean_scene_recall": 0.18269896193771626,
  "obj_recalls": {"1": 0.18857142857142858, "5": 0.08040201005025126, "6": 0.05847953216374269, "8": 0.16, "9": 0.17222222222222222, "10": 0.2, "11": 0.05, "12": 0.495},
  "recall": 0.18269896193771626,
  "scene_recalls": {"2": 0.18269896193771626},
  "targets_count": 1445,
  "tp_count": 264
}