{
  "gt_count": 1517,
  "mean_obj_recall": 0.2989638144775675,
  "mean_scene_recall": 0.30726643598615916,
  "obj_recalls": {"1": 0.34285714285714286, "5": 0.1658291457286432, "6": 0.14619883040935672, "8": 0.29, "9": 0.3333333333333333, "10": 0.3277777777777778, "11": 0.1357142857142857, "12": 0.65},
  "recall": 0.30726643598615916,
  "scene_recalls": {"2": 0.30726643598615916},
  "targets_count": 1445,
  "tp_count": 444
}