{
  "gt_count": 1517,
  "mean_obj_recall": 0.7459876502395016,
  "mean_scene_recall": 0.7529411764705882,
  "obj_recalls": {"1": 0.76, "5": 0.8492462311557789, "6": 0.6842105263157895, "8": 0.635, "9": 0.8388888888888889, "10": 0.8055555555555556, "11": 0.55, "12": 0.845},
  "recall": 0.7529411764705882,
  "scene_recalls": {"2": 0.7529411764705882},
  "targets_count": 1445,
  "tp_count": 1088
}