{
  "gt_count": 1517,
  "mean_obj_recall": 0.669421567423584,
  "mean_scene_recall": 0.6775086505190312,
  "obj_recalls": {"1": 0.6685714285714286, "5": 0.7286432160804021, "6": 0.5964912280701754, "8": 0.585, "9": 0.8, "10": 0.7166666666666667, "11": 0.45, "12": 0.81},
  "recall": 0.6775086505190312,
  "scene_recalls": {"2": 0.6775086505190312},
  "targets_count": 1445,
  "tp_count": 979
}