{
  "gt_count": 1517,
  "mean_obj_recall": 0.019195930047060702,
  "mean_scene_recall": 0.020069204152249134,
  "obj_recalls": {"1": 0.045714285714285714, "5": 0.01507537688442211, "6": 0.0, "8": 0.015, "9": 0.011111111111111112, "10": 0.016666666666666666, "11": 0.0, "12": 0.05},
  "recall": 0.020069204152249134,
  "scene_recalls": {"2": 0.020069204152249134},
  "targets_count": 1445,
  "tp_count": 29
}