{
  "gt_count": 1517,
  "mean_obj_recall": 0.4258140273212344,
  "mean_scene_recall": 0.4359861591695502,
  "obj_recalls": {"1": 0.45714285714285713, "5": 0.3417085427135678, "6": 0.28654970760233917, "8": 0.42, "9": 0.49444444444444446, "10": 0.4666666666666667, "11": 0.2, "12": 0.74},
  "recall": 0.4359861591695502,
  "scene_recalls": {"2": 0.4359861591695502},
  "targets_count": 1445,
  "tp_count": 630
}