{
  "gt_count": 1517,
  "mean_obj_recall": 0.07103127112169033,
  "mean_scene_recall": 0.07474048442906574,
  "obj_recalls": {"1": 0.08571428571428572, "5": 0.03015075376884422, "6": 0.017543859649122806, "8": 0.08, "9": 0.07222222222222222, "10": 0.03333333333333333, "11": 0.014285714285714285, "12": 0.235},
  "recall": 0.07474048442906574,
  "scene_recalls": {"2": 0.07474048442906574},
  "targets_count": 1445,
  "tp_count": 108
}