{
  "gt_count": 1517,
  "mean_obj_recall": 0.6325337605949547,
  "mean_scene_recall": 0.6318339100346021,
  "obj_recalls": {"1": 0.68, "5": 0.5527638190954773, "6": 0.5263157894736842, "8": 0.525, "9": 0.7444444444444445, "10": 0.6388888888888888, "11": 0.6428571428571429, "12": 0.75},
  "recall": 0.6318339100346021,
  "scene_recalls": {"2": 0.6318339100346021},
  "targets_count": 1445,
  "tp_count": 913
}