{
  "gt_count": 1517,
  "mean_obj_recall": 0.21772462196110043,
  "mean_scene_recall": 0.22214532871972317,
  "obj_recalls": {"1": 0.35428571428571426, "5": 0.06532663316582915, "6": 0.17543859649122806, "8": 0.125, "9": 0.22777777777777777, "10": 0.16111111111111112, "11": 0.09285714285714286, "12": 0.54},
  "recall": 0.22214532871972317,
  "scene_recalls": {"2": 0.22214532871972317},
  "targets_count": 1445,
  "tp_count": 321
}