{
  "gt_count": 1517,
  "mean_obj_recall": 0.3229696230735969,
  "mean_scene_recall": 0.3273356401384083,
  "obj_recalls": {"1": 0.46285714285714286, "5": 0.1407035175879397, "6": 0.26900584795321636, "8": 0.255, "9": 0.40555555555555556, "10": 0.22777777777777777, "11": 0.19285714285714287, "12": 0.63},
  "recall": 0.3273356401384083,
  "scene_recalls": {"2": 0.3273356401384083},
  "targets_count": 1445,
  "tp_count": 473
}