{
  "gt_count": 1517,
  "mean_obj_recall": 0.07692253036275781,
  "mean_scene_recall": 0.0809688581314879,
  "obj_recalls": {"1": 0.09714285714285714, "5": 0.010050251256281407, "6": 0.05263157894736842, "8": 0.0, "9": 0.03888888888888889, "10": 0.06666666666666667, "11": 0.0, "12": 0.35},
  "recall": 0.0809688581314879,
  "scene_recalls": {"2": 0.0809688581314879},
  "targets_count": 1445,
  "tp_count": 117
}