{
  "gt_count": 1517,
  "mean_obj_recall": 0.43791547807962117,
  "mean_scene_recall": 0.4408304498269896,
  "obj_recalls": {"1": 0.5657142857142857, "5": 0.24120603015075376, "6": 0.3391812865497076, "8": 0.415, "9": 0.6111111111111112, "10": 0.3111111111111111, "11": 0.35, "12": 0.67},
  "recall": 0.4408304498269896,
  "scene_recalls": {"2": 0.4408304498269896},
  "targets_count": 1445,
  "tp_count": 637
}