{
  "gt_count": 1517,
  "mean_obj_recall": 0.03450449826408567,
  "mean_scene_recall": 0.03667820069204152,
  "obj_recalls": {"1": 0.03428571428571429, "5": 0.005025125628140704, "6": 0.023391812865497075, "8": 0.0, "9": 0.011111111111111112, "10": 0.022222222222222223, "11": 0.0, "12": 0.18},
  "recall": 0.03667820069204152,
  "scene_recalls": {"2": 0.03667820069204152},
  "targets_count": 1445,
  "tp_count": 53
}