{
  "gt_count": 1517,
  "mean_obj_recall": 0.7096778902868561,
  "mean_scene_recall": 0.7093425605536332,
  "obj_recalls": {"1": 0.7257142857142858, "5": 0.6984924623115578, "6": 0.6198830409356725, "8": 0.56, "9": 0.8, "10": 0.7833333333333333, "11": 0.7, "12": 0.79},
  "recall": 0.7093425605536332,
  "scene_recalls": {"2": 0.7093425605536332},
  "targets_count": 1445,
  "tp_count": 1025
}