{
  "gt_count": 1517,
  "mean_obj_recall": 0.5338894635038182,
  "mean_scene_recall": 0.5363321799307958,
  "obj_recalls": {"1": 0.6285714285714286, "5": 0.36683417085427134, "6": 0.4269005847953216, "8": 0.51, "9": 0.6888888888888889, "10": 0.4777777777777778, "11": 0.45714285714285713, "12": 0.715},
  "recall": 0.5363321799307958,
  "scene_recalls": {"2": 0.5363321799307958},
  "targets_count": 1445,
  "tp_count": 775
}