{
  "gt_count": 1517,
  "mean_obj_recall": 0.1525324198267864,
  "mean_scene_recall": 0.15709342560553632,
  "obj_recalls": {"1": 0.2571428571428571, "5": 0.03015075376884422, "6": 0.12280701754385964, "8": 0.05, "9": 0.11666666666666667, "10": 0.12777777777777777, "11": 0.03571428571428571, "12": 0.48},
  "recall": 0.15709342560553632,
  "scene_recalls": {"2": 0.15709342560553632},
  "targets_count": 1445,
  "tp_count": 227
}