{
  "gt_count": 6900,
  "mean_obj_recall": 0.4992704461407059,
  "mean_scene_recall": 0.49635926728041957,
  "obj_recalls": {"1": 0.27456258411843876, "2": 0.3219954648526077, "3": 0.4348958333333333, "4": 0.27104377104377103, "5": 0.6157894736842106, "6": 0.5204081632653061, "7": 0.516, "8": 0.6066666666666667, "9": 0.8617886178861789, "10": 0.6573426573426573, "11": 0.3142857142857143, "12": 0.4748201438848921, "13": 0.2357142857142857, "14": 0.13013698630136986, "15": 0.4315068493150685, "16": 0.648936170212766, "17": 0.815068493150685, "18": 0.7397260273972602, "19": 0.43455497382198954, "20": 0.2375, "21": 0.37142857142857144, "22": 0.30319148936170215, "23": 0.7258064516129032, "24": 0.4270833333333333, "25": 0.4631578947368421, "26": 0.6767676767676768, "27": 0.4166666666666667, "28": 0.6302083333333334, "29": 0.6224489795918368, "30": 0.7986111111111112},
  "recall": 0.45539467538533396,
  "scene_recalls": {"1": 0.6091370558375635, "2": 0.7006802721088435, "3": 0.44541484716157204, "4": 0.7846153846153846, "5": 0.7090163934426229, "6": 0.49572649572649574, "7": 0.5335051546391752, "8": 0.4421768707482993, "9": 0.3302919708029197, "10": 0.3819444444444444, "11": 0.6751269035532995, "12": 0.4948453608247423, "13": 0.45429362880886426, "14": 0.42686567164179107, "15": 0.5224913494809689, "16": 0.4315245478036176, "17": 0.38650306748466257, "18": 0.32525951557093424, "19": 0.5458823529411765, "20": 0.2318840579710145},
  "targets_count": 6423,
  "tp_count": 2925
}