{
  "gt_count": 6900,
  "mean_obj_recall": 0.5696733666569909,
  "mean_scene_recall": 0.572759923609089,
  "obj_recalls": {"1": 0.39569313593539707, "2": 0.4126984126984127, "3": 0.5442708333333334, "4": 0.41245791245791247, "5": 0.6157894736842106, "6": 0.5918367346938775, "7": 0.528, "8": 0.6133333333333333, "9": 0.8699186991869918, "10": 0.7552447552447552, "11": 0.4857142857142857, "12": 0.5467625899280576, "13": 0.42142857142857143, "14": 0.18493150684931506, "15": 0.5616438356164384, "16": 0.723404255319149, "17": 0.815068493150685, "18": 0.7671232876712328, "19": 0.5287958115183246, "20": 0.2875, "21": 0.42857142857142855, "22": 0.39361702127659576, "23": 0.7580645161290323, "24": 0.5729166666666666, "25": 0.49473684210526314, "26": 0.696969696969697, "27": 0.4375, "28": 0.640625, "29": 0.7653061224489796, "30": 0.8402777777777778},
  "recall": 0.5357309668379262,
  "scene_recalls": {"1": 0.7563451776649747, "2": 0.7006802721088435, "3": 0.47161572052401746, "4": 0.7897435897435897, "5": 0.8155737704918032, "6": 0.6452991452991453, "7": 0.6675257731958762, "8": 0.5136054421768708, "9": 0.458029197080292, "10": 0.4409722222222222, "11": 0.6852791878172588, "12": 0.6082474226804123, "13": 0.5152354570637119, "14": 0.5074626865671642, "15": 0.5363321799307958, "16": 0.5193798449612403, "17": 0.5061349693251533, "18": 0.4083044982698962, "19": 0.6235294117647059, "20": 0.2859025032938076},
  "targets_count": 6423,
  "tp_count": 3441
}