{
  "gt_count": 6900,
  "mean_obj_recall": 0.14171138965134658,
  "mean_scene_recall": 0.1390681785177641,
  "obj_recalls": {"1": 0.029609690444145357, "2": 0.07256235827664399, "3": 0.0390625, "4": 0.03367003367003367, "5": 0.3526315789473684, "6": 0.14285714285714285, "7": 0.224, "8": 0.30666666666666664, "9": 0.3008130081300813, "10": 0.06293706293706294, "11": 0.005714285714285714, "12": 0.07194244604316546, "13": 0.03571428571428571, "14": 0.0, "15": 0.0410958904109589, "16": 0.2127659574468085, "17": 0.6438356164383562, "18": 0.3356164383561644, "19": 0.041884816753926704, "20": 0.03333333333333333, "21": 0.045714285714285714, "22": 0.015957446808510637, "23": 0.16532258064516128, "24": 0.046875, "25": 0.021052631578947368, "26": 0.2222222222222222, "27": 0.20833333333333334, "28": 0.203125, "29": 0.20408163265306123, "30": 0.13194444444444445},
  "recall": 0.11816907986921998,
  "scene_recalls": {"1": 0.1065989847715736, "2": 0.3877551020408163, "3": 0.18777292576419213, "4": 0.28205128205128205, "5": 0.14344262295081966, "6": 0.05555555555555555, "7": 0.14432989690721648, "8": 0.05782312925170068, "9": 0.032846715328467155, "10": 0.04513888888888889, "11": 0.3401015228426396, "12": 0.08247422680412371, "13": 0.0997229916897507, "14": 0.07462686567164178, "15": 0.1384083044982699, "16": 0.12403100775193798, "17": 0.09202453987730061, "18": 0.12802768166089964, "19": 0.2164705882352941, "20": 0.04216073781291173},
  "targets_count": 6423,
  "tp_count": 759
}