{
  "gt_count": 6900,
  "mean_obj_recall": 0.34640644767646067,
  "mean_scene_recall": 0.3428593246357665,
  "obj_recalls": {"1": 0.1386271870794078, "2": 0.1927437641723356, "3": 0.21875, "4": 0.132996632996633, "5": 0.5578947368421052, "6": 0.41836734693877553, "7": 0.448, "8": 0.5266666666666666, "9": 0.7195121951219512, "10": 0.32167832167832167, "11": 0.08, "12": 0.2805755395683453, "13": 0.08571428571428572, "14": 0.04794520547945205, "15": 0.21232876712328766, "16": 0.48404255319148937, "17": 0.7876712328767124, "18": 0.6712328767123288, "19": 0.20418848167539266, "20": 0.14583333333333334, "21": 0.18285714285714286, "22": 0.13297872340425532, "23": 0.5080645161290323, "24": 0.2552083333333333, "25": 0.25263157894736843, "26": 0.5050505050505051, "27": 0.34375, "28": 0.515625, "29": 0.47959183673469385, "30": 0.5416666666666666},
  "recall": 0.30453059318075665,
  "scene_recalls": {"1": 0.3248730964467005, "2": 0.6802721088435374, "3": 0.3624454148471616, "4": 0.6256410256410256, "5": 0.4426229508196721, "6": 0.24358974358974358, "7": 0.3324742268041237, "8": 0.24149659863945577, "9": 0.16605839416058393, "10": 0.20833333333333334, "11": 0.5888324873096447, "12": 0.2920962199312715, "13": 0.2853185595567867, "14": 0.2865671641791045, "15": 0.42560553633217996, "16": 0.27906976744186046, "17": 0.254601226993865, "18": 0.25259515570934254, "19": 0.4329411764705882, "20": 0.13175230566534915},
  "targets_count": 6423,
  "tp_count": 1956
}