{
  "gt_count": 1517,
  "mean_obj_recall": 0.675102483490972,
  "mean_scene_recall": 0.6823529411764706,
  "obj_recalls": {"1": 0.6514285714285715, "5": 0.7587939698492462, "6": 0.6198830409356725, "8": 0.58, "9": 0.8277777777777777, "10": 0.6722222222222223, "11": 0.4857142857142857, "12": 0.805},
  "recall": 0.6823529411764706,
  "scene_recalls": {"2": 0.6823529411764706},
  "targets_count": 1445,
  "tp_count": 986
}