{
  "gt_count": 1517,
  "mean_obj_recall": 0.0715967551836039,
  "mean_scene_recall": 0.0754325259515571,
  "obj_recalls": {"1": 0.07428571428571429, "5": 0.035175879396984924, "6": 0.023391812865497075, "8": 0.08, "9": 0.07777777777777778, "10": 0.05, "11": 0.007142857142857143, "12": 0.225},
  "recall": 0.0754325259515571,
  "scene_recalls": {"2": 0.0754325259515571},
  "targets_count": 1445,
  "tp_count": 109
}