{
  "gt_count": 1517,
  "mean_obj_recall": 0.5624518005650643,
  "mean_scene_recall": 0.5702422145328719,
  "obj_recalls": {"1": 0.5828571428571429, "5": 0.5628140703517588, "6": 0.4502923976608187, "8": 0.52, "9": 0.7, "10": 0.5722222222222222, "11": 0.37142857142857144, "12": 0.74},
  "recall": 0.5702422145328719,
  "scene_recalls": {"2": 0.5702422145328719},
  "targets_count": 1445,
  "tp_count": 824
}