{
  "gt_count": 1517,
  "mean_obj_recall": 0.16442734768243894,
  "mean_scene_recall": 0.17162629757785466,
  "obj_recalls": {"1": 0.17714285714285713, "5": 0.08542713567839195, "6": 0.07602339181286549, "8": 0.145, "9": 0.15555555555555556, "10": 0.15555555555555556, "11": 0.03571428571428571, "12": 0.485},
  "recall": 0.17162629757785466,
  "scene_recalls": {"2": 0.17162629757785466},
  "targets_count": 1445,
  "tp_count": 248
}