{
  "gt_count": 1517,
  "mean_obj_recall": 0.022965771316901973,
  "mean_scene_recall": 0.02422145328719723,
  "obj_recalls": {"1": 0.05142857142857143, "5": 0.01507537688442211, "6": 0.0, "8": 0.015, "9": 0.011111111111111112, "10": 0.011111111111111112, "11": 0.0, "12": 0.08},
  "recall": 0.02422145328719723,
  "scene_recalls": {"2": 0.02422145328719723},
  "targets_count": 1445,
  "tp_count": 35
}