{
  "gt_count": 1517,
  "mean_obj_recall": 0.2866329952813357,
  "mean_scene_recall": 0.2934256055363322,
  "obj_recalls": {"1": 0.29714285714285715, "5": 0.1708542713567839, "6": 0.1695906432748538, "8": 0.275, "9": 0.3, "10": 0.3333333333333333, "11": 0.15714285714285714, "12": 0.59},
  "recall": 0.2934256055363322,
  "scene_recalls": {"2": 0.2934256055363322},
  "targets_count": 1445,
  "tp_count": 424
}