{
  "gt_count": 1517,
  "mean_obj_recall": 0.7576057501374878,
  "mean_scene_recall": 0.7640138408304499,
  "obj_recalls": {"1": 0.7428571428571429, "5": 0.8442211055276382, "6": 0.7134502923976608, "8": 0.64, "9": 0.8833333333333333, "10": 0.8055555555555556, "11": 0.5714285714285714, "12": 0.86},
  "recall": 0.7640138408304499,
  "scene_recalls": {"2": 0.7640138408304499},
  "targets_count": 1445,
  "tp_count": 1104
}