{
  "gt_count": 1517,
  "mean_obj_recall": 0.004735283560660445,
  "mean_scene_recall": 0.004844290657439446,
  "obj_recalls": {"1": 0.022857142857142857, "5": 0.005025125628140704, "6": 0.0, "8": 0.0, "9": 0.0, "10": 0.0, "11": 0.0, "12": 0.01},
  "recall": 0.004844290657439446,
  "scene_recalls": {"2": 0.004844290657439446},
  "targets_count": 1445,
  "tp_count": 7
}