{
  "gt_count": 1517,
  "mean_obj_recall": 0.4163147347010743,
  "mean_scene_recall": 0.42422145328719724,
  "obj_recalls": {"1": 0.42857142857142855, "5": 0.32663316582914576, "6": 0.3157894736842105, "8": 0.405, "9": 0.4888888888888889, "10": 0.42777777777777776, "11": 0.24285714285714285, "12": 0.695},
  "recall": 0.42422145328719724,
  "scene_recalls": {"2": 0.42422145328719724},
  "targets_count": 1445,
  "tp_count": 613
}