{
  "gt_count": 1517,
  "mean_obj_recall": 0.16537506874388652,
  "mean_scene_recall": 0.16470588235294117,
  "obj_recalls": {"1": 0.07428571428571429, "5": 0.11055276381909548, "6": 0.05847953216374269, "8": 0.09, "9": 0.3111111111111111, "10": 0.0, "11": 0.2785714285714286, "12": 0.4},
  "recall": 0.16470588235294117,
  "scene_recalls": {"2": 0.16470588235294117},
  "targets_count": 1445,
  "tp_count": 238
}