{
  "gt_count": 1517,
  "mean_obj_recall": 0.06945023519854913,
  "mean_scene_recall": 0.0698961937716263,
  "obj_recalls": {"1": 0.011428571428571429, "5": 0.03015075376884422, "6": 0.005847953216374269, "8": 0.015, "9": 0.1388888888888889, "10": 0.0, "11": 0.11428571428571428, "12": 0.24},
  "recall": 0.0698961937716263,
  "scene_recalls": {"2": 0.0698961937716263},
  "targets_count": 1445,
  "tp_count": 101
}