{
  "gt_count": 1517,
  "mean_obj_recall": 0.024781746031746033,
  "mean_scene_recall": 0.02629757785467128,
  "obj_recalls": {"1": 0.0, "5": 0.0, "6": 0.0, "8": 0.0, "9": 0.06111111111111111, "10": 0.0, "11": 0.007142857142857143, "12": 0.13},
  "recall": 0.02629757785467128,
  "scene_recalls": {"2": 0.02629757785467128},
  "targets_count": 1445,
  "tp_count": 38
}