{
  "gt_count": 1517,
  "mean_obj_recall": 0.04860697335885778,
  "mean_scene_recall": 0.04982698961937716,
  "obj_recalls": {"1": 0.0, "5": 0.02512562814070352, "6": 0.0, "8": 0.005, "9": 0.09444444444444444, "10": 0.0, "11": 0.06428571428571428, "12": 0.2},
  "recall": 0.04982698961937716,
  "scene_recalls": {"2": 0.04982698961937716},
  "targets_count": 1445,
  "tp_count": 72
}