{
  "gt_count": 1517,
  "mean_obj_recall": 0.2188828908535997,
  "mean_scene_recall": 0.2179930795847751,
  "obj_recalls": {"1": 0.09714285714285714, "5": 0.1708542713567839, "6": 0.09941520467836257, "8": 0.175, "9": 0.37222222222222223, "10": 0.0, "11": 0.37142857142857144, "12": 0.465},
  "recall": 0.2179930795847751,
  "scene_recalls": {"2": 0.2179930795847751},
  "targets_count": 1445,
  "tp_count": 315
}