{
  "gt_count": 1517,
  "mean_obj_recall": 0.09226093132748119,
  "mean_scene_recall": 0.09204152249134948,
  "obj_recalls": {"1": 0.017142857142857144, "5": 0.04522613065326633, "6": 0.017543859649122806, "8": 0.015, "9": 0.18888888888888888, "10": 0.0, "11": 0.16428571428571428, "12": 0.29},
  "recall": 0.09204152249134948,
  "scene_recalls": {"2": 0.09204152249134948},
  "targets_count": 1445,
  "tp_count": 133
}