{
  "gt_count": 1517,
  "mean_obj_recall": 0.12253194491673068,
  "mean_scene_recall": 0.12249134948096886,
  "obj_recalls": {"1": 0.06285714285714286, "5": 0.06030150753768844, "6": 0.029239766081871343, "8": 0.035, "9": 0.25, "10": 0.0, "11": 0.19285714285714287, "12": 0.35},
  "recall": 0.12249134948096886,
  "scene_recalls": {"2": 0.12249134948096886},
  "targets_count": 1445,
  "tp_count": 177
}