{
  "gt_count": 1517,
  "mean_obj_recall": 0.08591688339357606,
  "mean_scene_recall": 0.08858131487889273,
  "obj_recalls": {"1": 0.045714285714285714, "5": 0.005025125628140704, "6": 0.03508771929824561, "8": 0.105, "9": 0.0, "10": 0.022222222222222223, "11": 0.11428571428571428, "12": 0.36},
  "recall": 0.08858131487889273,
  "scene_recalls": {"2": 0.08858131487889273},
  "targets_count": 1445,
  "tp_count": 128
}