{
  "gt_count": 1517,
  "mean_obj_recall": 0.012245718462823725,
  "mean_scene_recall": 0.01314878892733564,
  "obj_recalls": {"1": 0.005714285714285714, "5": 0.0, "6": 0.011695906432748537, "8": 0.0, "9": 0.0, "10": 0.005555555555555556, "11": 0.0, "12": 0.075},
  "recall": 0.01314878892733564,
  "scene_recalls": {"2": 0.01314878892733564},
  "targets_count": 1445,
  "tp_count": 19
}