{
  "gt_count": 1517,
  "mean_obj_recall": 0.010211988304093568,
  "mean_scene_recall": 0.011072664359861591,
  "obj_recalls": {"1": 0.0, "5": 0.0, "6": 0.011695906432748537, "8": 0.0, "9": 0.0, "10": 0.0, "11": 0.0, "12": 0.07},
  "recall": 0.011072664359861591,
  "scene_recalls": {"2": 0.011072664359861591},
  "targets_count": 1445,
  "tp_count": 16
}