{
  "gt_count": 1517,
  "mean_obj_recall": 0.005,
  "mean_scene_recall": 0.005536332179930796,
  "obj_recalls": {"1": 0.0, "5": 0.0, "6": 0.0, "8": 0.0, "9": 0.0, "10": 0.0, "11": 0.0, "12": 0.04},
  "recall": 0.005536332179930796,
  "scene_recalls": {"2": 0.005536332179930796},
  "targets_count": 1445,
  "tp_count": 8
}