{
  "gt_count": 1517,
  "mean_obj_recall": 0.023208020050125313,
  "mean_scene_recall": 0.02422145328719723,
  "obj_recalls": {"1": 0.011428571428571429, "5": 0.0, "6": 0.011695906432748537, "8": 0.005, "9": 0.0, "10": 0.011111111111111112, "11": 0.02142857142857143, "12": 0.125},
  "recall": 0.02422145328719723,
  "scene_recalls": {"2": 0.02422145328719723},
  "targets_count": 1445,
  "tp_count": 35
}