{
  "gt_count": 1517,
  "mean_obj_recall": 0.06066885964912281,
  "mean_scene_recall": 0.0629757785467128,
  "obj_recalls": {"1": 0.02857142857142857, "5": 0.0, "6": 0.029239766081871343, "8": 0.07, "9": 0.0, "10": 0.011111111111111112, "11": 0.07142857142857142, "12": 0.275},
  "recall": 0.0629757785467128,
  "scene_recalls": {"2": 0.0629757785467128},
  "targets_count": 1445,
  "tp_count": 91
}