{
  "gt_count": 1517,
  "mean_obj_recall": 0.1450647530677615,
  "mean_scene_recall": 0.1467128027681661,
  "obj_recalls": {"1": 0.10857142857142857, "5": 0.005025125628140704, "6": 0.07017543859649122, "8": 0.205, "9": 0.0, "10": 0.03888888888888889, "11": 0.24285714285714285, "12": 0.49},
  "recall": 0.1467128027681661,
  "scene_recalls": {"2": 0.1467128027681661},
  "targets_count": 1445,
  "tp_count": 212
}