{
  "gt_count": 1517,
  "mean_obj_recall": 0.038168859649122804,
  "mean_scene_recall": 0.04013840830449827,
  "obj_recalls": {"1": 0.011428571428571429, "5": 0.0, "6": 0.029239766081871343, "8": 0.015, "9": 0.0, "10": 0.011111111111111112, "11": 0.02857142857142857, "12": 0.21},
  "recall": 0.04013840830449827,
  "scene_recalls": {"2": 0.04013840830449827},
  "targets_count": 1445,
  "tp_count": 58
}