{
  "gt_count": 1517,
  "mean_obj_recall": 0.11903561772941565,
  "mean_scene_recall": 0.12110726643598616,
  "obj_recalls": {"1": 0.09142857142857143, "5": 0.005025125628140704, "6": 0.04678362573099415, "8": 0.15, "9": 0.0, "10": 0.03333333333333333, "11": 0.18571428571428572, "12": 0.44},
  "recall": 0.12110726643598616,
  "scene_recalls": {"2": 0.12110726643598616},
  "targets_count": 1445,
  "tp_count": 175
}