{
  "gt_count": 1517,
  "mean_obj_recall": 0.5682953798860635,
  "mean_scene_recall": 0.5633217993079584,
  "obj_recalls": {"1": 0.6114285714285714, "5": 0.4371859296482412, "6": 0.4327485380116959, "8": 0.41, "9": 0.7055555555555556, "10": 0.6944444444444444, "11": 0.65, "12": 0.605},
  "recall": 0.5633217993079584,
  "scene_recalls": {"2": 0.5633217993079584},
  "targets_count": 1445,
  "tp_count": 814
}