{
  "gt_count": 1517,
  "mean_obj_recall": 0.3290004035423567,
  "mean_scene_recall": 0.3217993079584775,
  "obj_recalls": {"1": 0.4057142857142857, "5": 0.19095477386934673, "6": 0.29239766081871343, "8": 0.115, "9": 0.2833333333333333, "10": 0.3888888888888889, "11": 0.4857142857142857, "12": 0.47},
  "recall": 0.3217993079584775,
  "scene_recalls": {"2": 0.3217993079584775},
  "targets_count": 1445,
  "tp_count": 465
}