{
  "gt_count": 1517,
  "mean_obj_recall": 0.7060676502814827,
  "mean_scene_recall": 0.7031141868512111,
  "obj_recalls": {"1": 0.6514285714285715, "5": 0.5879396984924623, "6": 0.6374269005847953, "8": 0.63, "9": 0.8722222222222222, "10": 0.8166666666666667, "11": 0.7428571428571429, "12": 0.71},
  "recall": 0.7031141868512111,
  "scene_recalls": {"2": 0.7031141868512111},
  "targets_count": 1445,
  "tp_count": 1016
}