{
  "gt_count": 1517,
  "mean_obj_recall": 0.14693304397929496,
  "mean_scene_recall": 0.14602076124567473,
  "obj_recalls": {"1": 0.14285714285714285, "5": 0.05527638190954774, "6": 0.12280701754385964, "8": 0.02, "9": 0.09444444444444444, "10": 0.17222222222222222, "11": 0.19285714285714287, "12": 0.375},
  "recall": 0.14602076124567473,
  "scene_recalls": {"2": 0.14602076124567473},
  "targets_count": 1445,
  "tp_count": 211
}