{
  "gt_count": 1517,
  "mean_obj_recall": 0.07865186154246588,
  "mean_scene_recall": 0.08027681660899653,
  "obj_recalls": {"1": 0.045714285714285714, "5": 0.01507537688442211, "6": 0.05263157894736842, "8": 0.005, "9": 0.03333333333333333, "10": 0.08888888888888889, "11": 0.07857142857142857, "12": 0.31},
  "recall": 0.08027681660899653,
  "scene_recalls": {"2": 0.08027681660899653},
  "targets_count": 1445,
  "tp_count": 116
}