{
  "gt_count": 1517,
  "mean_obj_recall": 0.44012320636180063,
  "mean_scene_recall": 0.43321799307958475,
  "obj_recalls": {"1": 0.5085714285714286, "5": 0.32160804020100503, "6": 0.38596491228070173, "8": 0.22, "9": 0.45, "10": 0.5555555555555556, "11": 0.5642857142857143, "12": 0.515},
  "recall": 0.43321799307958475,
  "scene_recalls": {"2": 0.43321799307958475},
  "targets_count": 1445,
  "tp_count": 626
}