{
  "gt_count": 1517,
  "mean_obj_recall": 0.022139724310776945,
  "mean_scene_recall": 0.023529411764705882,
  "obj_recalls": {"1": 0.011428571428571429, "5": 0.0, "6": 0.005847953216374269, "8": 0.0, "9": 0.005555555555555556, "10": 0.0, "11": 0.014285714285714285, "12": 0.14},
  "recall": 0.023529411764705882,
  "scene_recalls": {"2": 0.023529411764705882},
  "targets_count": 1445,
  "tp_count": 34
}