{
  "gt_count": 1517,
  "mean_obj_recall": 0.23879409579224442,
  "mean_scene_recall": 0.23529411764705882,
  "obj_recalls": {"1": 0.30857142857142855, "5": 0.1507537688442211, "6": 0.2046783625730994, "8": 0.065, "9": 0.17222222222222222, "10": 0.25555555555555554, "11": 0.32857142857142857, "12": 0.425},
  "recall": 0.23529411764705882,
  "scene_recalls": {"2": 0.23529411764705882},
  "targets_count": 1445,
  "tp_count": 340
}