{
  "gt_count": 1517,
  "mean_obj_recall": 0.6552540322749923,
  "mean_scene_recall": 0.6519031141868512,
  "obj_recalls": {"1": 0.64, "5": 0.507537688442211, "6": 0.543859649122807, "8": 0.545, "9": 0.85, "10": 0.7777777777777778, "11": 0.6928571428571428, "12": 0.685},
  "recall": 0.6519031141868512,
  "scene_recalls": {"2": 0.6519031141868512},
  "targets_count": 1445,
  "tp_count": 942
}