{
  "gt_count": 1517,
  "mean_obj_recall": 0.5888643037661154,
  "mean_scene_recall": 0.5916955017301038,
  "obj_recalls": {"1": 0.5657142857142857, "5": 0.6381909547738693, "6": 0.43859649122807015, "8": 0.485, "9": 0.7555555555555555, "10": 0.6, "11": 0.5428571428571428, "12": 0.685},
  "recall": 0.5916955017301038,
  "scene_recalls": {"2": 0.5916955017301038},
  "targets_count": 1445,
  "tp_count": 855
}