{
  "gt_count": 1517,
  "mean_obj_recall": 0.3767973403987355,
  "mean_scene_recall": 0.3785467128027682,
  "obj_recalls": {"1": 0.37142857142857144, "5": 0.4221105527638191, "6": 0.19298245614035087, "8": 0.305, "9": 0.5833333333333334, "10": 0.26666666666666666, "11": 0.39285714285714285, "12": 0.48},
  "recall": 0.3785467128027682,
  "scene_recalls": {"2": 0.3785467128027682},
  "targets_count": 1445,
  "tp_count": 547
}