{
  "gt_count": 1517,
  "mean_obj_recall": 0.02322056712132089,
  "mean_scene_recall": 0.023529411764705882,
  "obj_recalls": {"1": 0.011428571428571429, "5": 0.010050251256281407, "6": 0.0, "8": 0.02, "9": 0.08333333333333333, "10": 0.016666666666666666, "11": 0.014285714285714285, "12": 0.03},
  "recall": 0.023529411764705882,
  "scene_recalls": {"2": 0.023529411764705882},
  "targets_count": 1445,
  "tp_count": 34
}