{
  "gt_count": 1517,
  "mean_obj_recall": 0.14335440779503195,
  "mean_scene_recall": 0.1439446366782007,
  "obj_recalls": {"1": 0.09142857142857143, "5": 0.12060301507537688, "6": 0.06432748538011696, "8": 0.105, "9": 0.3055555555555556, "10": 0.07777777777777778, "11": 0.15714285714285714, "12": 0.225},
  "recall": 0.1439446366782007,
  "scene_recalls": {"2": 0.1439446366782007},
  "targets_count": 1445,
  "tp_count": 208
}