{
  "gt_count": 1517,
  "mean_obj_recall": 0.2615057430007179,
  "mean_scene_recall": 0.2629757785467128,
  "obj_recalls": {"1": 0.21714285714285714, "5": 0.2663316582914573, "6": 0.1111111111111111, "8": 0.215, "9": 0.4777777777777778, "10": 0.16111111111111112, "11": 0.2785714285714286, "12": 0.365},
  "recall": 0.2629757785467128,
  "scene_recalls": {"2": 0.2629757785467128},
  "targets_count": 1445,
  "tp_count": 380
}