{
  "gt_count": 1517,
  "mean_obj_recall": 0.4779681406195556,
  "mean_scene_recall": 0.4802768166089965,
  "obj_recalls": {"1": 0.4742857142857143, "5": 0.5276381909547738, "6": 0.3157894736842105, "8": 0.39, "9": 0.6722222222222223, "10": 0.4166666666666667, "11": 0.45714285714285713, "12": 0.57},
  "recall": 0.4802768166089965,
  "scene_recalls": {"2": 0.4802768166089965},
  "targets_count": 1445,
  "tp_count": 694
}