{
  "gt_count": 1517,
  "mean_obj_recall": 0.6729287571944937,
  "mean_scene_recall": 0.6761245674740485,
  "obj_recalls": {"1": 0.6514285714285715, "5": 0.7185929648241206, "6": 0.5380116959064327, "8": 0.565, "9": 0.7777777777777778, "10": 0.7333333333333333, "11": 0.6142857142857143, "12": 0.785},
  "recall": 0.6761245674740485,
  "scene_recalls": {"2": 0.6761245674740485},
  "targets_count": 1445,
  "tp_count": 977
}