{
  "gt_count": 1517,
  "mean_obj_recall": 0.06840495291830917,
  "mean_scene_recall": 0.06920415224913495,
  "obj_recalls": {"1": 0.03428571428571429, "5": 0.05527638190954774, "6": 0.023391812865497075, "8": 0.065, "9": 0.17222222222222222, "10": 0.027777777777777776, "11": 0.06428571428571428, "12": 0.105},
  "recall": 0.06920415224913495,
  "scene_recalls": {"2": 0.06920415224913495},
  "targets_count": 1445,
  "tp_count": 100
}