{
  "gt_count": 1517,
  "mean_obj_recall": 0.14308225547117376,
  "mean_scene_recall": 0.14948096885813147,
  "obj_recalls": {"1": 0.09142857142857143, "5": 0.04522613065326633, "6": 0.05847953216374269, "8": 0.25, "9": 0.05, "10": 0.11666666666666667, "11": 0.09285714285714286, "12": 0.44},
  "recall": 0.14948096885813147,
  "scene_recalls": {"2": 0.14948096885813147},
  "targets_count": 1445,
  "tp_count": 216
}