{
  "gt_count": 1517,
  "mean_obj_recall": 0.38710235072606136,
  "mean_scene_recall": 0.3923875432525952,
  "obj_recalls": {"1": 0.3485714285714286, "5": 0.1407035175879397, "6": 0.3508771929824561, "8": 0.53, "9": 0.2833333333333333, "10": 0.48333333333333334, "11": 0.3, "12": 0.66},
  "recall": 0.3923875432525952,
  "scene_recalls": {"2": 0.3923875432525952},
  "targets_count": 1445,
  "tp_count": 567
}