{
  "gt_count": 1517,
  "mean_obj_recall": 0.4913072594593687,
  "mean_scene_recall": 0.4934256055363322,
  "obj_recalls": {"1": 0.46285714285714286, "5": 0.22110552763819097, "6": 0.5029239766081871, "8": 0.57, "9": 0.4166666666666667, "10": 0.6333333333333333, "11": 0.42857142857142855, "12": 0.695},
  "recall": 0.4934256055363322,
  "scene_recalls": {"2": 0.4934256055363322},
  "targets_count": 1445,
  "tp_count": 713
}