{
  "gt_count": 1517,
  "mean_obj_recall": 0.07219249967464725,
  "mean_scene_recall": 0.07612456747404844,
  "obj_recalls": {"1": 0.045714285714285714, "5": 0.02512562814070352, "6": 0.029239766081871343, "8": 0.11, "9": 0.022222222222222223, "10": 0.06666666666666667, "11": 0.02857142857142857, "12": 0.25},
  "recall": 0.07612456747404844,
  "scene_recalls": {"2": 0.07612456747404844},
  "targets_count": 1445,
  "tp_count": 110
}