{
  "gt_count": 1517,
  "mean_obj_recall": 0.3043767002304757,
  "mean_scene_recall": 0.3107266435986159,
  "obj_recalls": {"1": 0.24, "5": 0.08542713567839195, "6": 0.2631578947368421, "8": 0.465, "9": 0.17222222222222222, "10": 0.37777777777777777, "11": 0.22142857142857142, "12": 0.61},
  "recall": 0.3107266435986159,
  "scene_recalls": {"2": 0.3107266435986159},
  "targets_count": 1445,
  "tp_count": 449
}