{
  "gt_count": 1517,
  "mean_obj_recall": 0.008465442290819174,
  "mean_scene_recall": 0.008996539792387544,
  "obj_recalls": {"1": 0.017142857142857144, "5": 0.005025125628140704, "6": 0.0, "8": 0.01, "9": 0.0, "10": 0.005555555555555556, "11": 0.0, "12": 0.03},
  "recall": 0.008996539792387544,
  "scene_recalls": {"2": 0.008996539792387544},
  "targets_count": 1445,
  "tp_count": 13
}