{
  "gt_count": 1517,
  "mean_obj_recall": 0.20975729209959573,
  "mean_scene_recall": 0.21660899653979238,
  "obj_recalls": {"1": 0.14857142857142858, "5": 0.05527638190954774, "6": 0.1286549707602339, "8": 0.355, "9": 0.07777777777777778, "10": 0.22777777777777777, "11": 0.15, "12": 0.535},
  "recall": 0.21660899653979238,
  "scene_recalls": {"2": 0.21660899653979238},
  "targets_count": 1445,
  "tp_count": 313
}