{
  "gt_count": 1517,
  "mean_obj_recall": 0.032731331049566964,
  "mean_scene_recall": 0.03529411764705882,
  "obj_recalls": {"1": 0.022857142857142857, "5": 0.01507537688442211, "6": 0.011695906432748537, "8": 0.075, "9": 0.011111111111111112, "10": 0.011111111111111112, "11": 0.0, "12": 0.115},
  "recall": 0.03529411764705882,
  "scene_recalls": {"2": 0.03529411764705882},
  "targets_count": 1445,
  "tp_count": 51
}