{
  "gt_count": 6900,
  "mean_obj_recall": 0.5484840208516045,
  "mean_scene_recall": 0.5719699251944002,
  "obj_recalls": {"1": 0.46433378196500674, "2": 0.4399092970521542, "3": 0.5885416666666666, "4": 0.5151515151515151, "5": 0.6, "6": 0.42857142857142855, "7": 0.536, "8": 0.62, "9": 0.8821138211382114, "10": 0.7552447552447552, "11": 0.5942857142857143, "12": 0.5611510791366906, "13": 0.5642857142857143, "14": 0.2191780821917808, "15": 0.6232876712328768, "16": 0.7606382978723404, "17": 0.821917808219178, "18": 0.6575342465753424, "19": 0.5340314136125655, "20": 0.3, "21": 0.4, "22": 0.32978723404255317, "23": 0.7540322580645161, "24": 0.640625, "25": 0.2, "26": 0.43434343434343436, "27": 0.3958333333333333, "28": 0.5885416666666666, "29": 0.3979591836734694, "30": 0.8472222222222222},
  "recall": 0.5467849914370232,
  "scene_recalls": {"1": 0.47715736040609136, "2": 0.7074829931972789, "3": 0.4672489082969432, "4": 0.7589743589743589, "5": 0.8237704918032787, "6": 0.6452991452991453, "7": 0.6726804123711341, "8": 0.5068027210884354, "9": 0.5401459854014599, "10": 0.4479166666666667, "11": 0.6852791878172588, "12": 0.6426116838487973, "13": 0.4792243767313019, "14": 0.5104477611940299, "15": 0.4463667820069204, "16": 0.5813953488372093, "17": 0.5950920245398773, "18": 0.47750865051903113, "19": 0.6564705882352941, "20": 0.31752305665349145},
  "targets_count": 6423,
  "tp_count": 3512
}