{
  "gt_count": 6900,
  "mean_obj_recall": 0.542842603799159,
  "mean_scene_recall": 0.5667324325967782,
  "obj_recalls": {"1": 0.458950201884253, "2": 0.4308390022675737, "3": 0.5833333333333334, "4": 0.5151515151515151, "5": 0.5947368421052631, "6": 0.42857142857142855, "7": 0.528, "8": 0.6133333333333333, "9": 0.8739837398373984, "10": 0.7552447552447552, "11": 0.5885714285714285, "12": 0.5611510791366906, "13": 0.5642857142857143, "14": 0.2191780821917808, "15": 0.6164383561643836, "16": 0.7446808510638298, "17": 0.815068493150685, "18": 0.636986301369863, "19": 0.5235602094240838, "20": 0.2875, "21": 0.3942857142857143, "22": 0.324468085106383, "23": 0.75, "24": 0.6354166666666666, "25": 0.2, "26": 0.43434343434343436, "27": 0.3958333333333333, "28": 0.5833333333333334, "29": 0.3877551020408163, "30": 0.8402777777777778},
  "recall": 0.5410244434065079,
  "scene_recalls": {"1": 0.4720812182741117, "2": 0.7006802721088435, "3": 0.462882096069869, "4": 0.7589743589743589, "5": 0.8237704918032787, "6": 0.6367521367521367, "7": 0.6597938144329897, "8": 0.5034013605442177, "9": 0.5364963503649635, "10": 0.4444444444444444, "11": 0.6852791878172588, "12": 0.6426116838487973, "13": 0.46537396121883656, "14": 0.5014925373134328, "15": 0.4429065743944637, "16": 0.5788113695090439, "17": 0.5950920245398773, "18": 0.4671280276816609, "19": 0.6470588235294118, "20": 0.3096179183135705},
  "targets_count": 6423,
  "tp_count": 3475
}