{
  "gt_count": 6900,
  "mean_obj_recall": 0.5446963300458781,
  "mean_scene_recall": 0.5686767494040625,
  "obj_recalls": {"1": 0.46029609690444145, "2": 0.43537414965986393, "3": 0.5859375, "4": 0.5151515151515151, "5": 0.5947368421052631, "6": 0.42857142857142855, "7": 0.536, "8": 0.6133333333333333, "9": 0.8780487804878049, "10": 0.7552447552447552, "11": 0.5885714285714285, "12": 0.5611510791366906, "13": 0.5642857142857143, "14": 0.2191780821917808, "15": 0.6164383561643836, "16": 0.75, "17": 0.815068493150685, "18": 0.6438356164383562, "19": 0.5235602094240838, "20": 0.29583333333333334, "21": 0.3942857142857143, "22": 0.32978723404255317, "23": 0.7540322580645161, "24": 0.640625, "25": 0.2, "26": 0.43434343434343436, "27": 0.3958333333333333, "28": 0.5833333333333334, "29": 0.3877551020408163, "30": 0.8402777777777778},
  "recall": 0.5432041102288651,
  "scene_recalls": {"1": 0.4720812182741117, "2": 0.7006802721088435, "3": 0.462882096069869, "4": 0.7589743589743589, "5": 0.8237704918032787, "6": 0.6452991452991453, "7": 0.6649484536082474, "8": 0.5068027210884354, "9": 0.5383211678832117, "10": 0.4444444444444444, "11": 0.6852791878172588, "12": 0.6426116838487973, "13": 0.4709141274238227, "14": 0.5074626865671642, "15": 0.4429065743944637, "16": 0.5788113695090439, "17": 0.5950920245398773, "18": 0.47058823529411764, "19": 0.6494117647058824, "20": 0.31225296442687744},
  "targets_count": 6423,
  "tp_count": 3489
}