{
  "gt_count": 6900,
  "mean_obj_recall": 0.4584214872892331,
  "mean_scene_recall": 0.47862162391238766,
  "obj_recalls": {"1": 0.37012113055181695, "2": 0.3764172335600907, "3": 0.5546875, "4": 0.40235690235690236, "5": 0.5368421052631579, "6": 0.40816326530612246, "7": 0.472, "8": 0.46, "9": 0.8414634146341463, "10": 0.7272727272727273, "11": 0.49142857142857144, "12": 0.5539568345323741, "13": 0.5357142857142857, "14": 0.21232876712328766, "15": 0.5958904109589042, "16": 0.7074468085106383, "17": 0.815068493150685, "18": 0.4178082191780822, "19": 0.4031413612565445, "20": 0.2, "21": 0.28, "22": 0.22340425531914893, "23": 0.5564516129032258, "24": 0.5416666666666666, "25": 0.09473684210526316, "26": 0.2222222222222222, "27": 0.21875, "28": 0.4791666666666667, "29": 0.23469387755102042, "30": 0.8194444444444444},
  "recall": 0.45850848513155845,
  "scene_recalls": {"1": 0.4213197969543147, "2": 0.6462585034013606, "3": 0.388646288209607, "4": 0.5230769230769231, "5": 0.6844262295081968, "6": 0.5341880341880342, "7": 0.5876288659793815, "8": 0.3741496598639456, "9": 0.42883211678832117, "10": 0.34375, "11": 0.6598984771573604, "12": 0.5979381443298969, "13": 0.34349030470914127, "14": 0.3880597014925373, "15": 0.328719723183391, "16": 0.5555555555555556, "17": 0.5153374233128835, "18": 0.370242214532872, "19": 0.5976470588235294, "20": 0.28326745718050067},
  "targets_count": 6423,
  "tp_count": 2945
}