{
  "gt_count": 6900,
  "mean_obj_recall": 0.5385761841865871,
  "mean_scene_recall": 0.5631413719516722,
  "obj_recalls": {"1": 0.458950201884253, "2": 0.42630385487528344, "3": 0.578125, "4": 0.5151515151515151, "5": 0.5947368421052631, "6": 0.42857142857142855, "7": 0.524, "8": 0.6, "9": 0.8739837398373984, "10": 0.7552447552447552, "11": 0.5828571428571429, "12": 0.5611510791366906, "13": 0.5642857142857143, "14": 0.2191780821917808, "15": 0.6095890410958904, "16": 0.7393617021276596, "17": 0.815068493150685, "18": 0.6095890410958904, "19": 0.5235602094240838, "20": 0.2875, "21": 0.38285714285714284, "22": 0.324468085106383, "23": 0.7419354838709677, "24": 0.6302083333333334, "25": 0.2, "26": 0.42424242424242425, "27": 0.375, "28": 0.5833333333333334, "29": 0.3877551020408163, "30": 0.8402777777777778},
  "recall": 0.5375992526856609,
  "scene_recalls": {"1": 0.4720812182741117, "2": 0.7006802721088435, "3": 0.4585152838427948, "4": 0.7435897435897436, "5": 0.8155737704918032, "6": 0.6282051282051282, "7": 0.6494845360824743, "8": 0.5034013605442177, "9": 0.5346715328467153, "10": 0.4409722222222222, "11": 0.6852791878172588, "12": 0.6391752577319587, "13": 0.45706371191135736, "14": 0.49850746268656715, "15": 0.4429065743944637, "16": 0.5788113695090439, "17": 0.5950920245398773, "18": 0.4671280276816609, "19": 0.6447058823529411, "20": 0.3069828722002635},
  "targets_count": 6423,
  "tp_count": 3453
}