{
  "gt_count": 6900,
  "mean_obj_recall": 0.5322393112509345,
  "mean_scene_recall": 0.5569894027142037,
  "obj_recalls": {"1": 0.4576043068640646, "2": 0.42403628117913833, "3": 0.5703125, "4": 0.5134680134680135, "5": 0.5947368421052631, "6": 0.42857142857142855, "7": 0.52, "8": 0.5866666666666667, "9": 0.8699186991869918, "10": 0.7552447552447552, "11": 0.5771428571428572, "12": 0.5611510791366906, "13": 0.5642857142857143, "14": 0.2191780821917808, "15": 0.6095890410958904, "16": 0.7287234042553191, "17": 0.815068493150685, "18": 0.5958904109589042, "19": 0.518324607329843, "20": 0.275, "21": 0.37714285714285717, "22": 0.31382978723404253, "23": 0.7016129032258065, "24": 0.6302083333333334, "25": 0.2, "26": 0.3939393939393939, "27": 0.3645833333333333, "28": 0.5729166666666666, "29": 0.3877551020408163, "30": 0.8402777777777778},
  "recall": 0.5316830141678344,
  "scene_recalls": {"1": 0.4720812182741117, "2": 0.7006802721088435, "3": 0.4585152838427948, "4": 0.717948717948718, "5": 0.8114754098360656, "6": 0.6239316239316239, "7": 0.6469072164948454, "8": 0.4965986394557823, "9": 0.531021897810219, "10": 0.4270833333333333, "11": 0.6852791878172588, "12": 0.6323024054982818, "13": 0.4404432132963989, "14": 0.47761194029850745, "15": 0.4429065743944637, "16": 0.5736434108527132, "17": 0.5920245398773006, "18": 0.46366782006920415, "19": 0.64, "20": 0.30566534914361},
  "targets_count": 6423,
  "tp_count": 3415
}