{
  "gt_count": 6900,
  "mean_obj_recall": 0.5258707804566359,
  "mean_scene_recall": 0.5515105141845458,
  "obj_recalls": {"1": 0.45625841184387617, "2": 0.42403628117913833, "3": 0.5703125, "4": 0.5117845117845118, "5": 0.5947368421052631, "6": 0.42857142857142855, "7": 0.52, "8": 0.56, "9": 0.8699186991869918, "10": 0.7552447552447552, "11": 0.5657142857142857, "12": 0.5611510791366906, "13": 0.5642857142857143, "14": 0.2191780821917808, "15": 0.6095890410958904, "16": 0.7287234042553191, "17": 0.815068493150685, "18": 0.5753424657534246, "19": 0.5026178010471204, "20": 0.2625, "21": 0.37142857142857144, "22": 0.30319148936170215, "23": 0.6935483870967742, "24": 0.625, "25": 0.18947368421052632, "26": 0.35353535353535354, "27": 0.3541666666666667, "28": 0.5729166666666666, "29": 0.37755102040816324, "30": 0.8402777777777778},
  "recall": 0.5270122995484976,
  "scene_recalls": {"1": 0.4720812182741117, "2": 0.7006802721088435, "3": 0.4497816593886463, "4": 0.6820512820512821, "5": 0.8073770491803278, "6": 0.6153846153846154, "7": 0.6443298969072165, "8": 0.4897959183673469, "9": 0.531021897810219, "10": 0.4236111111111111, "11": 0.6852791878172588, "12": 0.6323024054982818, "13": 0.4265927977839335, "14": 0.46567164179104475, "15": 0.4359861591695502, "16": 0.5736434108527132, "17": 0.588957055214724, "18": 0.46366782006920415, "19": 0.6376470588235295, "20": 0.30434782608695654},
  "targets_count": 6423,
  "tp_count": 3385
}