{
  "gt_count": 6900,
  "mean_obj_recall": 0.5090552734504092,
  "mean_scene_recall": 0.5344928895452763,
  "obj_recalls": {"1": 0.44010767160161507, "2": 0.41950113378684806, "3": 0.5703125, "4": 0.4898989898989899, "5": 0.5842105263157895, "6": 0.42857142857142855, "7": 0.512, "8": 0.5466666666666666, "9": 0.8699186991869918, "10": 0.7552447552447552, "11": 0.56, "12": 0.5611510791366906, "13": 0.5642857142857143, "14": 0.2191780821917808, "15": 0.6095890410958904, "16": 0.7180851063829787, "17": 0.815068493150685, "18": 0.5342465753424658, "19": 0.4712041884816754, "20": 0.24166666666666667, "21": 0.3485714285714286, "22": 0.28191489361702127, "23": 0.6491935483870968, "24": 0.625, "25": 0.15789473684210525, "26": 0.30303030303030304, "27": 0.2916666666666667, "28": 0.546875, "29": 0.3163265306122449, "30": 0.8402777777777778},
  "recall": 0.5119103222793088,
  "scene_recalls": {"1": 0.467005076142132, "2": 0.6870748299319728, "3": 0.4366812227074236, "4": 0.6358974358974359, "5": 0.7704918032786885, "6": 0.6025641025641025, "7": 0.6314432989690721, "8": 0.4523809523809524, "9": 0.5218978102189781, "10": 0.3923611111111111, "11": 0.6852791878172588, "12": 0.6323024054982818, "13": 0.407202216066482, "14": 0.4537313432835821, "15": 0.39100346020761245, "16": 0.5736434108527132, "17": 0.5644171779141104, "18": 0.44982698961937717, "19": 0.6329411764705882, "20": 0.30171277997364954},
  "targets_count": 6423,
  "tp_count": 3288
}