{
  "gt_count": 6900,
  "mean_obj_recall": 0.08956843116721358,
  "mean_scene_recall": 0.09580230843743177,
  "obj_recalls": {"1": 0.07806191117092867, "2": 0.1292517006802721, "3": 0.17708333333333334, "4": 0.06228956228956229, "5": 0.20526315789473684, "6": 0.10204081632653061, "7": 0.036, "8": 0.04666666666666667, "9": 0.23983739837398374, "10": 0.1888111888111888, "11": 0.06285714285714286, "12": 0.1223021582733813, "13": 0.04285714285714286, "14": 0.0136986301369863, "15": 0.0821917808219178, "16": 0.13297872340425532, "17": 0.4520547945205479, "18": 0.0821917808219178, "19": 0.04712041884816754, "20": 0.020833333333333332, "21": 0.04, "22": 0.031914893617021274, "23": 0.0846774193548387, "24": 0.07291666666666667, "25": 0.0, "26": 0.010101010101010102, "27": 0.010416666666666666, "28": 0.046875, "29": 0.01020408163265306, "30": 0.05555555555555555},
  "recall": 0.09403705433598007,
  "scene_recalls": {"1": 0.07106598984771574, "2": 0.19047619047619047, "3": 0.06550218340611354, "4": 0.08205128205128205, "5": 0.13934426229508196, "6": 0.0811965811965812, "7": 0.13144329896907217, "8": 0.047619047619047616, "9": 0.09124087591240876, "10": 0.06597222222222222, "11": 0.17258883248730963, "12": 0.1134020618556701, "13": 0.030470914127423823, "14": 0.04776119402985075, "15": 0.031141868512110725, "16": 0.12661498708010335, "17": 0.0950920245398773, "18": 0.08996539792387544, "19": 0.14823529411764705, "20": 0.09486166007905138},
  "targets_count": 6423,
  "tp_count": 604
}