{
  "gt_count": 6900,
  "mean_obj_recall": 0.5518254730796933,
  "mean_scene_recall": 0.5754802786909504,
  "obj_recalls": {"1": 0.47240915208613726, "2": 0.4489795918367347, "3": 0.59375, "4": 0.5151515151515151, "5": 0.6052631578947368, "6": 0.42857142857142855, "7": 0.544, "8": 0.6333333333333333, "9": 0.8821138211382114, "10": 0.7552447552447552, "11": 0.5942857142857143, "12": 0.5683453237410072, "13": 0.5642857142857143, "14": 0.2191780821917808, "15": 0.6232876712328768, "16": 0.7659574468085106, "17": 0.821917808219178, "18": 0.6712328767123288, "19": 0.5340314136125655, "20": 0.30833333333333335, "21": 0.4114285714285714, "22": 0.3351063829787234, "23": 0.7540322580645161, "24": 0.640625, "25": 0.2, "26": 0.43434343434343436, "27": 0.3958333333333333, "28": 0.5885416666666666, "29": 0.3979591836734694, "30": 0.8472222222222222},
  "recall": 0.550832944107115,
  "scene_recalls": {"1": 0.47715736040609136, "2": 0.7074829931972789, "3": 0.4759825327510917, "4": 0.7692307692307693, "5": 0.8278688524590164, "6": 0.6495726495726496, "7": 0.6752577319587629, "8": 0.5136054421768708, "9": 0.5437956204379562, "10": 0.4479166666666667, "11": 0.6852791878172588, "12": 0.6426116838487973, "13": 0.48476454293628807, "14": 0.5134328358208955, "15": 0.4463667820069204, "16": 0.5839793281653747, "17": 0.5950920245398773, "18": 0.4809688581314879, "19": 0.6611764705882353, "20": 0.32806324110671936},
  "targets_count": 6423,
  "tp_count": 3538
}