{
  "gt_count": 1517,
  "mean_obj_recall": 0.3711662426585727,
  "mean_scene_recall": 0.3660899653979239,
  "obj_recalls": {"1": 0.3314285714285714, "5": 0.19597989949748743, "6": 0.29239766081871343, "8": 0.595, "9": 0.40555555555555556, "10": 0.06111111111111111, "11": 0.6428571428571429, "12": 0.445},
  "recall": 0.3660899653979239,
  "scene_recalls": {"2": 0.3660899653979239},
  "targets_count": 1445,
  "tp_count": 529
}