{
  "gt_count": 1517,
  "mean_obj_recall": 0.32303132202365215,
  "mean_scene_recall": 0.32041522491349483,
  "obj_recalls": {"1": 0.21142857142857144, "5": 0.19597989949748743, "6": 0.29239766081871343, "8": 0.585, "9": 0.3388888888888889, "10": 0.005555555555555556, "11": 0.55, "12": 0.405},
  "recall": 0.32041522491349483,
  "scene_recalls": {"2": 0.32041522491349483},
  "targets_count": 1445,
  "tp_count": 463
}