{
  "gt_count": 1517,
  "mean_obj_recall": 0.006944444444444445,
  "mean_scene_recall": 0.007612456747404845,
  "obj_recalls": {"1": 0.0, "5": 0.0, "6": 0.0, "8": 0.0, "9": 0.005555555555555556, "10": 0.0, "11": 0.0, "12": 0.05},
  "recall": 0.007612456747404845,
  "scene_recalls": {"2": 0.007612456747404845},
  "targets_count": 1445,
  "tp_count": 11
}