{
  "gt_count": 1517,
  "mean_obj_recall": 0.3826444172617473,
  "mean_scene_recall": 0.37785467128027683,
  "obj_recalls": {"1": 0.33714285714285713, "5": 0.19597989949748743, "6": 0.29239766081871343, "8": 0.61, "9": 0.4388888888888889, "10": 0.08888888888888889, "11": 0.6428571428571429, "12": 0.455},
  "recall": 0.37785467128027683,
  "scene_recalls": {"2": 0.37785467128027683},
  "targets_count": 1445,
  "tp_count": 546
}