{
  "gt_count": 1517,
  "mean_obj_recall": 0.39734994678908325,
  "mean_scene_recall": 0.3916955017301038,
  "obj_recalls": {"1": 0.35428571428571426, "5": 0.20603015075376885, "6": 0.2982456140350877, "8": 0.61, "9": 0.4666666666666667, "10": 0.1, "11": 0.6785714285714286, "12": 0.465},
  "recall": 0.3916955017301038,
  "scene_recalls": {"2": 0.3916955017301038},
  "targets_count": 1445,
  "tp_count": 566
}