{
  "gt_count": 1517,
  "mean_obj_recall": 0.38944006005381965,
  "mean_scene_recall": 0.3847750865051903,
  "obj_recalls": {"1": 0.34285714285714286, "5": 0.20100502512562815, "6": 0.2982456140350877, "8": 0.61, "9": 0.46111111111111114, "10": 0.09444444444444444, "11": 0.6428571428571429, "12": 0.465},
  "recall": 0.3847750865051903,
  "scene_recalls": {"2": 0.3847750865051903},
  "targets_count": 1445,
  "tp_count": 556
}