{
  "gt_count": 1517,
  "mean_obj_recall": 0.3556305283728584,
  "mean_scene_recall": 0.35155709342560554,
  "obj_recalls": {"1": 0.3028571428571429, "5": 0.19597989949748743, "6": 0.29239766081871343, "8": 0.59, "9": 0.39444444444444443, "10": 0.022222222222222223, "11": 0.6071428571428571, "12": 0.44},
  "recall": 0.35155709342560554,
  "scene_recalls": {"2": 0.35155709342560554},
  "targets_count": 1445,
  "tp_count": 508
}