{
  "gt_count": 1517,
  "mean_obj_recall": 0.15369329941268584,
  "mean_scene_recall": 0.16124567474048443,
  "obj_recalls": {"1": 0.045714285714285714, "5": 0.135678391959799, "6": 0.13450292397660818, "8": 0.41, "9": 0.17222222222222222, "10": 0.0, "11": 0.07142857142857142, "12": 0.26},
  "recall": 0.16124567474048443,
  "scene_recalls": {"2": 0.16124567474048443},
  "targets_count": 1445,
  "tp_count": 233
}