{
  "gt_count": 1517,
  "mean_obj_recall": 0.27142991482055223,
  "mean_scene_recall": 0.2726643598615917,
  "obj_recalls": {"1": 0.09714285714285714, "5": 0.19095477386934673, "6": 0.2573099415204678, "8": 0.54, "9": 0.2833333333333333, "10": 0.005555555555555556, "11": 0.40714285714285714, "12": 0.39},
  "recall": 0.2726643598615917,
  "scene_recalls": {"2": 0.2726643598615917},
  "targets_count": 1445,
  "tp_count": 394
}