{
  "gt_count": 1517,
  "mean_obj_recall": 0.0474070908007036,
  "mean_scene_recall": 0.05121107266435986,
  "obj_recalls": {"1": 0.011428571428571429, "5": 0.020100502512562814, "6": 0.011695906432748537, "8": 0.145, "9": 0.03888888888888889, "10": 0.0, "11": 0.007142857142857143, "12": 0.145},
  "recall": 0.05121107266435986,
  "scene_recalls": {"2": 0.05121107266435986},
  "targets_count": 1445,
  "tp_count": 74
}