{
  "gt_count": 1517,
  "mean_obj_recall": 0.31450056516920444,
  "mean_scene_recall": 0.31418685121107265,
  "obj_recalls": {"1": 0.32571428571428573, "5": 0.16080402010050251, "6": 0.28654970760233917, "8": 0.46, "9": 0.4, "10": 0.07222222222222222, "11": 0.38571428571428573, "12": 0.425},
  "recall": 0.31418685121107265,
  "scene_recalls": {"2": 0.31418685121107265},
  "targets_count": 1445,
  "tp_count": 454
}