{
  "gt_count": 1517,
  "mean_obj_recall": 0.20974325732673393,
  "mean_scene_recall": 0.2124567474048443,
  "obj_recalls": {"1": 0.24, "5": 0.09547738693467336, "6": 0.2573099415204678, "8": 0.28, "9": 0.3, "10": 0.044444444444444446, "11": 0.1357142857142857, "12": 0.325},
  "recall": 0.2124567474048443,
  "scene_recalls": {"2": 0.2124567474048443},
  "targets_count": 1445,
  "tp_count": 307
}