{
  "gt_count": 1517,
  "mean_obj_recall": 0.42164974307628367,
  "mean_scene_recall": 0.415916955017301,
  "obj_recalls": {"1": 0.4342857142857143, "5": 0.19597989949748743, "6": 0.3157894736842105, "8": 0.61, "9": 0.49444444444444446, "10": 0.20555555555555555, "11": 0.6571428571428571, "12": 0.46},
  "recall": 0.415916955017301,
  "scene_recalls": {"2": 0.415916955017301},
  "targets_count": 1445,
  "tp_count": 601
}