{
  "gt_count": 1517,
  "mean_obj_recall": 0.38175520721821304,
  "mean_scene_recall": 0.3771626297577855,
  "obj_recalls": {"1": 0.36, "5": 0.19095477386934673, "6": 0.2982456140350877, "8": 0.58, "9": 0.45555555555555555, "10": 0.1, "11": 0.6142857142857143, "12": 0.455},
  "recall": 0.3771626297577855,
  "scene_recalls": {"2": 0.3771626297577855},
  "targets_count": 1445,
  "tp_count": 545
}