{
  "gt_count": 1517,
  "mean_obj_recall": 0.08503918401531466,
  "mean_scene_recall": 0.08650519031141868,
  "obj_recalls": {"1": 0.06285714285714286, "5": 0.01507537688442211, "6": 0.1111111111111111, "8": 0.075, "9": 0.18333333333333332, "10": 0.022222222222222223, "11": 0.03571428571428571, "12": 0.175},
  "recall": 0.08650519031141868,
  "scene_recalls": {"2": 0.08650519031141868},
  "targets_count": 1445,
  "tp_count": 125
}