{
  "gt_count": 1517,
  "mean_obj_recall": 0.44644871968447075,
  "mean_scene_recall": 0.4401384083044983,
  "obj_recalls": {"1": 0.52, "5": 0.19597989949748743, "6": 0.3391812865497076, "8": 0.61, "9": 0.5055555555555555, "10": 0.24444444444444444, "11": 0.6714285714285714, "12": 0.485},
  "recall": 0.4401384083044983,
  "scene_recalls": {"2": 0.4401384083044983},
  "targets_count": 1445,
  "tp_count": 636
}