{
  "gt_count": 1517,
  "mean_obj_recall": 0.36208258029915663,
  "mean_scene_recall": 0.3591695501730104,
  "obj_recalls": {"1": 0.35428571428571426, "5": 0.18592964824120603, "6": 0.29239766081871343, "8": 0.555, "9": 0.43333333333333335, "10": 0.1, "11": 0.5357142857142857, "12": 0.44},
  "recall": 0.3591695501730104,
  "scene_recalls": {"2": 0.3591695501730104},
  "targets_count": 1445,
  "tp_count": 519
}