{
  "gt_count": 1517,
  "mean_obj_recall": 0.4016659293753647,
  "mean_scene_recall": 0.3965397923875433,
  "obj_recalls": {"1": 0.3942857142857143, "5": 0.19597989949748743, "6": 0.30409356725146197, "8": 0.605, "9": 0.4722222222222222, "10": 0.1388888888888889, "11": 0.6428571428571429, "12": 0.46},
  "recall": 0.3965397923875433,
  "scene_recalls": {"2": 0.3965397923875433},
  "targets_count": 1445,
  "tp_count": 573
}