{
  "gt_count": 1517,
  "mean_obj_recall": 0.01370405179615706,
  "mean_scene_recall": 0.01453287197231834,
  "obj_recalls": {"1": 0.005714285714285714, "5": 0.0, "6": 0.011695906432748537, "8": 0.0, "9": 0.016666666666666666, "10": 0.005555555555555556, "11": 0.0, "12": 0.07},
  "recall": 0.01453287197231834,
  "scene_recalls": {"2": 0.01453287197231834},
  "targets_count": 1445,
  "tp_count": 21
}