{
  "gt_count": 1517,
  "mean_obj_recall": 0.3910738241122068,
  "mean_scene_recall": 0.386159169550173,
  "obj_recalls": {"1": 0.37142857142857144, "5": 0.19597989949748743, "6": 0.2982456140350877, "8": 0.6, "9": 0.4722222222222222, "10": 0.1, "11": 0.6357142857142857, "12": 0.455},
  "recall": 0.386159169550173,
  "scene_recalls": {"2": 0.386159169550173},
  "targets_count": 1445,
  "tp_count": 558
}