{
  "gt_count": 1517,
  "mean_obj_recall": 0.37704922639513355,
  "mean_scene_recall": 0.3792387543252595,
  "obj_recalls": {"1": 0.4228571428571429, "5": 0.22613065326633167, "6": 0.10526315789473684, "8": 0.4, "9": 0.6055555555555555, "10": 0.24444444444444444, "11": 0.40714285714285714, "12": 0.605},
  "recall": 0.3792387543252595,
  "scene_recalls": {"2": 0.3792387543252595},
  "targets_count": 1445,
  "tp_count": 548
}