{
  "gt_count": 1517,
  "mean_obj_recall": 0.531081330839662,
  "mean_scene_recall": 0.5314878892733564,
  "obj_recalls": {"1": 0.6571428571428571, "5": 0.32160804020100503, "6": 0.24561403508771928, "8": 0.555, "9": 0.7611111111111111, "10": 0.4388888888888889, "11": 0.5642857142857143, "12": 0.705},
  "recall": 0.5314878892733564,
  "scene_recalls": {"2": 0.5314878892733564},
  "targets_count": 1445,
  "tp_count": 768
}