{
  "gt_count": 1517,
  "mean_obj_recall": 0.6433152211559048,
  "mean_scene_recall": 0.6429065743944636,
  "obj_recalls": {"1": 0.8114285714285714, "5": 0.4371859296482412, "6": 0.4327485380116959, "8": 0.625, "9": 0.85, "10": 0.5944444444444444, "11": 0.6357142857142857, "12": 0.76},
  "recall": 0.6429065743944636,
  "scene_recalls": {"2": 0.6429065743944636},
  "targets_count": 1445,
  "tp_count": 929
}