{
  "gt_count": 1517,
  "mean_obj_recall": 0.08118636205253502,
  "mean_scene_recall": 0.08442906574394464,
  "obj_recalls": {"1": 0.04, "5": 0.04020100502512563, "6": 0.017543859649122806, "8": 0.07, "9": 0.16666666666666666, "10": 0.022222222222222223, "11": 0.04285714285714286, "12": 0.25},
  "recall": 0.08442906574394464,
  "scene_recalls": {"2": 0.08442906574394464},
  "targets_count": 1445,
  "tp_count": 122
}