{
  "gt_count": 1517,
  "mean_obj_recall": 0.7399732633510073,
  "mean_scene_recall": 0.7391003460207612,
  "obj_recalls": {"1": 0.8685714285714285, "5": 0.5979899497487438, "6": 0.6549707602339181, "8": 0.66, "9": 0.8833333333333333, "10": 0.7277777777777777, "11": 0.7071428571428572, "12": 0.82},
  "recall": 0.7391003460207612,
  "scene_recalls": {"2": 0.7391003460207612},
  "targets_count": 1445,
  "tp_count": 1068
}