{
  "gt_count": 1517,
  "mean_obj_recall": 0.010753968253968255,
  "mean_scene_recall": 0.011072664359861591,
  "obj_recalls": {"1": 0.0, "5": 0.0, "6": 0.0, "8": 0.0, "9": 0.03333333333333333, "10": 0.005555555555555556, "11": 0.007142857142857143, "12": 0.04},
  "recall": 0.011072664359861591,
  "scene_recalls": {"2": 0.011072664359861591},
  "targets_count": 1445,
  "tp_count": 16
}