{
  "gt_count": 1517,
  "mean_obj_recall": 0.27114424199107484,
  "mean_scene_recall": 0.27474048442906573,
  "obj_recalls": {"1": 0.26857142857142857, "5": 0.1507537688442211, "6": 0.05847953216374269, "8": 0.28, "9": 0.4722222222222222, "10": 0.10555555555555556, "11": 0.2785714285714286, "12": 0.555},
  "recall": 0.27474048442906573,
  "scene_recalls": {"2": 0.27474048442906573},
  "targets_count": 1445,
  "tp_count": 397
}