{
  "gt_count": 1517,
  "mean_obj_recall": 0.1645182155556395,
  "mean_scene_recall": 0.16816608996539792,
  "obj_recalls": {"1": 0.13142857142857142, "5": 0.09547738693467336, "6": 0.029239766081871343, "8": 0.155, "9": 0.3055555555555556, "10": 0.044444444444444446, "11": 0.15, "12": 0.405},
  "recall": 0.16816608996539792,
  "scene_recalls": {"2": 0.16816608996539792},
  "targets_count": 1445,
  "tp_count": 243
}