{
  "gt_count": 1517,
  "mean_obj_recall": 0.1681465808575039,
  "mean_scene_recall": 0.16678200692041523,
  "obj_recalls": {"1": 0.10285714285714286, "5": 0.11055276381909548, "6": 0.07017543859649122, "8": 0.19, "9": 0.3, "10": 0.09444444444444444, "11": 0.2571428571428571, "12": 0.22},
  "recall": 0.16678200692041523,
  "scene_recalls": {"2": 0.16678200692041523},
  "targets_count": 1445,
  "tp_count": 241
}