{
  "gt_count": 1517,
  "mean_obj_recall": 0.5158692060973203,
  "mean_scene_recall": 0.5176470588235295,
  "obj_recalls": {"1": 0.37714285714285717, "5": 0.5678391959798995, "6": 0.391812865497076, "8": 0.49, "9": 0.6388888888888888, "10": 0.5555555555555556, "11": 0.5357142857142857, "12": 0.57},
  "recall": 0.5176470588235295,
  "scene_recalls": {"2": 0.5176470588235295},
  "targets_count": 1445,
  "tp_count": 748
}