{
  "gt_count": 1517,
  "mean_obj_recall": 0.42845209233301007,
  "mean_scene_recall": 0.4290657439446367,
  "obj_recalls": {"1": 0.29714285714285715, "5": 0.4824120603015075, "6": 0.30409356725146197, "8": 0.415, "9": 0.5833333333333334, "10": 0.37777777777777777, "11": 0.4928571428571429, "12": 0.475},
  "recall": 0.4290657439446367,
  "scene_recalls": {"2": 0.4290657439446367},
  "targets_count": 1445,
  "tp_count": 620
}