{
  "gt_count": 1517,
  "mean_obj_recall": 0.3424033859775066,
  "mean_scene_recall": 0.34256055363321797,
  "obj_recalls": {"1": 0.22285714285714286, "5": 0.32160804020100503, "6": 0.2222222222222222, "8": 0.35, "9": 0.5055555555555555, "10": 0.25555555555555554, "11": 0.42142857142857143, "12": 0.44},
  "recall": 0.34256055363321797,
  "scene_recalls": {"2": 0.34256055363321797},
  "targets_count": 1445,
  "tp_count": 495
}