{
  "gt_count": 1517,
  "mean_obj_recall": 0.040399467575975116,
  "mean_scene_recall": 0.04013840830449827,
  "obj_recalls": {"1": 0.017142857142857144, "5": 0.020100502512562814, "6": 0.0, "8": 0.065, "9": 0.09444444444444444, "10": 0.022222222222222223, "11": 0.06428571428571428, "12": 0.04},
  "recall": 0.04013840830449827,
  "scene_recalls": {"2": 0.04013840830449827},
  "targets_count": 1445,
  "tp_count": 58
}