{
  "gt_count": 1517,
  "mean_obj_recall": 0.2574565181798718,
  "mean_scene_recall": 0.25674740484429065,
  "obj_recalls": {"1": 0.15428571428571428, "5": 0.24120603015075376, "6": 0.14035087719298245, "8": 0.255, "9": 0.4166666666666667, "10": 0.15, "11": 0.35714285714285715, "12": 0.345},
  "recall": 0.25674740484429065,
  "scene_recalls": {"2": 0.25674740484429065},
  "targets_count": 1445,
  "tp_count": 371
}