{
  "gt_count": 1517,
  "mean_obj_recall": 0.012314648640025525,
  "mean_scene_recall": 0.01245674740484429,
  "obj_recalls": {"1": 0.011428571428571429, "5": 0.005025125628140704, "6": 0.0, "8": 0.01, "9": 0.022222222222222223, "10": 0.005555555555555556, "11": 0.014285714285714285, "12": 0.03},
  "recall": 0.01245674740484429,
  "scene_recalls": {"2": 0.01245674740484429},
  "targets_count": 1445,
  "tp_count": 18
}