{
  "gt_count": 1517,
  "mean_obj_recall": 0.08746926466081452,
  "mean_scene_recall": 0.08650519031141868,
  "obj_recalls": {"1": 0.05142857142857143, "5": 0.04522613065326633, "6": 0.017543859649122806, "8": 0.105, "9": 0.16666666666666666, "10": 0.03888888888888889, "11": 0.15, "12": 0.125},
  "recall": 0.08650519031141868,
  "scene_recalls": {"2": 0.08650519031141868},
  "targets_count": 1445,
  "tp_count": 125
}