{
  "gt_count": 6900,
  "mean_obj_recall": 0.171095144353527,
  "mean_scene_recall": 0.17127224435703664,
  "obj_recalls": {"1": 0.029609690444145357, "2": 0.06575963718820861, "3": 0.057291666666666664, "4": 0.06228956228956229, "5": 0.3736842105263158, "6": 0.19387755102040816, "7": 0.292, "8": 0.4266666666666667, "9": 0.3333333333333333, "10": 0.09090909090909091, "11": 0.005714285714285714, "12": 0.06474820143884892, "13": 0.02857142857142857, "14": 0.00684931506849315, "15": 0.0821917808219178, "16": 0.18617021276595744, "17": 0.6506849315068494, "18": 0.273972602739726, "19": 0.041884816753926704, "20": 0.05416666666666667, "21": 0.06857142857142857, "22": 0.02127659574468085, "23": 0.3225806451612903, "24": 0.125, "25": 0.031578947368421054, "26": 0.1919191919191919, "27": 0.3020833333333333, "28": 0.3489583333333333, "29": 0.2755102040816326, "30": 0.125},
  "recall": 0.1452592246613732,
  "scene_recalls": {"1": 0.08121827411167512, "2": 0.48299319727891155, "3": 0.20087336244541484, "4": 0.37435897435897436, "5": 0.22131147540983606, "6": 0.07692307692307693, "7": 0.14948453608247422, "8": 0.11224489795918367, "9": 0.041970802919708027, "10": 0.0763888888888889, "11": 0.37055837563451777, "12": 0.10309278350515463, "13": 0.14681440443213298, "14": 0.15522388059701492, "15": 0.2041522491349481, "16": 0.13953488372093023, "17": 0.10736196319018405, "18": 0.1245674740484429, "19": 0.2023529411764706, "20": 0.05401844532279315},
  "targets_count": 6423,
  "tp_count": 933
}