{
  "gt_count": 6900,
  "mean_obj_recall": 0.5573933536972667,
  "mean_scene_recall": 0.5637621218585134,
  "obj_recalls": {"1": 0.41318977119784656, "2": 0.38095238095238093, "3": 0.5, "4": 0.44107744107744107, "5": 0.6105263157894737, "6": 0.6122448979591837, "7": 0.52, "8": 0.6333333333333333, "9": 0.8658536585365854, "10": 0.7412587412587412, "11": 0.4685714285714286, "12": 0.539568345323741, "13": 0.37857142857142856, "14": 0.1643835616438356, "15": 0.5273972602739726, "16": 0.6223404255319149, "17": 0.815068493150685, "18": 0.7945205479452054, "19": 0.5078534031413613, "20": 0.275, "21": 0.45714285714285713, "22": 0.4148936170212766, "23": 0.7741935483870968, "24": 0.46875, "25": 0.4421052631578947, "26": 0.6868686868686869, "27": 0.4166666666666667, "28": 0.640625, "29": 0.7755102040816326, "30": 0.8333333333333334},
  "recall": 0.5268566090611864,
  "scene_recalls": {"1": 0.7411167512690355, "2": 0.7006802721088435, "3": 0.4890829694323144, "4": 0.7948717948717948, "5": 0.8032786885245902, "6": 0.6282051282051282, "7": 0.6030927835051546, "8": 0.48299319727891155, "9": 0.46897810218978103, "10": 0.4444444444444444, "11": 0.6852791878172588, "12": 0.5292096219931272, "13": 0.5152354570637119, "14": 0.5104477611940299, "15": 0.532871972318339, "16": 0.5322997416020672, "17": 0.5245398773006135, "18": 0.4290657439446367, "19": 0.5670588235294117, "20": 0.2924901185770751},
  "targets_count": 6423,
  "tp_count": 3384
}