{
  "gt_count": 6900,
  "mean_obj_recall": 0.062384816598830724,
  "mean_scene_recall": 0.06043896620663504,
  "obj_recalls": {"1": 0.006729475100942127, "2": 0.02040816326530612, "3": 0.010416666666666666, "4": 0.016835016835016835, "5": 0.20526315789473684, "6": 0.04081632653061224, "7": 0.08, "8": 0.2, "9": 0.07317073170731707, "10": 0.03496503496503497, "11": 0.0, "12": 0.014388489208633094, "13": 0.007142857142857143, "14": 0.0, "15": 0.0136986301369863, "16": 0.06914893617021277, "17": 0.3835616438356164, "18": 0.0958904109589041, "19": 0.0, "20": 0.016666666666666666, "21": 0.011428571428571429, "22": 0.0, "23": 0.08870967741935484, "24": 0.026041666666666668, "25": 0.010526315789473684, "26": 0.050505050505050504, "27": 0.10416666666666667, "28": 0.13020833333333334, "29": 0.11224489795918367, "30": 0.04861111111111111},
  "recall": 0.05044371788883699,
  "scene_recalls": {"1": 0.025380710659898477, "2": 0.19047619047619047, "3": 0.10480349344978165, "4": 0.15897435897435896, "5": 0.06967213114754098, "6": 0.021367521367521368, "7": 0.05154639175257732, "8": 0.013605442176870748, "9": 0.009124087591240875, "10": 0.020833333333333332, "11": 0.1218274111675127, "12": 0.01718213058419244, "13": 0.05817174515235457, "14": 0.03582089552238806, "15": 0.06228373702422145, "16": 0.056847545219638244, "17": 0.03374233128834356, "18": 0.03806228373702422, "19": 0.10588235294117647, "20": 0.013175230566534914},
  "targets_count": 6423,
  "tp_count": 324
}