{
  "gt_count": 6900,
  "mean_obj_recall": 0.005603492402850353,
  "mean_scene_recall": 0.005580722297015351,
  "obj_recalls": {"1": 0.0, "2": 0.0, "3": 0.0, "4": 0.0016835016835016834, "5": 0.03684210526315789, "6": 0.0, "7": 0.0, "8": 0.04666666666666667, "9": 0.0, "10": 0.0, "11": 0.0, "12": 0.0, "13": 0.0, "14": 0.0, "15": 0.00684931506849315, "16": 0.005319148936170213, "17": 0.02054794520547945, "18": 0.00684931506849315, "19": 0.0, "20": 0.0, "21": 0.0, "22": 0.0, "23": 0.012096774193548387, "24": 0.0, "25": 0.0, "26": 0.0, "27": 0.03125, "28": 0.0, "29": 0.0, "30": 0.0},
  "recall": 0.004203643157403083,
  "scene_recalls": {"1": 0.0, "2": 0.02040816326530612, "3": 0.03056768558951965, "4": 0.015384615384615385, "5": 0.01639344262295082, "6": 0.0, "7": 0.002577319587628866, "8": 0.0, "9": 0.0, "10": 0.003472222222222222, "11": 0.005076142131979695, "12": 0.0, "13": 0.0, "14": 0.005970149253731343, "15": 0.0, "16": 0.0, "17": 0.0, "18": 0.0, "19": 0.011764705882352941, "20": 0.0},
  "targets_count": 6423,
  "tp_count": 27
}