{
  "gt_count": 6900,
  "mean_obj_recall": 0.29909782300722493,
  "mean_scene_recall": 0.2989942361344132,
  "obj_recalls": {"1": 0.08748317631224764, "2": 0.11791383219954649, "3": 0.1328125, "4": 0.12794612794612795, "5": 0.5105263157894737, "6": 0.32653061224489793, "7": 0.452, "8": 0.5466666666666666, "9": 0.6747967479674797, "10": 0.3076923076923077, "11": 0.022857142857142857, "12": 0.18705035971223022, "13": 0.06428571428571428, "14": 0.0410958904109589, "15": 0.1643835616438356, "16": 0.2978723404255319, "17": 0.7534246575342466, "18": 0.5273972602739726, "19": 0.15706806282722513, "20": 0.1125, "21": 0.18857142857142858, "22": 0.11702127659574468, "23": 0.592741935483871, "24": 0.2604166666666667, "25": 0.12631578947368421, "26": 0.30303030303030304, "27": 0.3645833333333333, "28": 0.53125, "29": 0.41836734693877553, "30": 0.4583333333333333},
  "recall": 0.2623384711194146,
  "scene_recalls": {"1": 0.233502538071066, "2": 0.6394557823129252, "3": 0.28820960698689957, "4": 0.6051282051282051, "5": 0.4262295081967213, "6": 0.17094017094017094, "7": 0.28350515463917525, "8": 0.22108843537414966, "9": 0.10583941605839416, "10": 0.2013888888888889, "11": 0.5431472081218274, "12": 0.21993127147766323, "13": 0.29916897506925205, "14": 0.3044776119402985, "15": 0.3460207612456747, "16": 0.22997416020671835, "17": 0.2147239263803681, "18": 0.2041522491349481, "19": 0.3270588235294118, "20": 0.11594202898550725},
  "targets_count": 6423,
  "tp_count": 1685
}