{
  "gt_count": 6900,
  "mean_obj_recall": 0.5924815930659293,
  "mean_scene_recall": 0.5997441731275404,
  "obj_recalls": {"1": 0.458950201884253, "2": 0.41043083900226757, "3": 0.5390625, "4": 0.5, "5": 0.6263157894736842, "6": 0.6326530612244898, "7": 0.528, "8": 0.68, "9": 0.8780487804878049, "10": 0.7552447552447552, "11": 0.5885714285714285, "12": 0.5683453237410072, "13": 0.4714285714285714, "14": 0.19863013698630136, "15": 0.6027397260273972, "16": 0.6861702127659575, "17": 0.815068493150685, "18": 0.8013698630136986, "19": 0.5549738219895288, "20": 0.30416666666666664, "21": 0.4742857142857143, "22": 0.425531914893617, "23": 0.782258064516129, "24": 0.546875, "25": 0.49473684210526314, "26": 0.7171717171717171, "27": 0.4375, "28": 0.6666666666666666, "29": 0.7959183673469388, "30": 0.8333333333333334},
  "recall": 0.5639109450412579,
  "scene_recalls": {"1": 0.7715736040609137, "2": 0.7006802721088435, "3": 0.537117903930131, "4": 0.8205128205128205, "5": 0.8401639344262295, "6": 0.7094017094017094, "7": 0.6829896907216495, "8": 0.5204081632653061, "9": 0.5109489051094891, "10": 0.4583333333333333, "11": 0.6852791878172588, "12": 0.5773195876288659, "13": 0.554016620498615, "14": 0.5343283582089552, "15": 0.5363321799307958, "16": 0.5762273901808785, "17": 0.5858895705521472, "18": 0.4740484429065744, "19": 0.6070588235294118, "20": 0.31225296442687744},
  "targets_count": 6423,
  "tp_count": 3622
}