{
  "gt_count": 6900,
  "mean_obj_recall": 0.5796212065027807,
  "mean_scene_recall": 0.5863246182768568,
  "obj_recalls": {"1": 0.4387617765814266, "2": 0.4013605442176871, "3": 0.5208333333333334, "4": 0.48484848484848486, "5": 0.6263157894736842, "6": 0.6326530612244898, "7": 0.528, "8": 0.66, "9": 0.8739837398373984, "10": 0.7552447552447552, "11": 0.5428571428571428, "12": 0.5683453237410072, "13": 0.42857142857142855, "14": 0.18493150684931506, "15": 0.589041095890411, "16": 0.6542553191489362, "17": 0.815068493150685, "18": 0.7945205479452054, "19": 0.5445026178010471, "20": 0.2791666666666667, "21": 0.46285714285714286, "22": 0.42021276595744683, "23": 0.7782258064516129, "24": 0.5, "25": 0.4842105263157895, "26": 0.7070707070707071, "27": 0.4270833333333333, "28": 0.6666666666666666, "29": 0.7857142857142857, "30": 0.8333333333333334},
  "recall": 0.550054491670559,
  "scene_recalls": {"1": 0.766497461928934, "2": 0.7006802721088435, "3": 0.5109170305676856, "4": 0.8153846153846154, "5": 0.8319672131147541, "6": 0.688034188034188, "7": 0.6391752577319587, "8": 0.4931972789115646, "9": 0.4981751824817518, "10": 0.4479166666666667, "11": 0.6852791878172588, "12": 0.5601374570446735, "13": 0.5457063711911357, "14": 0.5253731343283582, "15": 0.532871972318339, "16": 0.5684754521963824, "17": 0.5613496932515337, "18": 0.45674740484429066, "19": 0.5929411764705882, "20": 0.30566534914361},
  "targets_count": 6423,
  "tp_count": 3533
}