{
  "gt_count": 6900,
  "mean_obj_recall": 0.4654994037493106,
  "mean_scene_recall": 0.46703716213016344,
  "obj_recalls": {"1": 0.2543741588156124, "2": 0.2653061224489796, "3": 0.3515625, "4": 0.30976430976430974, "5": 0.6, "6": 0.5306122448979592, "7": 0.52, "8": 0.6066666666666667, "9": 0.8495934959349594, "10": 0.6083916083916084, "11": 0.2342857142857143, "12": 0.45323741007194246, "13": 0.2, "14": 0.0958904109589041, "15": 0.3424657534246575, "16": 0.4627659574468085, "17": 0.815068493150685, "18": 0.7465753424657534, "19": 0.4083769633507853, "20": 0.21666666666666667, "21": 0.35428571428571426, "22": 0.35638297872340424, "23": 0.7096774193548387, "24": 0.3697916666666667, "25": 0.3157894736842105, "26": 0.5353535353535354, "27": 0.3854166666666667, "28": 0.6145833333333334, "29": 0.6326530612244898, "30": 0.8194444444444444},
  "recall": 0.42705900669469093,
  "scene_recalls": {"1": 0.5329949238578681, "2": 0.7006802721088435, "3": 0.4192139737991266, "4": 0.7333333333333333, "5": 0.7049180327868853, "6": 0.44871794871794873, "7": 0.47164948453608246, "8": 0.3979591836734694, "9": 0.30474452554744524, "10": 0.3715277777777778, "11": 0.6700507614213198, "12": 0.4261168384879725, "13": 0.43213296398891965, "14": 0.4537313432835821, "15": 0.49480968858131485, "16": 0.3953488372093023, "17": 0.3588957055214724, "18": 0.31833910034602075, "19": 0.4776470588235294, "20": 0.22793148880105402},
  "targets_count": 6423,
  "tp_count": 2743
}