{
  "gt_count": 6900,
  "mean_obj_recall": 0.39141322989716,
  "mean_scene_recall": 0.39083807654901886,
  "obj_recalls": {"1": 0.1655450874831763, "2": 0.1927437641723356, "3": 0.25, "4": 0.21043771043771045, "5": 0.5736842105263158, "6": 0.3979591836734694, "7": 0.496, "8": 0.5866666666666667, "9": 0.8170731707317073, "10": 0.48951048951048953, "11": 0.10285714285714286, "12": 0.3669064748201439, "13": 0.12142857142857143, "14": 0.08904109589041095, "15": 0.2671232876712329, "16": 0.4148936170212766, "17": 0.8013698630136986, "18": 0.678082191780822, "19": 0.2670157068062827, "20": 0.16666666666666666, "21": 0.2914285714285714, "22": 0.22340425531914893, "23": 0.657258064516129, "24": 0.3333333333333333, "25": 0.21052631578947367, "26": 0.37373737373737376, "27": 0.3854166666666667, "28": 0.5729166666666666, "29": 0.5102040816326531, "30": 0.7291666666666666},
  "recall": 0.35217188229799157,
  "scene_recalls": {"1": 0.3756345177664975, "2": 0.6870748299319728, "3": 0.3799126637554585, "4": 0.6615384615384615, "5": 0.6024590163934426, "6": 0.28205128205128205, "7": 0.38917525773195877, "8": 0.30612244897959184, "9": 0.20072992700729927, "10": 0.2638888888888889, "11": 0.6345177664974619, "12": 0.3436426116838488, "13": 0.3684210526315789, "14": 0.408955223880597, "15": 0.4359861591695502, "16": 0.3359173126614987, "17": 0.2883435582822086, "18": 0.25259515570934254, "19": 0.4258823529411765, "20": 0.17391304347826086},
  "targets_count": 6423,
  "tp_count": 2262
}