{
  "gt_count": 6900,
  "mean_obj_recall": 0.5246435701897493,
  "mean_scene_recall": 0.5269098330176075,
  "obj_recalls": {"1": 0.33781965006729475, "2": 0.3310657596371882, "3": 0.4479166666666667, "4": 0.38047138047138046, "5": 0.6052631578947368, "6": 0.6020408163265306, "7": 0.52, "8": 0.62, "9": 0.8617886178861789, "10": 0.7202797202797203, "11": 0.37142857142857144, "12": 0.5179856115107914, "13": 0.3, "14": 0.1232876712328767, "15": 0.4589041095890411, "16": 0.5531914893617021, "17": 0.815068493150685, "18": 0.7876712328767124, "19": 0.47643979057591623, "20": 0.25416666666666665, "21": 0.44, "22": 0.40425531914893614, "23": 0.7580645161290323, "24": 0.4270833333333333, "25": 0.3894736842105263, "26": 0.6363636363636364, "27": 0.40625, "28": 0.625, "29": 0.7346938775510204, "30": 0.8333333333333334},
  "recall": 0.4880896777206913,
  "scene_recalls": {"1": 0.6700507614213198, "2": 0.7006802721088435, "3": 0.462882096069869, "4": 0.7692307692307693, "5": 0.7704918032786885, "6": 0.5769230769230769, "7": 0.5360824742268041, "8": 0.45918367346938777, "9": 0.40145985401459855, "10": 0.4305555555555556, "11": 0.6802030456852792, "12": 0.48109965635738833, "13": 0.48753462603878117, "14": 0.4925373134328358, "15": 0.5190311418685121, "16": 0.4909560723514212, "17": 0.44785276073619634, "18": 0.3737024221453287, "19": 0.5176470588235295, "20": 0.27009222661396576},
  "targets_count": 6423,
  "tp_count": 3135
}