{
  "gt_count": 1517,
  "mean_obj_recall": 0.31929746109410884,
  "mean_scene_recall": 0.32525951557093424,
  "obj_recalls": {"1": 0.49142857142857144, "5": 0.1658291457286432, "6": 0.24561403508771928, "8": 0.315, "9": 0.31666666666666665, "10": 0.25555555555555554, "11": 0.16428571428571428, "12": 0.6},
  "recall": 0.32525951557093424,
  "scene_recalls": {"2": 0.32525951557093424},
  "targets_count": 1445,
  "tp_count": 470
}