{
  "gt_count": 1517,
  "mean_obj_recall": 0.07162125634437853,
  "mean_scene_recall": 0.0754325259515571,
  "obj_recalls": {"1": 0.09142857142857143, "5": 0.010050251256281407, "6": 0.04093567251461988, "8": 0.005, "9": 0.027777777777777776, "10": 0.07777777777777778, "11": 0.0, "12": 0.32},
  "recall": 0.0754325259515571,
  "scene_recalls": {"2": 0.0754325259515571},
  "targets_count": 1445,
  "tp_count": 109
}