{
  "gt_count": 1517,
  "mean_obj_recall": 0.4346583612506979,
  "mean_scene_recall": 0.4387543252595156,
  "obj_recalls": {"1": 0.6, "5": 0.23115577889447236, "6": 0.3333333333333333, "8": 0.405, "9": 0.5388888888888889, "10": 0.3888888888888889, "11": 0.3, "12": 0.68},
  "recall": 0.4387543252595156,
  "scene_recalls": {"2": 0.4387543252595156},
  "targets_count": 1445,
  "tp_count": 634
}