{
  "gt_count": 1517,
  "mean_obj_recall": 0.6115734216193751,
  "mean_scene_recall": 0.6110726643598616,
  "obj_recalls": {"1": 0.6971428571428572, "5": 0.4723618090452261, "6": 0.5029239766081871, "8": 0.51, "9": 0.7444444444444445, "10": 0.65, "11": 0.5857142857142857, "12": 0.73},
  "recall": 0.6110726643598616,
  "scene_recalls": {"2": 0.6110726643598616},
  "targets_count": 1445,
  "tp_count": 883
}