{
  "gt_count": 1517,
  "mean_obj_recall": 0.024881474519632414,
  "mean_scene_recall": 0.02629757785467128,
  "obj_recalls": {"1": 0.03428571428571429, "5": 0.0, "6": 0.017543859649122806, "8": 0.0, "9": 0.005555555555555556, "10": 0.016666666666666666, "11": 0.0, "12": 0.125},
  "recall": 0.02629757785467128,
  "scene_recalls": {"2": 0.02629757785467128},
  "targets_count": 1445,
  "tp_count": 38
}