{
  "gt_count": 1517,
  "mean_obj_recall": 0.6940256052610589,
  "mean_scene_recall": 0.6927335640138408,
  "obj_recalls": {"1": 0.7257142857142858, "5": 0.6130653266331658, "6": 0.6081871345029239, "8": 0.55, "9": 0.8222222222222222, "10": 0.7944444444444444, "11": 0.6785714285714286, "12": 0.76},
  "recall": 0.6927335640138408,
  "scene_recalls": {"2": 0.6927335640138408},
  "targets_count": 1445,
  "tp_count": 1001
}