{
  "gt_count": 1517,
  "mean_obj_recall": 0.2210574410271911,
  "mean_scene_recall": 0.22698961937716264,
  "obj_recalls": {"1": 0.38857142857142857, "5": 0.07035175879396985, "6": 0.16374269005847952, "8": 0.2, "9": 0.13333333333333333, "10": 0.18888888888888888, "11": 0.07857142857142857, "12": 0.545},
  "recall": 0.22698961937716264,
  "scene_recalls": {"2": 0.22698961937716264},
  "targets_count": 1445,
  "tp_count": 328
}