{
  "gt_count": 1517,
  "mean_obj_recall": 0.14302062736405502,
  "mean_scene_recall": 0.14740484429065745,
  "obj_recalls": {"1": 0.28, "5": 0.035175879396984924, "6": 0.08771929824561403, "8": 0.045, "9": 0.07777777777777778, "10": 0.12777777777777777, "11": 0.03571428571428571, "12": 0.455},
  "recall": 0.14740484429065745,
  "scene_recalls": {"2": 0.14740484429065745},
  "targets_count": 1445,
  "tp_count": 213
}