{
  "gt_count": 1517,
  "mean_obj_recall": 0.5209691103806418,
  "mean_scene_recall": 0.5231833910034602,
  "obj_recalls": {"1": 0.6457142857142857, "5": 0.34673366834170855, "6": 0.391812865497076, "8": 0.46, "9": 0.6777777777777778, "10": 0.5, "11": 0.4357142857142857, "12": 0.71},
  "recall": 0.5231833910034602,
  "scene_recalls": {"2": 0.5231833910034602},
  "targets_count": 1445,
  "tp_count": 756
}