{
  "gt_count": 1517,
  "mean_obj_recall": 0.3297705029953443,
  "mean_scene_recall": 0.3342560553633218,
  "obj_recalls": {"1": 0.49714285714285716, "5": 0.15577889447236182, "6": 0.23976608187134502, "8": 0.365, "9": 0.2388888888888889, "10": 0.24444444444444444, "11": 0.2571428571428571, "12": 0.64},
  "recall": 0.3342560553633218,
  "scene_recalls": {"2": 0.3342560553633218},
  "targets_count": 1445,
  "tp_count": 483
}