{
  "gt_count": 1517,
  "mean_obj_recall": 0.023542188805346698,
  "mean_scene_recall": 0.02491349480968858,
  "obj_recalls": {"1": 0.02857142857142857, "5": 0.0, "6": 0.017543859649122806, "8": 0.0, "9": 0.005555555555555556, "10": 0.016666666666666666, "11": 0.0, "12": 0.12},
  "recall": 0.02491349480968858,
  "scene_recalls": {"2": 0.02491349480968858},
  "targets_count": 1445,
  "tp_count": 36
}