{
  "gt_count": 1517,
  "mean_obj_recall": 0.5171412802315671,
  "mean_scene_recall": 0.5162629757785467,
  "obj_recalls": {"1": 0.6171428571428571, "5": 0.32663316582914576, "6": 0.42105263157894735, "8": 0.475, "9": 0.5333333333333333, "10": 0.5111111111111111, "11": 0.5428571428571428, "12": 0.71},
  "recall": 0.5162629757785467,
  "scene_recalls": {"2": 0.5162629757785467},
  "targets_count": 1445,
  "tp_count": 746
}