{
  "gt_count": 1517,
  "mean_obj_recall": 0.42114280938947035,
  "mean_scene_recall": 0.4228373702422145,
  "obj_recalls": {"1": 0.5771428571428572, "5": 0.23618090452261306, "6": 0.32748538011695905, "8": 0.425, "9": 0.3888888888888889, "10": 0.34444444444444444, "11": 0.4, "12": 0.67},
  "recall": 0.4228373702422145,
  "scene_recalls": {"2": 0.4228373702422145},
  "targets_count": 1445,
  "tp_count": 611
}