{
  "gt_count": 1517,
  "mean_obj_recall": 0.2500805982712224,
  "mean_scene_recall": 0.2560553633217993,
  "obj_recalls": {"1": 0.4057142857142857, "5": 0.12060301507537688, "6": 0.17543859649122806, "8": 0.295, "9": 0.1, "10": 0.18888888888888888, "11": 0.15, "12": 0.565},
  "recall": 0.2560553633217993,
  "scene_recalls": {"2": 0.2560553633217993},
  "targets_count": 1445,
  "tp_count": 370
}