{
  "gt_count": 1517,
  "mean_obj_recall": 0.5988895579610669,
  "mean_scene_recall": 0.5958477508650519,
  "obj_recalls": {"1": 0.6742857142857143, "5": 0.4271356783919598, "6": 0.49707602339181284, "8": 0.505, "9": 0.6277777777777778, "10": 0.6555555555555556, "11": 0.6642857142857143, "12": 0.74},
  "recall": 0.5958477508650519,
  "scene_recalls": {"2": 0.5958477508650519},
  "targets_count": 1445,
  "tp_count": 861
}