{
  "gt_count": 1517,
  "mean_obj_recall": 0.060668867520560193,
  "mean_scene_recall": 0.0643598615916955,
  "obj_recalls": {"1": 0.06857142857142857, "5": 0.005025125628140704, "6": 0.03508771929824561, "8": 0.005, "9": 0.005555555555555556, "10": 0.06111111111111111, "11": 0.0, "12": 0.305},
  "recall": 0.0643598615916955,
  "scene_recalls": {"2": 0.0643598615916955},
  "targets_count": 1445,
  "tp_count": 93
}