{
  "gt_count": 1517,
  "mean_obj_recall": 0.1817805873561626,
  "mean_scene_recall": 0.1875432525951557,
  "obj_recalls": {"1": 0.3028571428571429, "5": 0.06030150753768844, "6": 0.11695906432748537, "8": 0.16, "9": 0.044444444444444446, "10": 0.16111111111111112, "11": 0.07857142857142857, "12": 0.53},
  "recall": 0.1875432525951557,
  "scene_recalls": {"2": 0.1875432525951557},
  "targets_count": 1445,
  "tp_count": 271
}