{
  "gt_count": 1517,
  "mean_obj_recall": 0.11425651387681934,
  "mean_scene_recall": 0.11903114186851212,
  "obj_recalls": {"1": 0.17142857142857143, "5": 0.02512562814070352, "6": 0.04678362573099415, "8": 0.045, "9": 0.022222222222222223, "10": 0.12777777777777777, "11": 0.03571428571428571, "12": 0.44},
  "recall": 0.11903114186851212,
  "scene_recalls": {"2": 0.11903114186851212},
  "targets_count": 1445,
  "tp_count": 172
}