{
  "gt_count": 1517,
  "mean_obj_recall": 0.054279456492991277,
  "mean_scene_recall": 0.05674740484429066,
  "obj_recalls": {"1": 0.045714285714285714, "5": 0.005025125628140704, "6": 0.017543859649122806, "8": 0.035, "9": 0.11666666666666667, "10": 0.0, "11": 0.014285714285714285, "12": 0.2},
  "recall": 0.05674740484429066,
  "scene_recalls": {"2": 0.05674740484429066},
  "targets_count": 1445,
  "tp_count": 82
}