{
  "gt_count": 1517,
  "mean_obj_recall": 0.09370097406413856,
  "mean_scene_recall": 0.09342560553633218,
  "obj_recalls": {"1": 0.045714285714285714, "5": 0.035175879396984924, "6": 0.05847953216374269, "8": 0.065, "9": 0.011111111111111112, "10": 0.05555555555555555, "11": 0.17857142857142858, "12": 0.3},
  "recall": 0.09342560553633218,
  "scene_recalls": {"2": 0.09342560553633218},
  "targets_count": 1445,
  "tp_count": 135
}