{
  "gt_count": 1517,
  "mean_obj_recall": 0.009821436442865959,
  "mean_scene_recall": 0.010380622837370242,
  "obj_recalls": {"1": 0.0, "5": 0.005025125628140704, "6": 0.005847953216374269, "8": 0.0, "9": 0.0, "10": 0.005555555555555556, "11": 0.007142857142857143, "12": 0.055},
  "recall": 0.010380622837370242,
  "scene_recalls": {"2": 0.010380622837370242},
  "targets_count": 1445,
  "tp_count": 15
}