{
  "gt_count": 1517,
  "mean_obj_recall": 0.24101679292452236,
  "mean_scene_recall": 0.2366782006920415,
  "obj_recalls": {"1": 0.2742857142857143, "5": 0.12060301507537688, "6": 0.1871345029239766, "8": 0.295, "9": 0.05555555555555555, "10": 0.15555555555555556, "11": 0.45, "12": 0.39},
  "recall": 0.2366782006920415,
  "scene_recalls": {"2": 0.2366782006920415},
  "targets_count": 1445,
  "tp_count": 342
}