{
  "gt_count": 1517,
  "mean_obj_recall": 0.5015109880018304,
  "mean_scene_recall": 0.4961937716262976,
  "obj_recalls": {"1": 0.5085714285714286, "5": 0.2814070351758794, "6": 0.4152046783625731, "8": 0.53, "9": 0.4888888888888889, "10": 0.49444444444444446, "11": 0.6785714285714286, "12": 0.615},
  "recall": 0.4961937716262976,
  "scene_recalls": {"2": 0.4961937716262976},
  "targets_count": 1445,
  "tp_count": 717
}