{
  "gt_count": 1517,
  "mean_obj_recall": 0.16904617070313976,
  "mean_scene_recall": 0.16678200692041523,
  "obj_recalls": {"1": 0.2057142857142857, "5": 0.07537688442211055, "6": 0.14619883040935672, "8": 0.16, "9": 0.016666666666666666, "10": 0.10555555555555556, "11": 0.29285714285714287, "12": 0.35},
  "recall": 0.16678200692041523,
  "scene_recalls": {"2": 0.16678200692041523},
  "targets_count": 1445,
  "tp_count": 241
}