{
  "gt_count": 1517,
  "mean_obj_recall": 0.044302446337787516,
  "mean_scene_recall": 0.045674740484429065,
  "obj_recalls": {"1": 0.017142857142857144, "5": 0.01507537688442211, "6": 0.023391812865497075, "8": 0.01, "9": 0.0, "10": 0.016666666666666666, "11": 0.05714285714285714, "12": 0.215},
  "recall": 0.045674740484429065,
  "scene_recalls": {"2": 0.045674740484429065},
  "targets_count": 1445,
  "tp_count": 66
}