{
  "gt_count": 1517,
  "mean_obj_recall": 0.4041492760376653,
  "mean_scene_recall": 0.3986159169550173,
  "obj_recalls": {"1": 0.41714285714285715, "5": 0.23115577889447236, "6": 0.3391812865497076, "8": 0.48, "9": 0.23333333333333334, "10": 0.36666666666666664, "11": 0.6357142857142857, "12": 0.53},
  "recall": 0.3986159169550173,
  "scene_recalls": {"2": 0.3986159169550173},
  "targets_count": 1445,
  "tp_count": 576
}