{
  "gt_count": 1517,
  "mean_obj_recall": 0.3174256096690638,
  "mean_scene_recall": 0.3121107266435986,
  "obj_recalls": {"1": 0.33714285714285713, "5": 0.17587939698492464, "6": 0.25146198830409355, "8": 0.395, "9": 0.11666666666666667, "10": 0.2611111111111111, "11": 0.5571428571428572, "12": 0.445},
  "recall": 0.3121107266435986,
  "scene_recalls": {"2": 0.3121107266435986},
  "targets_count": 1445,
  "tp_count": 451
}