{
  "gt_count": 1517,
  "mean_obj_recall": 0.5729433167298481,
  "mean_scene_recall": 0.568166089965398,
  "obj_recalls": {"1": 0.56, "5": 0.34673366834170855, "6": 0.5029239766081871, "8": 0.585, "9": 0.6555555555555556, "10": 0.5833333333333334, "11": 0.7, "12": 0.65},
  "recall": 0.568166089965398,
  "scene_recalls": {"2": 0.568166089965398},
  "targets_count": 1445,
  "tp_count": 821
}