{
  "gt_count": 6900,
  "mean_obj_recall": 0.023062318494649323,
  "mean_scene_recall": 0.020050761421319795,
  "obj_recalls": {"1": 0.0, "2": 0.0022675736961451248, "3": 0.0, "4": 0.0, "5": 0.0, "6": 0.0, "7": 0.0, "8": 0.0, "9": 0.0, "10": 0.0, "11": 0.0, "12": 0.0, "13": 0.0, "14": 0.0, "15": 0.0, "16": 0.0, "17": 0.0, "18": 0.0, "19": 0.0, "20": 0.0, "21": 0.0, "22": 0.0, "23": 0.0, "24": 0.0, "25": 0.14736842105263157, "26": 0.0, "27": 0.0, "28": 0.0, "29": 0.30612244897959184, "30": 0.2361111111111111},
  "recall": 0.012299548497586797,
  "scene_recalls": {"1": 0.4010152284263959, "2": 0.0, "3": 0.0, "4": 0.0, "5": 0.0, "6": 0.0, "7": 0.0, "8": 0.0, "9": 0.0, "10": 0.0, "11": 0.0, "12": 0.0, "13": 0.0, "14": 0.0, "15": 0.0, "16": 0.0, "17": 0.0, "18": 0.0, "19": 0.0, "20": 0.0},
  "targets_count": 6423,
  "tp_count": 79
}