{
  "gt_count": 1517,
  "mean_obj_recall": 0.188345943376028,
  "mean_scene_recall": 0.1930795847750865,
  "obj_recalls": {"1": 0.3485714285714286, "5": 0.05025125628140704, "6": 0.14619883040935672, "8": 0.05, "9": 0.19444444444444445, "10": 0.14444444444444443, "11": 0.04285714285714286, "12": 0.53},
  "recall": 0.1930795847750865,
  "scene_recalls": {"2": 0.1930795847750865},
  "targets_count": 1445,
  "tp_count": 279
}