{
  "gt_count": 1517,
  "mean_obj_recall": 0.7808054159687325,
  "mean_scene_recall": 0.7820069204152249,
  "obj_recalls": {"1": 0.8171428571428572, "5": 0.8442211055276382, "6": 0.6666666666666666, "8": 0.6, "9": 0.8722222222222222, "10": 0.8333333333333334, "11": 0.7428571428571429, "12": 0.87},
  "recall": 0.7820069204152249,
  "scene_recalls": {"2": 0.7820069204152249},
  "targets_count": 1445,
  "tp_count": 1130
}