{
  "gt_count": 1517,
  "mean_obj_recall": 0.5391371146669017,
  "mean_scene_recall": 0.5439446366782007,
  "obj_recalls": {"1": 0.6571428571428571, "5": 0.46733668341708545, "6": 0.4152046783625731, "8": 0.445, "9": 0.7666666666666667, "10": 0.4388888888888889, "11": 0.39285714285714285, "12": 0.73},
  "recall": 0.5439446366782007,
  "scene_recalls": {"2": 0.5439446366782007},
  "targets_count": 1445,
  "tp_count": 786
}