{
  "gt_count": 1517,
  "mean_obj_recall": 0.7292577182067397,
  "mean_scene_recall": 0.730795847750865,
  "obj_recalls": {"1": 0.7828571428571428, "5": 0.7939698492462312, "6": 0.6081871345029239, "8": 0.55, "9": 0.8555555555555555, "10": 0.7277777777777777, "11": 0.6857142857142857, "12": 0.83},
  "recall": 0.730795847750865,
  "scene_recalls": {"2": 0.730795847750865},
  "targets_count": 1445,
  "tp_count": 1056
}