{
  "gt_count": 1517,
  "mean_obj_recall": 0.2833706491941747,
  "mean_scene_recall": 0.2892733564013841,
  "obj_recalls": {"1": 0.44, "5": 0.15577889447236182, "6": 0.2046783625730994, "8": 0.165, "9": 0.3888888888888889, "10": 0.18333333333333332, "11": 0.11428571428571428, "12": 0.615},
  "recall": 0.2892733564013841,
  "scene_recalls": {"2": 0.2892733564013841},
  "targets_count": 1445,
  "tp_count": 418
}