{
  "gt_count": 1517,
  "mean_obj_recall": 0.6412620354277654,
  "mean_scene_recall": 0.6456747404844291,
  "obj_recalls": {"1": 0.72, "5": 0.6834170854271356, "6": 0.49707602339181284, "8": 0.53, "9": 0.8166666666666667, "10": 0.5722222222222222, "11": 0.5357142857142857, "12": 0.775},
  "recall": 0.6456747404844291,
  "scene_recalls": {"2": 0.6456747404844291},
  "targets_count": 1445,
  "tp_count": 933
}