{
  "gt_count": 1517,
  "mean_obj_recall": 0.1019058534107463,
  "mean_scene_recall": 0.10657439446366782,
  "obj_recalls": {"1": 0.13714285714285715, "5": 0.03015075376884422, "6": 0.07017543859649122, "8": 0.005, "9": 0.1, "10": 0.07777777777777778, "11": 0.0, "12": 0.395},
  "recall": 0.10657439446366782,
  "scene_recalls": {"2": 0.10657439446366782},
  "targets_count": 1445,
  "tp_count": 154
}