{
  "gt_count": 1517,
  "mean_obj_recall": 0.07907325894300239,
  "mean_scene_recall": 0.08235294117647059,
  "obj_recalls": {"1": 0.045714285714285714, "5": 0.035175879396984924, "6": 0.011695906432748537, "8": 0.095, "9": 0.13333333333333333, "10": 0.016666666666666666, "11": 0.05, "12": 0.245},
  "recall": 0.08235294117647059,
  "scene_recalls": {"2": 0.08235294117647059},
  "targets_count": 1445,
  "tp_count": 119
}