{
  "gt_count": 1517,
  "mean_obj_recall": 0.15921118226890507,
  "mean_scene_recall": 0.16401384083044981,
  "obj_recalls": {"1": 0.12571428571428572, "5": 0.08542713567839195, "6": 0.03508771929824561, "8": 0.23, "9": 0.23333333333333334, "10": 0.05555555555555555, "11": 0.12857142857142856, "12": 0.38},
  "recall": 0.16401384083044981,
  "scene_recalls": {"2": 0.16401384083044981},
  "targets_count": 1445,
  "tp_count": 237
}