{
  "gt_count": 1517,
  "mean_obj_recall": 0.278849442492328,
  "mean_scene_recall": 0.28304498269896194,
  "obj_recalls": {"1": 0.24571428571428572, "5": 0.1507537688442211, "6": 0.06432748538011696, "8": 0.39, "9": 0.4222222222222222, "10": 0.12777777777777777, "11": 0.3, "12": 0.53},
  "recall": 0.28304498269896194,
  "scene_recalls": {"2": 0.28304498269896194},
  "targets_count": 1445,
  "tp_count": 409
}