{
  "gt_count": 1517,
  "mean_obj_recall": 0.013670634920634922,
  "mean_scene_recall": 0.01453287197231834,
  "obj_recalls": {"1": 0.0, "5": 0.0, "6": 0.0, "8": 0.0, "9": 0.022222222222222223, "10": 0.0, "11": 0.007142857142857143, "12": 0.08},
  "recall": 0.01453287197231834,
  "scene_recalls": {"2": 0.01453287197231834},
  "targets_count": 1445,
  "tp_count": 21
}