{
  "gt_count": 1517,
  "mean_obj_recall": 0.7454677680381859,
  "mean_scene_recall": 0.7453287197231834,
  "obj_recalls": {"1": 0.8914285714285715, "5": 0.6231155778894473, "6": 0.631578947368421, "8": 0.675, "9": 0.8722222222222222, "10": 0.7111111111111111, "11": 0.7142857142857143, "12": 0.845},
  "recall": 0.7453287197231834,
  "scene_recalls": {"2": 0.7453287197231834},
  "targets_count": 1445,
  "tp_count": 1077
}