{
  "gt_count": 1517,
  "mean_obj_recall": 0.6444686884715978,
  "mean_scene_recall": 0.6442906574394464,
  "obj_recalls": {"1": 0.8114285714285714, "5": 0.47738693467336685, "6": 0.45614035087719296, "8": 0.615, "9": 0.8222222222222222, "10": 0.6, "11": 0.6285714285714286, "12": 0.745},
  "recall": 0.6442906574394464,
  "scene_recalls": {"2": 0.6442906574394464},
  "targets_count": 1445,
  "tp_count": 931
}