{
  "gt_count": 1517,
  "mean_obj_recall": 0.5326420505829061,
  "mean_scene_recall": 0.532871972318339,
  "obj_recalls": {"1": 0.6514285714285715, "5": 0.35175879396984927, "6": 0.27485380116959063, "8": 0.555, "9": 0.7222222222222222, "10": 0.4444444444444444, "11": 0.5714285714285714, "12": 0.69},
  "recall": 0.532871972318339,
  "scene_recalls": {"2": 0.532871972318339},
  "targets_count": 1445,
  "tp_count": 770
}