{
  "gt_count": 1517,
  "mean_obj_recall": 0.3874142013324769,
  "mean_scene_recall": 0.3903114186851211,
  "obj_recalls": {"1": 0.4342857142857143, "5": 0.22613065326633167, "6": 0.14619883040935672, "8": 0.49, "9": 0.5888888888888889, "10": 0.21666666666666667, "11": 0.40714285714285714, "12": 0.59},
  "recall": 0.3903114186851211,
  "scene_recalls": {"2": 0.3903114186851211},
  "targets_count": 1445,
  "tp_count": 564
}