{
  "gt_count": 6900,
  "mean_obj_recall": 0.2692388551576986,
  "mean_scene_recall": 0.2804356466588047,
  "obj_recalls": {"1": 0.1054421768707483, "2": 0.12755102040816327, "3": 0.09644670050761421, "4": 0.12903225806451613, "5": 0.41578947368421054, "6": 0.21428571428571427, "7": 0.368, "8": 0.35333333333333333, "9": 0.5528455284552846, "10": 0.4125874125874126, "11": 0.5407407407407407, "12": 0.4748201438848921, "13": 0.17142857142857143, "14": 0.02054794520547945, "15": 0.18493150684931506, "16": 0.125, "17": 0.22602739726027396, "18": 0.5821917808219178, "19": 0.28272251308900526, "20": 0.10152284263959391, "21": 0.43243243243243246, "22": 0.4195804195804196, "23": 0.3065326633165829, "24": 0.28125, "25": 0.15789473684210525, "26": 0.35353535353535354, "27": 0.08333333333333333, "28": 0.2972972972972973, "29": 0.1836734693877551, "30": 0.0763888888888889},
  "recall": 0.26916802610114193,
  "scene_recalls": {"1": 0.06598984771573604, "2": 0.46938775510204084, "3": 0.3537117903930131, "4": 0.48205128205128206, "5": 0.3442622950819672, "6": 0.5154639175257731, "7": 0.12371134020618557, "8": 0.30272108843537415, "9": 0.1116751269035533, "10": 0.2569444444444444, "11": 0.4619289340101523, "12": 0.32323232323232326, "13": 0.2874493927125506, "14": 0.2863070539419087, "15": 0.1695501730103806, "16": 0.19896640826873385, "17": 0.265, "18": 0.21761658031088082, "19": 0.30708661417322836, "20": 0.06565656565656566},
  "targets_count": 4904,
  "tp_count": 1320
}