{
  "gt_count": 1517,
  "mean_obj_recall": 0.37256513876819347,
  "mean_scene_recall": 0.37785467128027683,
  "obj_recalls": {"1": 0.5428571428571428, "5": 0.25125628140703515, "6": 0.3567251461988304, "8": 0.435, "9": 0.5944444444444444, "10": 0.16666666666666666, "11": 0.17857142857142858, "12": 0.455},
  "recall": 0.37785467128027683,
  "scene_recalls": {"2": 0.37785467128027683},
  "targets_count": 1445,
  "tp_count": 546
}