{
  "gt_count": 1517,
  "mean_obj_recall": 0.5047698444184163,
  "mean_scene_recall": 0.5058823529411764,
  "obj_recalls": {"1": 0.6171428571428571, "5": 0.4020100502512563, "6": 0.38011695906432746, "8": 0.635, "9": 0.7222222222222222, "10": 0.26666666666666666, "11": 0.5, "12": 0.515},
  "recall": 0.5058823529411764,
  "scene_recalls": {"2": 0.5058823529411764},
  "targets_count": 1445,
  "tp_count": 731
}