{
  "gt_count": 1517,
  "mean_obj_recall": 0.5726510213977154,
  "mean_scene_recall": 0.5688581314878892,
  "obj_recalls": {"1": 0.6457142857142857, "5": 0.4120603015075377, "6": 0.42105263157894735, "8": 0.67, "9": 0.7833333333333333, "10": 0.43333333333333335, "11": 0.6857142857142857, "12": 0.53},
  "recall": 0.5688581314878892,
  "scene_recalls": {"2": 0.5688581314878892},
  "targets_count": 1445,
  "tp_count": 822
}