{
  "gt_count": 1517,
  "mean_obj_recall": 0.43232406025532844,
  "mean_scene_recall": 0.4359861591695502,
  "obj_recalls": {"1": 0.5828571428571429, "5": 0.34673366834170855, "6": 0.36257309941520466, "8": 0.515, "9": 0.6722222222222223, "10": 0.17777777777777778, "11": 0.32142857142857145, "12": 0.48},
  "recall": 0.4359861591695502,
  "scene_recalls": {"2": 0.4359861591695502},
  "targets_count": 1445,
  "tp_count": 630
}