{
  "gt_count": 1517,
  "mean_obj_recall": 0.5240425052371297,
  "mean_scene_recall": 0.5224913494809689,
  "obj_recalls": {"1": 0.6171428571428571, "5": 0.4020100502512563, "6": 0.38596491228070173, "8": 0.645, "9": 0.7388888888888889, "10": 0.2833333333333333, "11": 0.6, "12": 0.52},
  "recall": 0.5224913494809689,
  "scene_recalls": {"2": 0.5224913494809689},
  "targets_count": 1445,
  "tp_count": 755
}