{
  "gt_count": 1517,
  "mean_obj_recall": 0.4690957318967435,
  "mean_scene_recall": 0.47197231833910036,
  "obj_recalls": {"1": 0.6, "5": 0.38190954773869346, "6": 0.3742690058479532, "8": 0.59, "9": 0.6944444444444444, "10": 0.2, "11": 0.40714285714285714, "12": 0.505},
  "recall": 0.47197231833910036,
  "scene_recalls": {"2": 0.47197231833910036},
  "targets_count": 1445,
  "tp_count": 682
}