{
  "gt_count": 1517,
  "mean_obj_recall": 0.1503812163364861,
  "mean_scene_recall": 0.15294117647058825,
  "obj_recalls": {"1": 0.2857142857142857, "5": 0.035175879396984924, "6": 0.18128654970760233, "8": 0.095, "9": 0.19444444444444445, "10": 0.1, "11": 0.02142857142857143, "12": 0.29},
  "recall": 0.15294117647058825,
  "scene_recalls": {"2": 0.15294117647058825},
  "targets_count": 1445,
  "tp_count": 221
}