{
  "gt_count": 1517,
  "mean_obj_recall": 0.2958293608812651,
  "mean_scene_recall": 0.2996539792387543,
  "obj_recalls": {"1": 0.4742857142857143, "5": 0.1306532663316583, "6": 0.34502923976608185, "8": 0.29, "9": 0.4777777777777778, "10": 0.1388888888888889, "11": 0.1, "12": 0.41},
  "recall": 0.2996539792387543,
  "scene_recalls": {"2": 0.2996539792387543},
  "targets_count": 1445,
  "tp_count": 433
}