{
  "gt_count": 1517,
  "mean_obj_recall": 0.5458882733424852,
  "mean_scene_recall": 0.5432525951557093,
  "obj_recalls": {"1": 0.6228571428571429, "5": 0.40703517587939697, "6": 0.4093567251461988, "8": 0.655, "9": 0.75, "10": 0.35, "11": 0.6428571428571429, "12": 0.53},
  "recall": 0.5432525951557093,
  "scene_recalls": {"2": 0.5432525951557093},
  "targets_count": 1445,
  "tp_count": 785
}