{
  "gt_count": 1517,
  "mean_obj_recall": 0.20260518601780833,
  "mean_scene_recall": 0.21038062283737025,
  "obj_recalls": {"1": 0.21714285714285714, "5": 0.1507537688442211, "6": 0.2573099415204678, "8": 0.395, "9": 0.03888888888888889, "10": 0.03888888888888889, "11": 0.09285714285714286, "12": 0.43},
  "recall": 0.21038062283737025,
  "scene_recalls": {"2": 0.21038062283737025},
  "targets_count": 1445,
  "tp_count": 304
}