{
  "gt_count": 1517,
  "mean_obj_recall": 0.5478601523700373,
  "mean_scene_recall": 0.5487889273356401,
  "obj_recalls": {"1": 0.5142857142857142, "5": 0.5879396984924623, "6": 0.42105263157894735, "8": 0.465, "9": 0.7055555555555556, "10": 0.5833333333333334, "11": 0.5357142857142857, "12": 0.57},
  "recall": 0.5487889273356401,
  "scene_recalls": {"2": 0.5487889273356401},
  "targets_count": 1445,
  "tp_count": 793
}