{
  "gt_count": 1517,
  "mean_obj_recall": 0.3488983634756909,
  "mean_scene_recall": 0.3501730103806228,
  "obj_recalls": {"1": 0.2914285714285714, "5": 0.38190954773869346, "6": 0.1871345029239766, "8": 0.295, "9": 0.5444444444444444, "10": 0.25555555555555554, "11": 0.38571428571428573, "12": 0.45},
  "recall": 0.3501730103806228,
  "scene_recalls": {"2": 0.3501730103806228},
  "targets_count": 1445,
  "tp_count": 506
}