{
  "gt_count": 1517,
  "mean_obj_recall": 0.23264809584681972,
  "mean_scene_recall": 0.23252595155709344,
  "obj_recalls": {"1": 0.17714285714285713, "5": 0.21105527638190955, "6": 0.09941520467836257, "8": 0.215, "9": 0.45, "10": 0.15, "11": 0.2785714285714286, "12": 0.28},
  "recall": 0.23252595155709344,
  "scene_recalls": {"2": 0.23252595155709344},
  "targets_count": 1445,
  "tp_count": 336
}