{
  "gt_count": 1517,
  "mean_obj_recall": 0.4501699679475069,
  "mean_scene_recall": 0.4519031141868512,
  "obj_recalls": {"1": 0.4057142857142857, "5": 0.507537688442211, "6": 0.27485380116959063, "8": 0.39, "9": 0.65, "10": 0.4111111111111111, "11": 0.45714285714285713, "12": 0.505},
  "recall": 0.4519031141868512,
  "scene_recalls": {"2": 0.4519031141868512},
  "targets_count": 1445,
  "tp_count": 653
}