{
  "gt_count": 1517,
  "mean_obj_recall": 0.019189648640025526,
  "mean_scene_recall": 0.019377162629757784,
  "obj_recalls": {"1": 0.011428571428571429, "5": 0.005025125628140704, "6": 0.0, "8": 0.015, "9": 0.06111111111111111, "10": 0.016666666666666666, "11": 0.014285714285714285, "12": 0.03},
  "recall": 0.019377162629757784,
  "scene_recalls": {"2": 0.019377162629757784},
  "targets_count": 1445,
  "tp_count": 28
}