{
  "gt_count": 1517,
  "mean_obj_recall": 0.626287035112908,
  "mean_scene_recall": 0.6276816608996539,
  "obj_recalls": {"1": 0.5885714285714285, "5": 0.6432160804020101, "6": 0.5146198830409356, "8": 0.535, "9": 0.7444444444444445, "10": 0.6944444444444444, "11": 0.6, "12": 0.69},
  "recall": 0.6276816608996539,
  "scene_recalls": {"2": 0.6276816608996539},
  "targets_count": 1445,
  "tp_count": 907
}