{
  "gt_count": 1517,
  "mean_obj_recall": 0.05545588216773088,
  "mean_scene_recall": 0.05536332179930796,
  "obj_recalls": {"1": 0.02857142857142857, "5": 0.035175879396984924, "6": 0.023391812865497075, "8": 0.065, "9": 0.14444444444444443, "10": 0.027777777777777776, "11": 0.06428571428571428, "12": 0.055},
  "recall": 0.05536332179930796,
  "scene_recalls": {"2": 0.05536332179930796},
  "targets_count": 1445,
  "tp_count": 80
}