{
  "gt_count": 1517,
  "mean_obj_recall": 0.12528314872188848,
  "mean_scene_recall": 0.1245674740484429,
  "obj_recalls": {"1": 0.09142857142857143, "5": 0.09547738693467336, "6": 0.06432748538011696, "8": 0.105, "9": 0.26666666666666666, "10": 0.07222222222222222, "11": 0.15714285714285714, "12": 0.15},
  "recall": 0.1245674740484429,
  "scene_recalls": {"2": 0.1245674740484429},
  "targets_count": 1445,
  "tp_count": 180
}