{
  "gt_count": 1517,
  "mean_obj_recall": 0.033495718462823725,
  "mean_scene_recall": 0.035986159169550176,
  "obj_recalls": {"1": 0.011428571428571429, "5": 0.0, "6": 0.011695906432748537, "8": 0.075, "9": 0.0, "10": 0.005555555555555556, "11": 0.014285714285714285, "12": 0.15},
  "recall": 0.035986159169550176,
  "scene_recalls": {"2": 0.035986159169550176},
  "targets_count": 1445,
  "tp_count": 52
}