{
  "gt_count": 1517,
  "mean_obj_recall": 0.21398499389176462,
  "mean_scene_recall": 0.2193771626297578,
  "obj_recalls": {"1": 0.11428571428571428, "5": 0.020100502512562814, "6": 0.14035087719298245, "8": 0.425, "9": 0.03888888888888889, "10": 0.2611111111111111, "11": 0.20714285714285716, "12": 0.505},
  "recall": 0.2193771626297578,
  "scene_recalls": {"2": 0.2193771626297578},
  "targets_count": 1445,
  "tp_count": 317
}