{
  "gt_count": 1517,
  "mean_obj_recall": 0.11619832401355146,
  "mean_scene_recall": 0.12110726643598616,
  "obj_recalls": {"1": 0.05142857142857143, "5": 0.010050251256281407, "6": 0.05263157894736842, "8": 0.255, "9": 0.005555555555555556, "10": 0.07777777777777778, "11": 0.10714285714285714, "12": 0.37},
  "recall": 0.12110726643598616,
  "scene_recalls": {"2": 0.12110726643598616},
  "targets_count": 1445,
  "tp_count": 175
}