{
  "gt_count": 1517,
  "mean_obj_recall": 0.2699885759205384,
  "mean_scene_recall": 0.27474048442906573,
  "obj_recalls": {"1": 0.1657142857142857, "5": 0.04020100502512563, "6": 0.21637426900584794, "8": 0.47, "9": 0.06111111111111111, "10": 0.37222222222222223, "11": 0.2642857142857143, "12": 0.57},
  "recall": 0.27474048442906573,
  "scene_recalls": {"2": 0.27474048442906573},
  "targets_count": 1445,
  "tp_count": 397
}