{
  "gt_count": 1517,
  "mean_obj_recall": 0.08163795691070222,
  "mean_scene_recall": 0.08581314878892733,
  "obj_recalls": {"1": 0.022857142857142857, "5": 0.005025125628140704, "6": 0.04093567251461988, "8": 0.2, "9": 0.0, "10": 0.05, "11": 0.06428571428571428, "12": 0.27},
  "recall": 0.08581314878892733,
  "scene_recalls": {"2": 0.08581314878892733},
  "targets_count": 1445,
  "tp_count": 124
}