{
  "gt_count": 1517,
  "mean_obj_recall": 0.1695723920353648,
  "mean_scene_recall": 0.1750865051903114,
  "obj_recalls": {"1": 0.09142857142857143, "5": 0.01507537688442211, "6": 0.0935672514619883, "8": 0.36, "9": 0.027777777777777776, "10": 0.14444444444444443, "11": 0.16428571428571428, "12": 0.46},
  "recall": 0.1750865051903114,
  "scene_recalls": {"2": 0.1750865051903114},
  "targets_count": 1445,
  "tp_count": 253
}