{
  "gt_count": 1517,
  "mean_obj_recall": 0.019034565580618213,
  "mean_scene_recall": 0.020761245674740483,
  "obj_recalls": {"1": 0.011428571428571429, "5": 0.0, "6": 0.005847953216374269, "8": 0.05, "9": 0.0, "10": 0.0, "11": 0.0, "12": 0.085},
  "recall": 0.020761245674740483,
  "scene_recalls": {"2": 0.020761245674740483},
  "targets_count": 1445,
  "tp_count": 30
}