{
  "gt_count": 1517,
  "mean_obj_recall": 0.3033738213834419,
  "mean_scene_recall": 0.3038062283737024,
  "obj_recalls": {"1": 0.16, "5": 0.18090452261306533, "6": 0.11695906432748537, "8": 0.475, "9": 0.45555555555555555, "10": 0.05, "11": 0.4785714285714286, "12": 0.51},
  "recall": 0.3038062283737024,
  "scene_recalls": {"2": 0.3038062283737024},
  "targets_count": 1445,
  "tp_count": 439
}