{
  "gt_count": 1517,
  "mean_obj_recall": 0.17374440603183,
  "mean_scene_recall": 0.1750865051903114,
  "obj_recalls": {"1": 0.07428571428571429, "5": 0.09547738693467336, "6": 0.029239766081871343, "8": 0.23, "9": 0.3055555555555556, "10": 0.011111111111111112, "11": 0.2642857142857143, "12": 0.38},
  "recall": 0.1750865051903114,
  "scene_recalls": {"2": 0.1750865051903114},
  "targets_count": 1445,
  "tp_count": 253
}