{
  "gt_count": 1517,
  "mean_obj_recall": 0.3757924700780427,
  "mean_scene_recall": 0.37577854671280275,
  "obj_recalls": {"1": 0.2571428571428571, "5": 0.24623115577889448, "6": 0.23391812865497075, "8": 0.57, "9": 0.5277777777777778, "10": 0.10555555555555556, "11": 0.5357142857142857, "12": 0.53},
  "recall": 0.37577854671280275,
  "scene_recalls": {"2": 0.37577854671280275},
  "targets_count": 1445,
  "tp_count": 543
}