{
  "gt_count": 1517,
  "mean_obj_recall": 0.43261008992330074,
  "mean_scene_recall": 0.43252595155709345,
  "obj_recalls": {"1": 0.3028571428571429, "5": 0.2814070351758794, "6": 0.34502923976608185, "8": 0.63, "9": 0.5833333333333334, "10": 0.2111111111111111, "11": 0.5571428571428572, "12": 0.55},
  "recall": 0.43252595155709345,
  "scene_recalls": {"2": 0.43252595155709345},
  "targets_count": 1445,
  "tp_count": 625
}