{
  "gt_count": 1517,
  "mean_obj_recall": 0.23856590544619508,
  "mean_scene_recall": 0.23944636678200693,
  "obj_recalls": {"1": 0.10285714285714286, "5": 0.1407035175879397, "6": 0.08187134502923976, "8": 0.34, "9": 0.4, "10": 0.016666666666666666, "11": 0.37142857142857144, "12": 0.455},
  "recall": 0.23944636678200693,
  "scene_recalls": {"2": 0.23944636678200693},
  "targets_count": 1445,
  "tp_count": 346
}