{
  "gt_count": 1517,
  "mean_obj_recall": 0.04883879506135523,
  "mean_scene_recall": 0.05051903114186851,
  "obj_recalls": {"1": 0.005714285714285714, "5": 0.020100502512562814, "6": 0.005847953216374269, "8": 0.03, "9": 0.12777777777777777, "10": 0.005555555555555556, "11": 0.03571428571428571, "12": 0.16},
  "recall": 0.05051903114186851,
  "scene_recalls": {"2": 0.05051903114186851},
  "targets_count": 1445,
  "tp_count": 73
}