{
  "gt_count": 1517,
  "mean_obj_recall": 0.10426126035356398,
  "mean_scene_recall": 0.10588235294117647,
  "obj_recalls": {"1": 0.022857142857142857, "5": 0.05527638190954774, "6": 0.017543859649122806, "8": 0.115, "9": 0.2, "10": 0.005555555555555556, "11": 0.14285714285714285, "12": 0.275},
  "recall": 0.10588235294117647,
  "scene_recalls": {"2": 0.10588235294117647},
  "targets_count": 1445,
  "tp_count": 153
}