{
  "gt_count": 1517,
  "mean_obj_recall": 0.019216269841269843,
  "mean_scene_recall": 0.020069204152249134,
  "obj_recalls": {"1": 0.0, "5": 0.0, "6": 0.0, "8": 0.01, "9": 0.03888888888888889, "10": 0.005555555555555556, "11": 0.014285714285714285, "12": 0.085},
  "recall": 0.020069204152249134,
  "scene_recalls": {"2": 0.020069204152249134},
  "targets_count": 1445,
  "tp_count": 29
}