{
  "gt_count": 6900,
  "mean_obj_recall": 0.5378094913010474,
  "mean_scene_recall": 0.5424564672005212,
  "obj_recalls": {"1": 0.351278600269179, "2": 0.3854875283446712, "3": 0.5052083333333334, "4": 0.3939393939393939, "5": 0.6157894736842106, "6": 0.5714285714285714, "7": 0.524, "8": 0.6066666666666667, "9": 0.8658536585365854, "10": 0.7062937062937062, "11": 0.4057142857142857, "12": 0.49640287769784175, "13": 0.32142857142857145, "14": 0.14383561643835616, "15": 0.4794520547945205, "16": 0.648936170212766, "17": 0.815068493150685, "18": 0.7465753424657534, "19": 0.4816753926701571, "20": 0.25, "21": 0.38857142857142857, "22": 0.3723404255319149, "23": 0.75, "24": 0.5260416666666666, "25": 0.47368421052631576, "26": 0.696969696969697, "27": 0.4166666666666667, "28": 0.6302083333333334, "29": 0.7244897959183674, "30": 0.8402777777777778},
  "recall": 0.5041257979137475,
  "scene_recalls": {"1": 0.7106598984771574, "2": 0.7006802721088435, "3": 0.462882096069869, "4": 0.7897435897435897, "5": 0.7909836065573771, "6": 0.5726495726495726, "7": 0.5824742268041238, "8": 0.47959183673469385, "9": 0.42883211678832117, "10": 0.4201388888888889, "11": 0.6751269035532995, "12": 0.563573883161512, "13": 0.4709141274238227, "14": 0.4835820895522388, "15": 0.5363321799307958, "16": 0.4780361757105943, "17": 0.4754601226993865, "18": 0.3806228373702422, "19": 0.5741176470588235, "20": 0.2727272727272727},
  "targets_count": 6423,
  "tp_count": 3238
}