{
  "gt_count": 6900,
  "mean_obj_recall": 0.5983710777225341,
  "mean_scene_recall": 0.6046542025808131,
  "obj_recalls": {"1": 0.4549125168236878, "2": 0.42630385487528344, "3": 0.5729166666666666, "4": 0.5050505050505051, "5": 0.6263157894736842, "6": 0.6224489795918368, "7": 0.528, "8": 0.6466666666666666, "9": 0.8699186991869918, "10": 0.7552447552447552, "11": 0.5771428571428572, "12": 0.5683453237410072, "13": 0.5357142857142857, "14": 0.21232876712328766, "15": 0.6095890410958904, "16": 0.7446808510638298, "17": 0.815068493150685, "18": 0.7945205479452054, "19": 0.5602094240837696, "20": 0.29583333333333334, "21": 0.4742857142857143, "22": 0.425531914893617, "23": 0.7741935483870968, "24": 0.5989583333333334, "25": 0.49473684210526314, "26": 0.7272727272727273, "27": 0.4375, "28": 0.6510416666666666, "29": 0.8061224489795918, "30": 0.8402777777777778},
  "recall": 0.5699828740463958,
  "scene_recalls": {"1": 0.7817258883248731, "2": 0.7006802721088435, "3": 0.5065502183406113, "4": 0.8205128205128205, "5": 0.8401639344262295, "6": 0.7051282051282052, "7": 0.7061855670103093, "8": 0.5306122448979592, "9": 0.5273722627737226, "10": 0.4548611111111111, "11": 0.6852791878172588, "12": 0.6323024054982818, "13": 0.5512465373961218, "14": 0.5402985074626866, "15": 0.5363321799307958, "16": 0.5813953488372093, "17": 0.5828220858895705, "18": 0.46366782006920415, "19": 0.6376470588235295, "20": 0.308300395256917},
  "targets_count": 6423,
  "tp_count": 3661
}