{
  "gt_count": 6900,
  "mean_obj_recall": 0.6073405503444579,
  "mean_scene_recall": 0.6143742142481247,
  "obj_recalls": {"1": 0.4629878869448183, "2": 0.42857142857142855, "3": 0.5807291666666666, "4": 0.5303030303030303, "5": 0.6263157894736842, "6": 0.6326530612244898, "7": 0.528, "8": 0.6733333333333333, "9": 0.8821138211382114, "10": 0.7552447552447552, "11": 0.6057142857142858, "12": 0.5683453237410072, "13": 0.5642857142857143, "14": 0.2191780821917808, "15": 0.6095890410958904, "16": 0.7606382978723404, "17": 0.815068493150685, "18": 0.7945205479452054, "19": 0.5706806282722513, "20": 0.31666666666666665, "21": 0.4742857142857143, "22": 0.425531914893617, "23": 0.782258064516129, "24": 0.6354166666666666, "25": 0.49473684210526314, "26": 0.7272727272727273, "27": 0.4375, "28": 0.671875, "29": 0.8061224489795918, "30": 0.8402777777777778},
  "recall": 0.5802584462089366,
  "scene_recalls": {"1": 0.7817258883248731, "2": 0.7006802721088435, "3": 0.5283842794759825, "4": 0.8256410256410256, "5": 0.8442622950819673, "6": 0.7222222222222222, "7": 0.711340206185567, "8": 0.5408163265306123, "9": 0.5346715328467153, "10": 0.4652777777777778, "11": 0.6852791878172588, "12": 0.6426116838487973, "13": 0.5650969529085873, "14": 0.5611940298507463, "15": 0.5363321799307958, "16": 0.5891472868217055, "17": 0.6012269938650306, "18": 0.4809688581314879, "19": 0.6517647058823529, "20": 0.3188405797101449},
  "targets_count": 6423,
  "tp_count": 3727
}