{
  "gt_count": 6900,
  "mean_obj_recall": 0.2917613532423298,
  "mean_scene_recall": 0.29193487994901873,
  "obj_recalls": {"1": 0.09959623149394348, "2": 0.16326530612244897, "3": 0.16145833333333334, "4": 0.12794612794612795, "5": 0.5368421052631579, "6": 0.2857142857142857, "7": 0.396, "8": 0.5133333333333333, "9": 0.6138211382113821, "10": 0.21678321678321677, "11": 0.03428571428571429, "12": 0.22302158273381295, "13": 0.07142857142857142, "14": 0.0273972602739726, "15": 0.1780821917808219, "16": 0.3723404255319149, "17": 0.678082191780822, "18": 0.5068493150684932, "19": 0.13612565445026178, "20": 0.1125, "21": 0.14285714285714285, "22": 0.06914893617021277, "23": 0.4637096774193548, "24": 0.22916666666666666, "25": 0.2, "26": 0.40404040404040403, "27": 0.34375, "28": 0.5, "29": 0.45918367346938777, "30": 0.4861111111111111},
  "recall": 0.2561108516269656,
  "scene_recalls": {"1": 0.27918781725888325, "2": 0.6326530612244898, "3": 0.3056768558951965, "4": 0.6051282051282051, "5": 0.38524590163934425, "6": 0.15384615384615385, "7": 0.23711340206185566, "8": 0.19047619047619047, "9": 0.12773722627737227, "10": 0.16319444444444445, "11": 0.5177664974619289, "12": 0.21649484536082475, "13": 0.24376731301939059, "14": 0.24477611940298508, "15": 0.3875432525951557, "16": 0.20930232558139536, "17": 0.21779141104294478, "18": 0.22491349480968859, "19": 0.3788235294117647, "20": 0.11725955204216074},
  "targets_count": 6423,
  "tp_count": 1645
}