{
  "gt_count": 6900,
  "mean_obj_recall": 0.4495531586317318,
  "mean_scene_recall": 0.44871075626684165,
  "obj_recalls": {"1": 0.23014804845222073, "2": 0.28798185941043086, "3": 0.3463541666666667, "4": 0.25925925925925924, "5": 0.6105263157894737, "6": 0.4897959183673469, "7": 0.5, "8": 0.58, "9": 0.8211382113821138, "10": 0.5174825174825175, "11": 0.21142857142857144, "12": 0.4244604316546763, "13": 0.20714285714285716, "14": 0.10273972602739725, "15": 0.2876712328767123, "16": 0.5691489361702128, "17": 0.8082191780821918, "18": 0.6917808219178082, "19": 0.36649214659685864, "20": 0.22083333333333333, "21": 0.29714285714285715, "22": 0.22340425531914893, "23": 0.6814516129032258, "24": 0.4010416666666667, "25": 0.4, "26": 0.6262626262626263, "27": 0.3958333333333333, "28": 0.6041666666666666, "29": 0.5816326530612245, "30": 0.7430555555555556},
  "recall": 0.4088432196792776,
  "scene_recalls": {"1": 0.5279187817258884, "2": 0.7006802721088435, "3": 0.4104803493449782, "4": 0.7487179487179487, "5": 0.6229508196721312, "6": 0.41452991452991456, "7": 0.45618556701030927, "8": 0.36394557823129253, "9": 0.2956204379562044, "10": 0.3298611111111111, "11": 0.6395939086294417, "12": 0.422680412371134, "13": 0.41274238227146814, "14": 0.4, "15": 0.5086505190311419, "16": 0.37209302325581395, "17": 0.34355828220858897, "18": 0.2975778546712803, "19": 0.5035294117647059, "20": 0.2028985507246377},
  "targets_count": 6423,
  "tp_count": 2626
}