{
  "gt_count": 6900,
  "mean_obj_recall": 0.10619510647342062,
  "mean_scene_recall": 0.1046907149050433,
  "obj_recalls": {"1": 0.021534320323014805, "2": 0.05895691609977324, "3": 0.028645833333333332, "4": 0.026936026936026935, "5": 0.2631578947368421, "6": 0.08163265306122448, "7": 0.172, "8": 0.2866666666666667, "9": 0.1991869918699187, "10": 0.03496503496503497, "11": 0.0, "12": 0.02877697841726619, "13": 0.014285714285714285, "14": 0.0, "15": 0.0273972602739726, "16": 0.14893617021276595, "17": 0.4931506849315068, "18": 0.15753424657534246, "19": 0.015706806282722512, "20": 0.029166666666666667, "21": 0.017142857142857144, "22": 0.005319148936170213, "23": 0.14112903225806453, "24": 0.041666666666666664, "25": 0.010526315789473684, "26": 0.1717171717171717, "27": 0.20833333333333334, "28": 0.19270833333333334, "29": 0.1836734693877551, "30": 0.125},
  "recall": 0.08843219679277596,
  "scene_recalls": {"1": 0.09137055837563451, "2": 0.2925170068027211, "3": 0.13100436681222707, "4": 0.2512820512820513, "5": 0.13934426229508196, "6": 0.03418803418803419, "7": 0.07474226804123711, "8": 0.030612244897959183, "9": 0.023722627737226276, "10": 0.034722222222222224, "11": 0.22842639593908629, "12": 0.054982817869415807, "13": 0.09141274238227147, "14": 0.05373134328358209, "15": 0.12802768166089964, "16": 0.07493540051679587, "17": 0.0705521472392638, "18": 0.07958477508650519, "19": 0.17176470588235293, "20": 0.03689064558629776},
  "targets_count": 6423,
  "tp_count": 568
}