{
  "gt_count": 6900,
  "mean_obj_recall": 0.5809811358056626,
  "mean_scene_recall": 0.587938947879545,
  "obj_recalls": {"1": 0.4347240915208614, "2": 0.41496598639455784, "3": 0.5625, "4": 0.48148148148148145, "5": 0.6210526315789474, "6": 0.6122448979591837, "7": 0.528, "8": 0.6266666666666667, "9": 0.8658536585365854, "10": 0.7552447552447552, "11": 0.5028571428571429, "12": 0.5467625899280576, "13": 0.4642857142857143, "14": 0.2054794520547945, "15": 0.5821917808219178, "16": 0.6914893617021277, "17": 0.815068493150685, "18": 0.7808219178082192, "19": 0.5392670157068062, "20": 0.2833333333333333, "21": 0.44571428571428573, "22": 0.4095744680851064, "23": 0.7661290322580645, "24": 0.578125, "25": 0.4842105263157895, "26": 0.7272727272727273, "27": 0.4375, "28": 0.640625, "29": 0.7857142857142857, "30": 0.8402777777777778},
  "recall": 0.5523898489802274,
  "scene_recalls": {"1": 0.766497461928934, "2": 0.7006802721088435, "3": 0.4890829694323144, "4": 0.8102564102564103, "5": 0.8401639344262295, "6": 0.6538461538461539, "7": 0.6726804123711341, "8": 0.5136054421768708, "9": 0.5072992700729927, "10": 0.4548611111111111, "11": 0.6852791878172588, "12": 0.6116838487972509, "13": 0.5235457063711911, "14": 0.5194029850746269, "15": 0.5363321799307958, "16": 0.5529715762273901, "17": 0.5552147239263804, "18": 0.44982698961937717, "19": 0.6164705882352941, "20": 0.29907773386034253},
  "targets_count": 6423,
  "tp_count": 3548
}