{
  "gt_count": 6900,
  "mean_obj_recall": 0.603260266646155,
  "mean_scene_recall": 0.6094981221758501,
  "obj_recalls": {"1": 0.46029609690444145, "2": 0.42857142857142855, "3": 0.5755208333333334, "4": 0.5151515151515151, "5": 0.6263157894736842, "6": 0.6224489795918368, "7": 0.528, "8": 0.6533333333333333, "9": 0.8739837398373984, "10": 0.7552447552447552, "11": 0.6, "12": 0.5683453237410072, "13": 0.5571428571428572, "14": 0.2191780821917808, "15": 0.6095890410958904, "16": 0.75, "17": 0.815068493150685, "18": 0.7945205479452054, "19": 0.5654450261780105, "20": 0.3, "21": 0.4742857142857143, "22": 0.425531914893617, "23": 0.782258064516129, "24": 0.6197916666666666, "25": 0.49473684210526314, "26": 0.7272727272727273, "27": 0.4375, "28": 0.671875, "29": 0.8061224489795918, "30": 0.8402777777777778},
  "recall": 0.5754320411022886,
  "scene_recalls": {"1": 0.7817258883248731, "2": 0.7006802721088435, "3": 0.5152838427947598, "4": 0.8256410256410256, "5": 0.8401639344262295, "6": 0.7136752136752137, "7": 0.711340206185567, "8": 0.5374149659863946, "9": 0.531021897810219, "10": 0.4583333333333333, "11": 0.6852791878172588, "12": 0.6357388316151202, "13": 0.5623268698060941, "14": 0.5492537313432836, "15": 0.5363321799307958, "16": 0.5891472868217055, "17": 0.5920245398773006, "18": 0.46366782006920415, "19": 0.6447058823529411, "20": 0.31620553359683795},
  "targets_count": 6423,
  "tp_count": 3696
}