{
  "gt_count": 1517,
  "mean_obj_recall": 0.705692098756103,
  "mean_scene_recall": 0.6996539792387543,
  "obj_recalls": {"1": 0.92, "5": 0.5025125628140703, "6": 0.8128654970760234, "8": 0.71, "9": 0.8888888888888888, "10": 0.45555555555555555, "11": 0.7357142857142858, "12": 0.62},
  "recall": 0.6996539792387543,
  "scene_recalls": {"2": 0.6996539792387543},
  "targets_count": 1445,
  "tp_count": 1011
}