{
  "gt_count": 1517,
  "mean_obj_recall": 0.13021676626658774,
  "mean_scene_recall": 0.13217993079584775,
  "obj_recalls": {"1": 0.2, "5": 0.05025125628140704, "6": 0.22807017543859648, "8": 0.01, "9": 0.1, "10": 0.05555555555555555, "11": 0.04285714285714286, "12": 0.355},
  "recall": 0.13217993079584775,
  "scene_recalls": {"2": 0.13217993079584775},
  "targets_count": 1445,
  "tp_count": 191
}