{
  "gt_count": 1517,
  "mean_obj_recall": 0.5644471863284677,
  "mean_scene_recall": 0.5619377162629757,
  "obj_recalls": {"1": 0.8, "5": 0.41708542713567837, "6": 0.5555555555555556, "8": 0.67, "9": 0.75, "10": 0.2222222222222222, "11": 0.5857142857142857, "12": 0.515},
  "recall": 0.5619377162629757,
  "scene_recalls": {"2": 0.5619377162629757},
  "targets_count": 1445,
  "tp_count": 812
}