{
  "gt_count": 1517,
  "mean_obj_recall": 0.6260543527999227,
  "mean_scene_recall": 0.6207612456747404,
  "obj_recalls": {"1": 0.8628571428571429, "5": 0.4321608040201005, "6": 0.6842105263157895, "8": 0.69, "9": 0.8222222222222222, "10": 0.3055555555555556, "11": 0.6714285714285714, "12": 0.54},
  "recall": 0.6207612456747404,
  "scene_recalls": {"2": 0.6207612456747404},
  "targets_count": 1445,
  "tp_count": 897
}