{
  "gt_count": 1517,
  "mean_obj_recall": 0.03867898913951545,
  "mean_scene_recall": 0.04013840830449827,
  "obj_recalls": {"1": 0.022857142857142857, "5": 0.0, "6": 0.05847953216374269, "8": 0.0, "9": 0.011111111111111112, "10": 0.005555555555555556, "11": 0.02142857142857143, "12": 0.19},
  "recall": 0.04013840830449827,
  "scene_recalls": {"2": 0.04013840830449827},
  "targets_count": 1445,
  "tp_count": 58
}