{
  "gt_count": 1517,
  "mean_obj_recall": 0.7785336719100935,
  "mean_scene_recall": 0.7730103806228373,
  "obj_recalls": {"1": 0.9771428571428571, "5": 0.5628140703517588, "6": 0.9122807017543859, "8": 0.715, "9": 0.9388888888888889, "10": 0.65, "11": 0.7571428571428571, "12": 0.715},
  "recall": 0.7730103806228373,
  "scene_recalls": {"2": 0.7730103806228373},
  "targets_count": 1445,
  "tp_count": 1117
}