{
  "gt_count": 1517,
  "mean_obj_recall": 0.3248933630138999,
  "mean_scene_recall": 0.3259515570934256,
  "obj_recalls": {"1": 0.5828571428571429, "5": 0.2562814070351759, "6": 0.3684210526315789, "8": 0.2, "9": 0.42777777777777776, "10": 0.11666666666666667, "11": 0.20714285714285716, "12": 0.44},
  "recall": 0.3259515570934256,
  "scene_recalls": {"2": 0.3259515570934256},
  "targets_count": 1445,
  "tp_count": 471
}