{
  "gt_count": 1517,
  "mean_obj_recall": 0.4525084381808794,
  "mean_scene_recall": 0.4539792387543253,
  "obj_recalls": {"1": 0.6457142857142857, "5": 0.3869346733668342, "6": 0.38011695906432746, "8": 0.475, "9": 0.6833333333333333, "10": 0.16111111111111112, "11": 0.39285714285714285, "12": 0.495},
  "recall": 0.4539792387543253,
  "scene_recalls": {"2": 0.4539792387543253},
  "targets_count": 1445,
  "tp_count": 656
}