{
  "gt_count": 1517,
  "mean_obj_recall": 0.5115164219174402,
  "mean_scene_recall": 0.5121107266435986,
  "obj_recalls": {"1": 0.7142857142857143, "5": 0.41708542713567837, "6": 0.4152046783625731, "8": 0.63, "9": 0.7166666666666667, "10": 0.18888888888888888, "11": 0.5, "12": 0.51},
  "recall": 0.5121107266435986,
  "scene_recalls": {"2": 0.5121107266435986},
  "targets_count": 1445,
  "tp_count": 740
}