{
  "gt_count": 1517,
  "mean_obj_recall": 0.15281696179309245,
  "mean_scene_recall": 0.15709342560553632,
  "obj_recalls": {"1": 0.14285714285714285, "5": 0.01507537688442211, "6": 0.1111111111111111, "8": 0.17, "9": 0.011111111111111112, "10": 0.11666666666666667, "11": 0.1357142857142857, "12": 0.52},
  "recall": 0.15709342560553632,
  "scene_recalls": {"2": 0.15709342560553632},
  "targets_count": 1445,
  "tp_count": 227
}