{
  "gt_count": 1517,
  "mean_obj_recall": 0.19471914449020372,
  "mean_scene_recall": 0.19930795847750865,
  "obj_recalls": {"1": 0.1657142857142857, "5": 0.035175879396984924, "6": 0.15789473684210525, "8": 0.265, "9": 0.016666666666666666, "10": 0.14444444444444443, "11": 0.19285714285714287, "12": 0.58},
  "recall": 0.19930795847750865,
  "scene_recalls": {"2": 0.19930795847750865},
  "targets_count": 1445,
  "tp_count": 288
}