{
  "gt_count": 1517,
  "mean_obj_recall": 0.0795018875706855,
  "mean_scene_recall": 0.0837370242214533,
  "obj_recalls": {"1": 0.045714285714285714, "5": 0.005025125628140704, "6": 0.04678362573099415, "8": 0.015, "9": 0.0, "10": 0.07777777777777778, "11": 0.03571428571428571, "12": 0.41},
  "recall": 0.0837370242214533,
  "scene_recalls": {"2": 0.0837370242214533},
  "targets_count": 1445,
  "tp_count": 121
}