{
  "gt_count": 1517,
  "mean_obj_recall": 0.3855181740994026,
  "mean_scene_recall": 0.3833910034602076,
  "obj_recalls": {"1": 0.3942857142857143, "5": 0.135678391959799, "6": 0.3391812865497076, "8": 0.47, "9": 0.17777777777777778, "10": 0.32222222222222224, "11": 0.55, "12": 0.695},
  "recall": 0.3833910034602076,
  "scene_recalls": {"2": 0.3833910034602076},
  "targets_count": 1445,
  "tp_count": 554
}