{
  "gt_count": 1517,
  "mean_obj_recall": 0.3232692519615622,
  "mean_scene_recall": 0.32249134948096886,
  "obj_recalls": {"1": 0.34285714285714286, "5": 0.09045226130653267, "6": 0.2807017543859649, "8": 0.42, "9": 0.10555555555555556, "10": 0.24444444444444444, "11": 0.45714285714285713, "12": 0.645},
  "recall": 0.32249134948096886,
  "scene_recalls": {"2": 0.32249134948096886},
  "targets_count": 1445,
  "tp_count": 466
}