{
  "gt_count": 1517,
  "mean_obj_recall": 0.11566679470871483,
  "mean_scene_recall": 0.12041522491349481,
  "obj_recalls": {"1": 0.08, "5": 0.01507537688442211, "6": 0.08771929824561403, "8": 0.075, "9": 0.005555555555555556, "10": 0.10555555555555556, "11": 0.07142857142857142, "12": 0.485},
  "recall": 0.12041522491349481,
  "scene_recalls": {"2": 0.12041522491349481},
  "targets_count": 1445,
  "tp_count": 174
}