{
  "gt_count": 1517,
  "mean_obj_recall": 0.021815998329156226,
  "mean_scene_recall": 0.023529411764705882,
  "obj_recalls": {"1": 0.011428571428571429, "5": 0.0, "6": 0.017543859649122806, "8": 0.0, "9": 0.0, "10": 0.005555555555555556, "11": 0.0, "12": 0.14},
  "recall": 0.023529411764705882,
  "scene_recalls": {"2": 0.023529411764705882},
  "targets_count": 1445,
  "tp_count": 34
}