{
  "gt_count": 1517,
  "mean_obj_recall": 0.04523235958405226,
  "mean_scene_recall": 0.04844290657439446,
  "obj_recalls": {"1": 0.022857142857142857, "5": 0.005025125628140704, "6": 0.03508771929824561, "8": 0.0, "9": 0.0, "10": 0.03888888888888889, "11": 0.0, "12": 0.26},
  "recall": 0.04844290657439446,
  "scene_recalls": {"2": 0.04844290657439446},
  "targets_count": 1445,
  "tp_count": 70
}