{
  "gt_count": 1517,
  "mean_obj_recall": 0.2581057831975248,
  "mean_scene_recall": 0.2615916955017301,
  "obj_recalls": {"1": 0.25142857142857145, "5": 0.06532663316582915, "6": 0.2046783625730994, "8": 0.38, "9": 0.06666666666666667, "10": 0.18888888888888888, "11": 0.29285714285714287, "12": 0.615},
  "recall": 0.2615916955017301,
  "scene_recalls": {"2": 0.2615916955017301},
  "targets_count": 1445,
  "tp_count": 378
}