{
  "gt_count": 6900,
  "mean_obj_recall": 0.02115074392330031,
  "mean_scene_recall": 0.02512690355329949,
  "obj_recalls": {"1": 0.0, "2": 0.06802721088435375, "3": 0.0, "4": 0.0, "5": 0.0, "6": 0.0, "7": 0.0, "8": 0.0, "9": 0.0, "10": 0.0, "11": 0.0, "12": 0.0, "13": 0.0, "14": 0.0, "15": 0.0, "16": 0.0, "17": 0.0, "18": 0.0, "19": 0.0, "20": 0.0, "21": 0.0, "22": 0.0, "23": 0.0, "24": 0.0, "25": 0.08421052631578947, "26": 0.0, "27": 0.0, "28": 0.0, "29": 0.1836734693877551, "30": 0.2986111111111111},
  "recall": 0.015413358243811303,
  "scene_recalls": {"1": 0.5025380710659898, "2": 0.0, "3": 0.0, "4": 0.0, "5": 0.0, "6": 0.0, "7": 0.0, "8": 0.0, "9": 0.0, "10": 0.0, "11": 0.0, "12": 0.0, "13": 0.0, "14": 0.0, "15": 0.0, "16": 0.0, "17": 0.0, "18": 0.0, "19": 0.0, "20": 0.0},
  "targets_count": 6423,
  "tp_count": 99
}