{
  "gt_count": 1517,
  "mean_obj_recall": 0.2520683487403601,
  "mean_scene_recall": 0.25813148788927337,
  "obj_recalls": {"1": 0.25142857142857145, "5": 0.10050251256281408, "6": 0.16374269005847952, "8": 0.265, "9": 0.2833333333333333, "10": 0.3111111111111111, "11": 0.12142857142857143, "12": 0.52},
  "recall": 0.25813148788927337,
  "scene_recalls": {"2": 0.25813148788927337},
  "targets_count": 1445,
  "tp_count": 373
}