{
  "gt_count": 1517,
  "mean_obj_recall": 0.7110501809381075,
  "mean_scene_recall": 0.7162629757785467,
  "obj_recalls": {"1": 0.7028571428571428, "5": 0.7688442211055276, "6": 0.695906432748538, "8": 0.615, "9": 0.85, "10": 0.7722222222222223, "11": 0.5285714285714286, "12": 0.755},
  "recall": 0.7162629757785467,
  "scene_recalls": {"2": 0.7162629757785467},
  "targets_count": 1445,
  "tp_count": 1035
}