{
  "gt_count": 1517,
  "mean_obj_recall": 0.5108606629639425,
  "mean_scene_recall": 0.5183391003460207,
  "obj_recalls": {"1": 0.5085714285714286, "5": 0.4472361809045226, "6": 0.4152046783625731, "8": 0.51, "9": 0.6611111111111111, "10": 0.5333333333333333, "11": 0.32142857142857145, "12": 0.69},
  "recall": 0.5183391003460207,
  "scene_recalls": {"2": 0.5183391003460207},
  "targets_count": 1445,
  "tp_count": 749
}