{
  "gt_count": 1517,
  "mean_obj_recall": 0.1370573129851429,
  "mean_scene_recall": 0.14256055363321798,
  "obj_recalls": {"1": 0.13714285714285715, "5": 0.05527638190954774, "6": 0.07602339181286549, "8": 0.145, "9": 0.15, "10": 0.14444444444444443, "11": 0.02857142857142857, "12": 0.36},
  "recall": 0.14256055363321798,
  "scene_recalls": {"2": 0.14256055363321798},
  "targets_count": 1445,
  "tp_count": 206
}