{
  "gt_count": 1517,
  "mean_obj_recall": 0.6198625620794028,
  "mean_scene_recall": 0.62560553633218,
  "obj_recalls": {"1": 0.6114285714285714, "5": 0.592964824120603, "6": 0.5964912280701754, "8": 0.58, "9": 0.7833333333333333, "10": 0.6611111111111111, "11": 0.42857142857142855, "12": 0.705},
  "recall": 0.62560553633218,
  "scene_recalls": {"2": 0.62560553633218},
  "targets_count": 1445,
  "tp_count": 904
}