{
  "gt_count": 1517,
  "mean_obj_recall": 0.015733628459759112,
  "mean_scene_recall": 0.01660899653979239,
  "obj_recalls": {"1": 0.02857142857142857, "5": 0.01507537688442211, "6": 0.0, "8": 0.015, "9": 0.011111111111111112, "10": 0.011111111111111112, "11": 0.0, "12": 0.045},
  "recall": 0.01660899653979239,
  "scene_recalls": {"2": 0.01660899653979239},
  "targets_count": 1445,
  "tp_count": 24
}