{
  "gt_count": 1517,
  "mean_obj_recall": 0.05682856901466396,
  "mean_scene_recall": 0.05951557093425606,
  "obj_recalls": {"1": 0.06285714285714286, "5": 0.02512562814070352, "6": 0.023391812865497075, "8": 0.08, "9": 0.06666666666666667, "10": 0.044444444444444446, "11": 0.007142857142857143, "12": 0.145},
  "recall": 0.05951557093425606,
  "scene_recalls": {"2": 0.05951557093425606},
  "targets_count": 1445,
  "tp_count": 86
}