{
  "gt_count": 1517,
  "mean_obj_recall": 0.370802343484339,
  "mean_scene_recall": 0.37785467128027683,
  "obj_recalls": {"1": 0.35428571428571426, "5": 0.21608040201005024, "6": 0.30994152046783624, "8": 0.4, "9": 0.45555555555555555, "10": 0.40555555555555556, "11": 0.2, "12": 0.625},
  "recall": 0.37785467128027683,
  "scene_recalls": {"2": 0.37785467128027683},
  "targets_count": 1445,
  "tp_count": 546
}