{
  "gt_count": 1517,
  "mean_obj_recall": 0.4013291105695562,
  "mean_scene_recall": 0.3923875432525952,
  "obj_recalls": {"1": 0.3485714285714286, "5": 0.1708542713567839, "6": 0.18128654970760233, "8": 0.42, "9": 0.022222222222222223, "10": 0.7555555555555555, "11": 0.7571428571428571, "12": 0.555},
  "recall": 0.3923875432525952,
  "scene_recalls": {"2": 0.3923875432525952},
  "targets_count": 1445,
  "tp_count": 567
}