{
  "gt_count": 1517,
  "mean_obj_recall": 0.5427177895534481,
  "mean_scene_recall": 0.5460207612456748,
  "obj_recalls": {"1": 0.5714285714285714, "5": 0.7035175879396985, "6": 0.4327485380116959, "8": 0.31, "9": 0.7611111111111111, "10": 0.37222222222222223, "11": 0.4857142857142857, "12": 0.705},
  "recall": 0.5460207612456748,
  "scene_recalls": {"2": 0.5460207612456748},
  "targets_count": 1445,
  "tp_count": 789
}