{
  "gt_count": 1517,
  "mean_obj_recall": 0.259901890404403,
  "mean_scene_recall": 0.2629757785467128,
  "obj_recalls": {"1": 0.2914285714285714, "5": 0.36683417085427134, "6": 0.2222222222222222, "8": 0.13, "9": 0.45555555555555555, "10": 0.1388888888888889, "11": 0.16428571428571428, "12": 0.31},
  "recall": 0.2629757785467128,
  "scene_recalls": {"2": 0.2629757785467128},
  "targets_count": 1445,
  "tp_count": 380
}