{
  "gt_count": 1517,
  "mean_obj_recall": 0.6155086601554137,
  "mean_scene_recall": 0.6221453287197232,
  "obj_recalls": {"1": 0.6057142857142858, "5": 0.7286432160804021, "6": 0.45614035087719296, "8": 0.62, "9": 0.8, "10": 0.45, "11": 0.5285714285714286, "12": 0.735},
  "recall": 0.6221453287197232,
  "scene_recalls": {"2": 0.6221453287197232},
  "targets_count": 1445,
  "tp_count": 899
}