{
  "gt_count": 1517,
  "mean_obj_recall": 0.02052530299786317,
  "mean_scene_recall": 0.020761245674740483,
  "obj_recalls": {"1": 0.04, "5": 0.020100502512562814, "6": 0.005847953216374269, "8": 0.025, "9": 0.05555555555555555, "10": 0.005555555555555556, "11": 0.007142857142857143, "12": 0.005},
  "recall": 0.020761245674740483,
  "scene_recalls": {"2": 0.020761245674740483},
  "targets_count": 1445,
  "tp_count": 30
}