{
  "gt_count": 1517,
  "mean_obj_recall": 0.11687941325256189,
  "mean_scene_recall": 0.11903114186851212,
  "obj_recalls": {"1": 0.14857142857142858, "5": 0.1507537688442211, "6": 0.0935672514619883, "8": 0.095, "9": 0.2111111111111111, "10": 0.03888888888888889, "11": 0.05714285714285714, "12": 0.14},
  "recall": 0.11903114186851212,
  "scene_recalls": {"2": 0.11903114186851212},
  "targets_count": 1445,
  "tp_count": 172
}