{
  "gt_count": 1517,
  "mean_obj_recall": 0.5683924005994887,
  "mean_scene_recall": 0.572318339100346,
  "obj_recalls": {"1": 0.5828571428571429, "5": 0.7085427135678392, "6": 0.43859649122807015, "8": 0.395, "9": 0.8, "10": 0.4, "11": 0.5071428571428571, "12": 0.715},
  "recall": 0.572318339100346,
  "scene_recalls": {"2": 0.572318339100346},
  "targets_count": 1445,
  "tp_count": 827
}