{
  "gt_count": 1517,
  "mean_obj_recall": 0.5024368317149658,
  "mean_scene_recall": 0.5058823529411764,
  "obj_recalls": {"1": 0.5257142857142857, "5": 0.6733668341708543, "6": 0.40350877192982454, "8": 0.24, "9": 0.7222222222222222, "10": 0.3611111111111111, "11": 0.42857142857142855, "12": 0.665},
  "recall": 0.5058823529411764,
  "scene_recalls": {"2": 0.5058823529411764},
  "targets_count": 1445,
  "tp_count": 731
}