{
  "gt_count": 1517,
  "mean_obj_recall": 0.3768079169867718,
  "mean_scene_recall": 0.3792387543252595,
  "obj_recalls": {"1": 0.4, "5": 0.507537688442211, "6": 0.30994152046783624, "8": 0.15, "9": 0.5888888888888889, "10": 0.21666666666666667, "11": 0.32142857142857145, "12": 0.52},
  "recall": 0.3792387543252595,
  "scene_recalls": {"2": 0.3792387543252595},
  "targets_count": 1445,
  "tp_count": 548
}