{
  "gt_count": 1517,
  "mean_obj_recall": 0.5936404322153793,
  "mean_scene_recall": 0.5986159169550173,
  "obj_recalls": {"1": 0.6, "5": 0.7185929648241206, "6": 0.4502923976608187, "8": 0.505, "9": 0.8, "10": 0.4166666666666667, "11": 0.5285714285714286, "12": 0.73},
  "recall": 0.5986159169550173,
  "scene_recalls": {"2": 0.5986159169550173},
  "targets_count": 1445,
  "tp_count": 865
}