{
  "gt_count": 1517,
  "mean_obj_recall": 0.44913004086850294,
  "mean_scene_recall": 0.45259515570934256,
  "obj_recalls": {"1": 0.4685714285714286, "5": 0.6180904522613065, "6": 0.34502923976608185, "8": 0.185, "9": 0.6666666666666666, "10": 0.3111111111111111, "11": 0.37857142857142856, "12": 0.62},
  "recall": 0.45259515570934256,
  "scene_recalls": {"2": 0.45259515570934256},
  "targets_count": 1445,
  "tp_count": 654
}