{
  "gt_count": 1517,
  "mean_obj_recall": 0.2772219519695386,
  "mean_scene_recall": 0.2837370242214533,
  "obj_recalls": {"1": 0.2857142857142857, "5": 0.16080402010050251, "6": 0.1695906432748538, "8": 0.275, "9": 0.28888888888888886, "10": 0.3277777777777778, "11": 0.15, "12": 0.56},
  "recall": 0.2837370242214533,
  "scene_recalls": {"2": 0.2837370242214533},
  "targets_count": 1445,
  "tp_count": 410
}