{
  "gt_count": 1517,
  "mean_obj_recall": 0.6637965910378962,
  "mean_scene_recall": 0.6705882352941176,
  "obj_recalls": {"1": 0.6457142857142857, "5": 0.7437185929648241, "6": 0.6140350877192983, "8": 0.58, "9": 0.8111111111111111, "10": 0.6722222222222223, "11": 0.4785714285714286, "12": 0.765},
  "recall": 0.6705882352941176,
  "scene_recalls": {"2": 0.6705882352941176},
  "targets_count": 1445,
  "tp_count": 969
}