{
  "gt_count": 1517,
  "mean_obj_recall": 0.15478449053958176,
  "mean_scene_recall": 0.16124567474048443,
  "obj_recalls": {"1": 0.16, "5": 0.08542713567839195, "6": 0.07602339181286549, "8": 0.145, "9": 0.15555555555555556, "10": 0.15555555555555556, "11": 0.03571428571428571, "12": 0.425},
  "recall": 0.16124567474048443,
  "scene_recalls": {"2": 0.16124567474048443},
  "targets_count": 1445,
  "tp_count": 233
}