{
  "gt_count": 1517,
  "mean_obj_recall": 0.5532657832814868,
  "mean_scene_recall": 0.5605536332179931,
  "obj_recalls": {"1": 0.5714285714285714, "5": 0.542713567839196, "6": 0.4444444444444444, "8": 0.515, "9": 0.6888888888888889, "10": 0.5722222222222222, "11": 0.37142857142857144, "12": 0.72},
  "recall": 0.5605536332179931,
  "scene_recalls": {"2": 0.5605536332179931},
  "targets_count": 1445,
  "tp_count": 810
}