{
  "gt_count": 1517,
  "mean_obj_recall": 0.743812412627045,
  "mean_scene_recall": 0.7501730103806228,
  "obj_recalls": {"1": 0.7257142857142858, "5": 0.8442211055276382, "6": 0.7017543859649122, "8": 0.635, "9": 0.8611111111111112, "10": 0.8055555555555556, "11": 0.5571428571428572, "12": 0.82},
  "recall": 0.7501730103806228,
  "scene_recalls": {"2": 0.7501730103806228},
  "targets_count": 1445,
  "tp_count": 1084
}