{
  "gt_count": 1517,
  "mean_obj_recall": 0.4095091712740813,
  "mean_scene_recall": 0.41730103806228375,
  "obj_recalls": {"1": 0.41714285714285715, "5": 0.32160804020100503, "6": 0.30994152046783624, "8": 0.405, "9": 0.4888888888888889, "10": 0.42777777777777776, "11": 0.2357142857142857, "12": 0.67},
  "recall": 0.41730103806228375,
  "scene_recalls": {"2": 0.41730103806228375},
  "targets_count": 1445,
  "tp_count": 603
}