{
  "gt_count": 1517,
  "mean_obj_recall": 0.06643802502487375,
  "mean_scene_recall": 0.0698961937716263,
  "obj_recalls": {"1": 0.06857142857142857, "5": 0.035175879396984924, "6": 0.023391812865497075, "8": 0.08, "9": 0.07777777777777778, "10": 0.044444444444444446, "11": 0.007142857142857143, "12": 0.195},
  "recall": 0.0698961937716263,
  "scene_recalls": {"2": 0.0698961937716263},
  "targets_count": 1445,
  "tp_count": 101
}