{
  "gt_count": 1517,
  "mean_obj_recall": 0.007569444444444445,
  "mean_scene_recall": 0.008304498269896194,
  "obj_recalls": {"1": 0.0, "5": 0.0, "6": 0.0, "8": 0.0, "9": 0.005555555555555556, "10": 0.0, "11": 0.0, "12": 0.055},
  "recall": 0.008304498269896194,
  "scene_recalls": {"2": 0.008304498269896194},
  "targets_count": 1445,
  "tp_count": 12
}