{
  "gt_count": 1517,
  "mean_obj_recall": 0.015962301587301587,
  "mean_scene_recall": 0.01730103806228374,
  "obj_recalls": {"1": 0.0, "5": 0.0, "6": 0.0, "8": 0.0, "9": 0.005555555555555556, "10": 0.0, "11": 0.007142857142857143, "12": 0.115},
  "recall": 0.01730103806228374,
  "scene_recalls": {"2": 0.01730103806228374},
  "targets_count": 1445,
  "tp_count": 25
}