{
  "gt_count": 1517,
  "mean_obj_recall": 0.031008771929824562,
  "mean_scene_recall": 0.03321799307958478,
  "obj_recalls": {"1": 0.005714285714285714, "5": 0.0, "6": 0.005847953216374269, "8": 0.005, "9": 0.022222222222222223, "10": 0.0, "11": 0.014285714285714285, "12": 0.195},
  "recall": 0.03321799307958478,
  "scene_recalls": {"2": 0.03321799307958478},
  "targets_count": 1445,
  "tp_count": 48
}