{
  "gt_count": 1517,
  "mean_obj_recall": 0.043968269711128743,
  "mean_scene_recall": 0.04636678200692042,
  "obj_recalls": {"1": 0.011428571428571429, "5": 0.010050251256281407, "6": 0.011695906432748537, "8": 0.005, "9": 0.05, "10": 0.0, "11": 0.02857142857142857, "12": 0.235},
  "recall": 0.04636678200692042,
  "scene_recalls": {"2": 0.04636678200692042},
  "targets_count": 1445,
  "tp_count": 67
}