{
  "gt_count": 1517,
  "mean_obj_recall": 0.05014204533528124,
  "mean_scene_recall": 0.05259515570934256,
  "obj_recalls": {"1": 0.011428571428571429, "5": 0.01507537688442211, "6": 0.011695906432748537, "8": 0.005, "9": 0.07222222222222222, "10": 0.0, "11": 0.03571428571428571, "12": 0.25},
  "recall": 0.05259515570934256,
  "scene_recalls": {"2": 0.05259515570934256},
  "targets_count": 1445,
  "tp_count": 76
}