{
  "gt_count": 1517,
  "mean_obj_recall": 0.02511904761904762,
  "mean_scene_recall": 0.02698961937716263,
  "obj_recalls": {"1": 0.0, "5": 0.0, "6": 0.0, "8": 0.005, "9": 0.016666666666666666, "10": 0.0, "11": 0.014285714285714285, "12": 0.165},
  "recall": 0.02698961937716263,
  "scene_recalls": {"2": 0.02698961937716263},
  "targets_count": 1445,
  "tp_count": 39
}