{
  "gt_count": 1517,
  "mean_obj_recall": 0.7458011076686691,
  "mean_scene_recall": 0.7384083044982699,
  "obj_recalls": {"1": 0.9657142857142857, "5": 0.4271356783919598, "6": 0.8362573099415205, "8": 0.625, "9": 0.9277777777777778, "10": 0.7166666666666667, "11": 0.7428571428571429, "12": 0.725},
  "recall": 0.7384083044982699,
  "scene_recalls": {"2": 0.7384083044982699},
  "targets_count": 1445,
  "tp_count": 1067
}