{
  "bop19_average_recall": 0.3772664359861591,
  "bop19_average_recall_mspd": 0.4395847750865052,
  "bop19_average_recall_mssd": 0.39598615916955016,
  "bop19_average_recall_vsd": 0.2962283737024221,
  "bop19_average_time_per_image": 3.949605715274811
}