{
  "gt_count": 1517,
  "mean_obj_recall": 0.19541479851219334,
  "mean_scene_recall": 0.1944636678200692,
  "obj_recalls": {"1": 0.13142857142857142, "5": 0.1407035175879397, "6": 0.0935672514619883, "8": 0.2, "9": 0.36666666666666664, "10": 0.11666666666666667, "11": 0.2642857142857143, "12": 0.25},
  "recall": 0.1944636678200692,
  "scene_recalls": {"2": 0.1944636678200692},
  "targets_count": 1445,
  "tp_count": 281
}