{
  "gt_count": 1517,
  "mean_obj_recall": 0.4912952240316033,
  "mean_scene_recall": 0.49204152249134947,
  "obj_recalls": {"1": 0.4114285714285714, "5": 0.5376884422110553, "6": 0.3391812865497076, "8": 0.44, "9": 0.6555555555555556, "10": 0.5222222222222223, "11": 0.5142857142857142, "12": 0.51},
  "recall": 0.49204152249134947,
  "scene_recalls": {"2": 0.49204152249134947},
  "targets_count": 1445,
  "tp_count": 711
}