{
  "gt_count": 1517,
  "mean_obj_recall": 0.3948941606528885,
  "mean_scene_recall": 0.3958477508650519,
  "obj_recalls": {"1": 0.2857142857142857, "5": 0.4321608040201005, "6": 0.2573099415204678, "8": 0.37, "9": 0.5833333333333334, "10": 0.3277777777777778, "11": 0.44285714285714284, "12": 0.46},
  "recall": 0.3958477508650519,
  "scene_recalls": {"2": 0.3958477508650519},
  "targets_count": 1445,
  "tp_count": 572
}