{
  "gt_count": 1517,
  "mean_obj_recall": 0.04799868966805624,
  "mean_scene_recall": 0.04775086505190312,
  "obj_recalls": {"1": 0.022857142857142857, "5": 0.03015075376884422, "6": 0.011695906432748537, "8": 0.065, "9": 0.12222222222222222, "10": 0.027777777777777776, "11": 0.06428571428571428, "12": 0.04},
  "recall": 0.04775086505190312,
  "scene_recalls": {"2": 0.04775086505190312},
  "targets_count": 1445,
  "tp_count": 69
}