{
  "gt_count": 1517,
  "mean_obj_recall": 0.5772518922935479,
  "mean_scene_recall": 0.5792387543252595,
  "obj_recalls": {"1": 0.5085714285714286, "5": 0.6080402010050251, "6": 0.4502923976608187, "8": 0.53, "9": 0.7111111111111111, "10": 0.65, "11": 0.55, "12": 0.61},
  "recall": 0.5792387543252595,
  "scene_recalls": {"2": 0.5792387543252595},
  "targets_count": 1445,
  "tp_count": 837
}