{
  "gt_count": 1517,
  "mean_obj_recall": 0.10625219088340616,
  "mean_scene_recall": 0.10519031141868512,
  "obj_recalls": {"1": 0.06857142857142857, "5": 0.06532663316582915, "6": 0.03508771929824561, "8": 0.105, "9": 0.23333333333333334, "10": 0.05555555555555555, "11": 0.15714285714285714, "12": 0.13},
  "recall": 0.10519031141868512,
  "scene_recalls": {"2": 0.10519031141868512},
  "targets_count": 1445,
  "tp_count": 152
}