{
  "gt_count": 1517,
  "mean_obj_recall": 0.017800759751136635,
  "mean_scene_recall": 0.017993079584775088,
  "obj_recalls": {"1": 0.011428571428571429, "5": 0.005025125628140704, "6": 0.0, "8": 0.015, "9": 0.05555555555555555, "10": 0.011111111111111112, "11": 0.014285714285714285, "12": 0.03},
  "recall": 0.017993079584775088,
  "scene_recalls": {"2": 0.017993079584775088},
  "targets_count": 1445,
  "tp_count": 26
}