{
  "gt_count": 1517,
  "mean_obj_recall": 0.29939998918989263,
  "mean_scene_recall": 0.2996539792387543,
  "obj_recalls": {"1": 0.2, "5": 0.2864321608040201, "6": 0.15789473684210525, "8": 0.29, "9": 0.49444444444444446, "10": 0.2, "11": 0.37142857142857144, "12": 0.395},
  "recall": 0.2996539792387543,
  "scene_recalls": {"2": 0.2996539792387543},
  "targets_count": 1445,
  "tp_count": 433
}