{
  "gt_count": 1517,
  "mean_obj_recall": 0.09348323436312725,
  "mean_scene_recall": 0.09550173010380623,
  "obj_recalls": {"1": 0.06285714285714286, "5": 0.03015075376884422, "6": 0.07017543859649122, "8": 0.005, "9": 0.06666666666666667, "10": 0.09444444444444444, "11": 0.07857142857142857, "12": 0.34},
  "recall": 0.09550173010380623,
  "scene_recalls": {"2": 0.09550173010380623},
  "targets_count": 1445,
  "tp_count": 138
}