{
  "gt_count": 1517,
  "mean_obj_recall": 0.17105277326482035,
  "mean_scene_recall": 0.17093425605536333,
  "obj_recalls": {"1": 0.17142857142857143, "5": 0.09045226130653267, "6": 0.14035087719298245, "8": 0.025, "9": 0.13333333333333333, "10": 0.2, "11": 0.19285714285714287, "12": 0.415},
  "recall": 0.17093425605536333,
  "scene_recalls": {"2": 0.17093425605536333},
  "targets_count": 1445,
  "tp_count": 247
}