{
  "gt_count": 1517,
  "mean_obj_recall": 0.7616406253279765,
  "mean_scene_recall": 0.7598615916955017,
  "obj_recalls": {"1": 0.7485714285714286, "5": 0.7085427135678392, "6": 0.6900584795321637, "8": 0.66, "9": 0.9, "10": 0.8666666666666667, "11": 0.7642857142857142, "12": 0.755},
  "recall": 0.7598615916955017,
  "scene_recalls": {"2": 0.7598615916955017},
  "targets_count": 1445,
  "tp_count": 1098
}