{
  "gt_count": 1517,
  "mean_obj_recall": 0.6996766964521858,
  "mean_scene_recall": 0.696885813148789,
  "obj_recalls": {"1": 0.7142857142857143, "5": 0.6030150753768844, "6": 0.5847953216374269, "8": 0.565, "9": 0.8722222222222222, "10": 0.8166666666666667, "11": 0.7214285714285714, "12": 0.72},
  "recall": 0.696885813148789,
  "scene_recalls": {"2": 0.696885813148789},
  "targets_count": 1445,
  "tp_count": 1007
}