{
  "gt_count": 1517,
  "mean_obj_recall": 0.6185116712425955,
  "mean_scene_recall": 0.613840830449827,
  "obj_recalls": {"1": 0.6914285714285714, "5": 0.5175879396984925, "6": 0.45614035087719296, "8": 0.43, "9": 0.7888888888888889, "10": 0.7333333333333333, "11": 0.6857142857142857, "12": 0.645},
  "recall": 0.613840830449827,
  "scene_recalls": {"2": 0.613840830449827},
  "targets_count": 1445,
  "tp_count": 887
}