{
  "gt_count": 1517,
  "mean_obj_recall": 0.4896774337434877,
  "mean_scene_recall": 0.48373702422145326,
  "obj_recalls": {"1": 0.6228571428571429, "5": 0.40703517587939697, "6": 0.391812865497076, "8": 0.235, "9": 0.5277777777777778, "10": 0.5722222222222222, "11": 0.5857142857142857, "12": 0.575},
  "recall": 0.48373702422145326,
  "scene_recalls": {"2": 0.48373702422145326},
  "targets_count": 1445,
  "tp_count": 699
}