{
  "gt_count": 1517,
  "mean_obj_recall": 0.3698839960034088,
  "mean_scene_recall": 0.3633217993079585,
  "obj_recalls": {"1": 0.48, "5": 0.27638190954773867, "6": 0.2982456140350877, "8": 0.12, "9": 0.3388888888888889, "10": 0.45555555555555555, "11": 0.5, "12": 0.49},
  "recall": 0.3633217993079585,
  "scene_recalls": {"2": 0.3633217993079585},
  "targets_count": 1445,
  "tp_count": 525
}