{
  "gt_count": 1517,
  "mean_obj_recall": 0.27435231714126185,
  "mean_scene_recall": 0.271280276816609,
  "obj_recalls": {"1": 0.35428571428571426, "5": 0.18592964824120603, "6": 0.2222222222222222, "8": 0.065, "9": 0.22777777777777777, "10": 0.3388888888888889, "11": 0.3357142857142857, "12": 0.465},
  "recall": 0.271280276816609,
  "scene_recalls": {"2": 0.271280276816609},
  "targets_count": 1445,
  "tp_count": 392
}