{
  "gt_count": 1517,
  "mean_obj_recall": 0.5738586861836333,
  "mean_scene_recall": 0.5778546712802768,
  "obj_recalls": {"1": 0.5942857142857143, "5": 0.7185929648241206, "6": 0.4502923976608187, "8": 0.4, "9": 0.8055555555555556, "10": 0.4, "11": 0.5071428571428571, "12": 0.715},
  "recall": 0.5778546712802768,
  "scene_recalls": {"2": 0.5778546712802768},
  "targets_count": 1445,
  "tp_count": 835
}