{
  "gt_count": 1517,
  "mean_obj_recall": 0.1257317760481606,
  "mean_scene_recall": 0.12802768166089964,
  "obj_recalls": {"1": 0.15428571428571428, "5": 0.1658291457286432, "6": 0.10526315789473684, "8": 0.1, "9": 0.23333333333333334, "10": 0.05, "11": 0.05714285714285714, "12": 0.14},
  "recall": 0.12802768166089964,
  "scene_recalls": {"2": 0.12802768166089964},
  "targets_count": 1445,
  "tp_count": 185
}