{
  "gt_count": 1517,
  "mean_obj_recall": 0.547529297489956,
  "mean_scene_recall": 0.5508650519031142,
  "obj_recalls": {"1": 0.5771428571428572, "5": 0.7035175879396985, "6": 0.4327485380116959, "8": 0.31, "9": 0.7888888888888889, "10": 0.37222222222222223, "11": 0.4857142857142857, "12": 0.71},
  "recall": 0.5508650519031142,
  "scene_recalls": {"2": 0.5508650519031142},
  "targets_count": 1445,
  "tp_count": 796
}