{
  "gt_count": 1517,
  "mean_obj_recall": 0.5983527416741183,
  "mean_scene_recall": 0.6034602076124568,
  "obj_recalls": {"1": 0.6057142857142858, "5": 0.7236180904522613, "6": 0.45614035087719296, "8": 0.51, "9": 0.8055555555555556, "10": 0.4222222222222222, "11": 0.5285714285714286, "12": 0.735},
  "recall": 0.6034602076124568,
  "scene_recalls": {"2": 0.6034602076124568},
  "targets_count": 1445,
  "tp_count": 872
}