{
  "gt_count": 1517,
  "mean_obj_recall": 0.022562173860110914,
  "mean_scene_recall": 0.022837370242214532,
  "obj_recalls": {"1": 0.045714285714285714, "5": 0.02512562814070352, "6": 0.005847953216374269, "8": 0.025, "9": 0.05555555555555555, "10": 0.011111111111111112, "11": 0.007142857142857143, "12": 0.005},
  "recall": 0.022837370242214532,
  "scene_recalls": {"2": 0.022837370242214532},
  "targets_count": 1445,
  "tp_count": 33
}