{
  "gt_count": 1517,
  "mean_obj_recall": 0.3902263982821375,
  "mean_scene_recall": 0.39307958477508653,
  "obj_recalls": {"1": 0.44, "5": 0.5326633165829145, "6": 0.30994152046783624, "8": 0.155, "9": 0.6055555555555555, "10": 0.2222222222222222, "11": 0.32142857142857145, "12": 0.535},
  "recall": 0.39307958477508653,
  "scene_recalls": {"2": 0.39307958477508653},
  "targets_count": 1445,
  "tp_count": 568
}