{
  "gt_count": 1517,
  "mean_obj_recall": 0.46260227883359994,
  "mean_scene_recall": 0.4657439446366782,
  "obj_recalls": {"1": 0.5085714285714286, "5": 0.628140703517588, "6": 0.3567251461988304, "8": 0.185, "9": 0.6944444444444444, "10": 0.32222222222222224, "11": 0.38571428571428573, "12": 0.62},
  "recall": 0.4657439446366782,
  "scene_recalls": {"2": 0.4657439446366782},
  "targets_count": 1445,
  "tp_count": 673
}