{
  "gt_count": 1517,
  "mean_obj_recall": 0.27339082893582367,
  "mean_scene_recall": 0.2768166089965398,
  "obj_recalls": {"1": 0.3142857142857143, "5": 0.37185929648241206, "6": 0.23391812865497075, "8": 0.13, "9": 0.4777777777777778, "10": 0.15, "11": 0.16428571428571428, "12": 0.345},
  "recall": 0.2768166089965398,
  "scene_recalls": {"2": 0.2768166089965398},
  "targets_count": 1445,
  "tp_count": 400
}