{
  "bop19_average_recall": 0.013288183092013078,
  "bop19_average_recall_mspd": 0.01275105091078935,
  "bop19_average_recall_mssd": 0.010991748404172504,
  "bop19_average_recall_vsd": 0.01612174996107738,
  "bop19_average_time_per_image": 14.777885494232178
}