{
  "gt_count": 1517,
  "mean_obj_recall": 0.08397042123734798,
  "mean_scene_recall": 0.08512110726643599,
  "obj_recalls": {"1": 0.011428571428571429, "5": 0.05025125628140704, "6": 0.017543859649122806, "8": 0.075, "9": 0.16111111111111112, "10": 0.0, "11": 0.12142857142857143, "12": 0.235},
  "recall": 0.08512110726643599,
  "scene_recalls": {"2": 0.08512110726643599},
  "targets_count": 1445,
  "tp_count": 123
}