{
  "gt_count": 1517,
  "mean_obj_recall": 0.24620429581071607,
  "mean_scene_recall": 0.24705882352941178,
  "obj_recalls": {"1": 0.09142857142857143, "5": 0.15577889447236182, "6": 0.08187134502923976, "8": 0.365, "9": 0.39444444444444443, "10": 0.011111111111111112, "11": 0.4, "12": 0.47},
  "recall": 0.24705882352941178,
  "scene_recalls": {"2": 0.24705882352941178},
  "targets_count": 1445,
  "tp_count": 357
}