{
  "gt_count": 1517,
  "mean_obj_recall": 0.017202380952380955,
  "mean_scene_recall": 0.017993079584775088,
  "obj_recalls": {"1": 0.0, "5": 0.0, "6": 0.0, "8": 0.005, "9": 0.03333333333333333, "10": 0.0, "11": 0.014285714285714285, "12": 0.085},
  "recall": 0.017993079584775088,
  "scene_recalls": {"2": 0.017993079584775088},
  "targets_count": 1445,
  "tp_count": 26
}