{
  "gt_count": 1517,
  "mean_obj_recall": 0.1851463641305945,
  "mean_scene_recall": 0.18685121107266436,
  "obj_recalls": {"1": 0.07428571428571429, "5": 0.10552763819095477, "6": 0.03508771929824561, "8": 0.25, "9": 0.3055555555555556, "10": 0.0, "11": 0.2857142857142857, "12": 0.425},
  "recall": 0.18685121107266436,
  "scene_recalls": {"2": 0.18685121107266436},
  "targets_count": 1445,
  "tp_count": 270
}