{
  "gt_count": 1517,
  "mean_obj_recall": 0.361150142945303,
  "mean_scene_recall": 0.36055363321799305,
  "obj_recalls": {"1": 0.2342857142857143, "5": 0.25125628140703515, "6": 0.2573099415204678, "8": 0.53, "9": 0.5333333333333333, "10": 0.044444444444444446, "11": 0.5285714285714286, "12": 0.51},
  "recall": 0.36055363321799305,
  "scene_recalls": {"2": 0.36055363321799305},
  "targets_count": 1445,
  "tp_count": 521
}