{
  "gt_count": 1517,
  "mean_obj_recall": 0.30001704690956876,
  "mean_scene_recall": 0.30034602076124567,
  "obj_recalls": {"1": 0.14857142857142858, "5": 0.21608040201005024, "6": 0.14619883040935672, "8": 0.43, "9": 0.4777777777777778, "10": 0.022222222222222223, "11": 0.4642857142857143, "12": 0.495},
  "recall": 0.30034602076124567,
  "scene_recalls": {"2": 0.30034602076124567},
  "targets_count": 1445,
  "tp_count": 434
}