{
  "gt_count": 1517,
  "mean_obj_recall": 0.13495521414507794,
  "mean_scene_recall": 0.1356401384083045,
  "obj_recalls": {"1": 0.04, "5": 0.07537688442211055, "6": 0.023391812865497075, "8": 0.155, "9": 0.24444444444444444, "10": 0.0, "11": 0.22142857142857142, "12": 0.32},
  "recall": 0.1356401384083045,
  "scene_recalls": {"2": 0.1356401384083045},
  "targets_count": 1445,
  "tp_count": 196
}