{
  "gt_count": 1517,
  "mean_obj_recall": 0.040049104650235305,
  "mean_scene_recall": 0.04152249134948097,
  "obj_recalls": {"1": 0.005714285714285714, "5": 0.01507537688442211, "6": 0.0, "8": 0.02, "9": 0.08888888888888889, "10": 0.0, "11": 0.03571428571428571, "12": 0.155},
  "recall": 0.04152249134948097,
  "scene_recalls": {"2": 0.04152249134948097},
  "targets_count": 1445,
  "tp_count": 60
}