{
  "gt_count": 1517,
  "mean_obj_recall": 0.5513657521105947,
  "mean_scene_recall": 0.5626297577854671,
  "obj_recalls": {"1": 0.56, "5": 0.5628140703517588, "6": 0.40350877192982454, "8": 0.52, "9": 0.7166666666666667, "10": 0.5722222222222222, "11": 0.2857142857142857, "12": 0.79},
  "recall": 0.5626297577854671,
  "scene_recalls": {"2": 0.5626297577854671},
  "targets_count": 1445,
  "tp_count": 813
}