{
  "gt_count": 1517,
  "mean_obj_recall": 0.6590487053059785,
  "mean_scene_recall": 0.6671280276816609,
  "obj_recalls": {"1": 0.6628571428571428, "5": 0.6934673366834171, "6": 0.5847953216374269, "8": 0.585, "9": 0.7944444444444444, "10": 0.7111111111111111, "11": 0.4357142857142857, "12": 0.805},
  "recall": 0.6671280276816609,
  "scene_recalls": {"2": 0.6671280276816609},
  "targets_count": 1445,
  "tp_count": 964
}