{
  "gt_count": 1517,
  "mean_obj_recall": 0.4147864111703043,
  "mean_scene_recall": 0.4249134948096886,
  "obj_recalls": {"1": 0.4514285714285714, "5": 0.31155778894472363, "6": 0.2807017543859649, "8": 0.415, "9": 0.4777777777777778, "10": 0.46111111111111114, "11": 0.18571428571428572, "12": 0.735},
  "recall": 0.4249134948096886,
  "scene_recalls": {"2": 0.4249134948096886},
  "targets_count": 1445,
  "tp_count": 614
}