{
  "gt_count": 1517,
  "mean_obj_recall": 0.16961267542810127,
  "mean_scene_recall": 0.17647058823529413,
  "obj_recalls": {"1": 0.17142857142857143, "5": 0.06532663316582915, "6": 0.05847953216374269, "8": 0.16, "9": 0.16666666666666666, "10": 0.2, "11": 0.05, "12": 0.485},
  "recall": 0.17647058823529413,
  "scene_recalls": {"2": 0.17647058823529413},
  "targets_count": 1445,
  "tp_count": 255
}