{
  "gt_count": 1517,
  "mean_obj_recall": 0.06649754096296016,
  "mean_scene_recall": 0.0698961937716263,
  "obj_recalls": {"1": 0.08, "5": 0.03015075376884422, "6": 0.017543859649122806, "8": 0.075, "9": 0.06666666666666667, "10": 0.03333333333333333, "11": 0.014285714285714285, "12": 0.215},
  "recall": 0.0698961937716263,
  "scene_recalls": {"2": 0.0698961937716263},
  "targets_count": 1445,
  "tp_count": 101
}