{
  "gt_count": 1517,
  "mean_obj_recall": 0.2909353786476241,
  "mean_scene_recall": 0.29896193771626295,
  "obj_recalls": {"1": 0.3314285714285714, "5": 0.1457286432160804, "6": 0.14619883040935672, "8": 0.29, "9": 0.3277777777777778, "10": 0.3277777777777778, "11": 0.12857142857142856, "12": 0.63},
  "recall": 0.29896193771626295,
  "scene_recalls": {"2": 0.29896193771626295},
  "targets_count": 1445,
  "tp_count": 432
}