{
  "gt_count": 1517,
  "mean_obj_recall": 0.7377639345432258,
  "mean_scene_recall": 0.744636678200692,
  "obj_recalls": {"1": 0.76, "5": 0.8291457286432161, "6": 0.6783625730994152, "8": 0.635, "9": 0.8333333333333334, "10": 0.8055555555555556, "11": 0.5357142857142857, "12": 0.825},
  "recall": 0.744636678200692,
  "scene_recalls": {"2": 0.744636678200692},
  "targets_count": 1445,
  "tp_count": 1076
}