{
  "gt_count": 1517,
  "mean_obj_recall": 0.5441641871638896,
  "mean_scene_recall": 0.5404844290657439,
  "obj_recalls": {"1": 0.5828571428571429, "5": 0.41708542713567837, "6": 0.38011695906432746, "8": 0.695, "9": 0.6888888888888889, "10": 0.37222222222222223, "11": 0.7071428571428572, "12": 0.51},
  "recall": 0.5404844290657439,
  "scene_recalls": {"2": 0.5404844290657439},
  "targets_count": 1445,
  "tp_count": 781
}