{
  "gt_count": 1517,
  "mean_obj_recall": 0.2728027354819209,
  "mean_scene_recall": 0.27335640138408307,
  "obj_recalls": {"1": 0.26285714285714284, "5": 0.2663316582914573, "6": 0.24561403508771928, "8": 0.46, "9": 0.03333333333333333, "10": 0.1, "11": 0.4142857142857143, "12": 0.4},
  "recall": 0.27335640138408307,
  "scene_recalls": {"2": 0.27335640138408307},
  "targets_count": 1445,
  "tp_count": 395
}