{
  "gt_count": 1517,
  "mean_obj_recall": 0.40077704993220065,
  "mean_scene_recall": 0.4,
  "obj_recalls": {"1": 0.48, "5": 0.4020100502512563, "6": 0.3333333333333333, "8": 0.625, "9": 0.17222222222222222, "10": 0.17222222222222222, "11": 0.5714285714285714, "12": 0.45},
  "recall": 0.4,
  "scene_recalls": {"2": 0.4},
  "targets_count": 1445,
  "tp_count": 578
}