{
  "gt_count": 1517,
  "mean_obj_recall": 0.10164165123864938,
  "mean_scene_recall": 0.10657439446366782,
  "obj_recalls": {"1": 0.03428571428571429, "5": 0.03015075376884422, "6": 0.08187134502923976, "8": 0.225, "9": 0.0, "10": 0.011111111111111112, "11": 0.08571428571428572, "12": 0.345},
  "recall": 0.10657439446366782,
  "scene_recalls": {"2": 0.10657439446366782},
  "targets_count": 1445,
  "tp_count": 154
}