{
  "gt_count": 1517,
  "mean_obj_recall": 0.4986018438054936,
  "mean_scene_recall": 0.4961937716262976,
  "obj_recalls": {"1": 0.5828571428571429, "5": 0.41708542713567837, "6": 0.3742690058479532, "8": 0.67, "9": 0.5888888888888889, "10": 0.25, "11": 0.6357142857142857, "12": 0.47},
  "recall": 0.4961937716262976,
  "scene_recalls": {"2": 0.4961937716262976},
  "targets_count": 1445,
  "tp_count": 717
}