{
  "gt_count": 1517,
  "mean_obj_recall": 0.5116474787261286,
  "mean_scene_recall": 0.5093425605536333,
  "obj_recalls": {"1": 0.5828571428571429, "5": 0.41708542713567837, "6": 0.3742690058479532, "8": 0.675, "9": 0.6333333333333333, "10": 0.2777777777777778, "11": 0.6428571428571429, "12": 0.49},
  "recall": 0.5093425605536333,
  "scene_recalls": {"2": 0.5093425605536333},
  "targets_count": 1445,
  "tp_count": 736
}