{
  "gt_count": 1517,
  "mean_obj_recall": 0.5389391453927952,
  "mean_scene_recall": 0.5356401384083045,
  "obj_recalls": {"1": 0.5828571428571429, "5": 0.41708542713567837, "6": 0.3742690058479532, "8": 0.69, "9": 0.6888888888888889, "10": 0.35555555555555557, "11": 0.6928571428571428, "12": 0.51},
  "recall": 0.5356401384083045,
  "scene_recalls": {"2": 0.5356401384083045},
  "targets_count": 1445,
  "tp_count": 774
}