{
  "gt_count": 1517,
  "mean_obj_recall": 0.5306157326943826,
  "mean_scene_recall": 0.5273356401384083,
  "obj_recalls": {"1": 0.5828571428571429, "5": 0.41708542713567837, "6": 0.3742690058479532, "8": 0.68, "9": 0.6722222222222223, "10": 0.3277777777777778, "11": 0.6857142857142857, "12": 0.505},
  "recall": 0.5273356401384083,
  "scene_recalls": {"2": 0.5273356401384083},
  "targets_count": 1445,
  "tp_count": 762
}