{
  "gt_count": 1517,
  "mean_obj_recall": 0.4662203614144238,
  "mean_scene_recall": 0.4643598615916955,
  "obj_recalls": {"1": 0.5542857142857143, "5": 0.4120603015075377, "6": 0.3508771929824561, "8": 0.66, "9": 0.43333333333333335, "10": 0.22777777777777777, "11": 0.6214285714285714, "12": 0.47},
  "recall": 0.4643598615916955,
  "scene_recalls": {"2": 0.4643598615916955},
  "targets_count": 1445,
  "tp_count": 671
}