{
  "gt_count": 1517,
  "mean_obj_recall": 0.47092257444280716,
  "mean_scene_recall": 0.4740484429065744,
  "obj_recalls": {"1": 0.5142857142857142, "5": 0.6381909547738693, "6": 0.3742690058479532, "8": 0.185, "9": 0.7055555555555556, "10": 0.32222222222222224, "11": 0.39285714285714285, "12": 0.635},
  "recall": 0.4740484429065744,
  "scene_recalls": {"2": 0.4740484429065744},
  "targets_count": 1445,
  "tp_count": 685
}