{
  "gt_count": 1517,
  "mean_obj_recall": 0.13678338696406006,
  "mean_scene_recall": 0.13910034602076124,
  "obj_recalls": {"1": 0.18285714285714286, "5": 0.18090452261306533, "6": 0.12280701754385964, "8": 0.1, "9": 0.25, "10": 0.05555555555555555, "11": 0.05714285714285714, "12": 0.145},
  "recall": 0.13910034602076124,
  "scene_recalls": {"2": 0.13910034602076124},
  "targets_count": 1445,
  "tp_count": 201
}