{
  "gt_count": 1517,
  "mean_obj_recall": 0.5777705570458811,
  "mean_scene_recall": 0.582006920415225,
  "obj_recalls": {"1": 0.6, "5": 0.7236180904522613, "6": 0.4502923976608187, "8": 0.405, "9": 0.8055555555555556, "10": 0.40555555555555556, "11": 0.5071428571428571, "12": 0.725},
  "recall": 0.582006920415225,
  "scene_recalls": {"2": 0.582006920415225},
  "targets_count": 1445,
  "tp_count": 841
}