{
  "gt_count": 1517,
  "mean_obj_recall": 0.28925030856034556,
  "mean_scene_recall": 0.2934256055363322,
  "obj_recalls": {"1": 0.32571428571428573, "5": 0.3969849246231156, "6": 0.25146198830409355, "8": 0.13, "9": 0.5055555555555555, "10": 0.15, "11": 0.16428571428571428, "12": 0.39},
  "recall": 0.2934256055363322,
  "scene_recalls": {"2": 0.2934256055363322},
  "targets_count": 1445,
  "tp_count": 424
}