{
  "gt_count": 1517,
  "mean_obj_recall": 0.5543479222553872,
  "mean_scene_recall": 0.5577854671280277,
  "obj_recalls": {"1": 0.5885714285714285, "5": 0.7135678391959799, "6": 0.43859649122807015, "8": 0.31, "9": 0.8, "10": 0.38333333333333336, "11": 0.4857142857142857, "12": 0.715},
  "recall": 0.5577854671280277,
  "scene_recalls": {"2": 0.5577854671280277},
  "targets_count": 1445,
  "tp_count": 806
}