{
  "gt_count": 1517,
  "mean_obj_recall": 0.5212004151920842,
  "mean_scene_recall": 0.524567474048443,
  "obj_recalls": {"1": 0.56, "5": 0.678391959798995, "6": 0.42105263157894735, "8": 0.245, "9": 0.7777777777777778, "10": 0.36666666666666664, "11": 0.4357142857142857, "12": 0.685},
  "recall": 0.524567474048443,
  "scene_recalls": {"2": 0.524567474048443},
  "targets_count": 1445,
  "tp_count": 758
}