{
  "gt_count": 1517,
  "mean_obj_recall": 0.40167746103113733,
  "mean_scene_recall": 0.40484429065743943,
  "obj_recalls": {"1": 0.46285714285714286, "5": 0.5577889447236181, "6": 0.3157894736842105, "8": 0.155, "9": 0.6277777777777778, "10": 0.22777777777777777, "11": 0.32142857142857145, "12": 0.545},
  "recall": 0.40484429065743943,
  "scene_recalls": {"2": 0.40484429065743943},
  "targets_count": 1445,
  "tp_count": 585
}