{
  "gt_count": 1517,
  "mean_obj_recall": 0.01102861319966583,
  "mean_scene_recall": 0.011764705882352941,
  "obj_recalls": {"1": 0.005714285714285714, "5": 0.0, "6": 0.005847953216374269, "8": 0.0, "9": 0.0, "10": 0.016666666666666666, "11": 0.0, "12": 0.06},
  "recall": 0.011764705882352941,
  "scene_recalls": {"2": 0.011764705882352941},
  "targets_count": 1445,
  "tp_count": 17
}