{
  "gt_count": 1517,
  "mean_obj_recall": 0.6929285053084973,
  "mean_scene_recall": 0.6906574394463668,
  "obj_recalls": {"1": 0.6971428571428572, "5": 0.5577889447236181, "6": 0.5730994152046783, "8": 0.62, "9": 0.8277777777777777, "10": 0.8333333333333334, "11": 0.7142857142857143, "12": 0.72},
  "recall": 0.6906574394463668,
  "scene_recalls": {"2": 0.6906574394463668},
  "targets_count": 1445,
  "tp_count": 998
}