{
  "gt_count": 1517,
  "mean_obj_recall": 0.0700966507558679,
  "mean_scene_recall": 0.07197231833910035,
  "obj_recalls": {"1": 0.05142857142857143, "5": 0.035175879396984924, "6": 0.06432748538011696, "8": 0.01, "9": 0.011111111111111112, "10": 0.044444444444444446, "11": 0.06428571428571428, "12": 0.28},
  "recall": 0.07197231833910035,
  "scene_recalls": {"2": 0.07197231833910035},
  "targets_count": 1445,
  "tp_count": 104
}