{
  "gt_count": 1517,
  "mean_obj_recall": 0.15369061787634916,
  "mean_scene_recall": 0.15363321799307958,
  "obj_recalls": {"1": 0.19428571428571428, "5": 0.09045226130653267, "6": 0.10526315789473684, "8": 0.085, "9": 0.07777777777777778, "10": 0.1388888888888889, "11": 0.19285714285714287, "12": 0.345},
  "recall": 0.15363321799307958,
  "scene_recalls": {"2": 0.15363321799307958},
  "targets_count": 1445,
  "tp_count": 222
}