{
  "gt_count": 1517,
  "mean_obj_recall": 0.2574981475884015,
  "mean_scene_recall": 0.2560553633217993,
  "obj_recalls": {"1": 0.34285714285714286, "5": 0.1507537688442211, "6": 0.21637426900584794, "8": 0.185, "9": 0.16666666666666666, "10": 0.2833333333333333, "11": 0.3, "12": 0.415},
  "recall": 0.2560553633217993,
  "scene_recalls": {"2": 0.2560553633217993},
  "targets_count": 1445,
  "tp_count": 370
}