{
  "gt_count": 1517,
  "mean_obj_recall": 0.7486026335730449,
  "mean_scene_recall": 0.7467128027681661,
  "obj_recalls": {"1": 0.7428571428571429, "5": 0.5879396984924623, "6": 0.7017543859649122, "8": 0.695, "9": 0.8722222222222222, "10": 0.8833333333333333, "11": 0.7357142857142858, "12": 0.77},
  "recall": 0.7467128027681661,
  "scene_recalls": {"2": 0.7467128027681661},
  "targets_count": 1445,
  "tp_count": 1079
}