{
  "gt_count": 1517,
  "mean_obj_recall": 0.3769406609068735,
  "mean_scene_recall": 0.3737024221453287,
  "obj_recalls": {"1": 0.4514285714285714, "5": 0.25125628140703515, "6": 0.2631578947368421, "8": 0.335, "9": 0.3, "10": 0.46111111111111114, "11": 0.4785714285714286, "12": 0.475},
  "recall": 0.3737024221453287,
  "scene_recalls": {"2": 0.3737024221453287},
  "targets_count": 1445,
  "tp_count": 540
}