{
  "gt_count": 1517,
  "mean_obj_recall": 0.496529895194435,
  "mean_scene_recall": 0.4934256055363322,
  "obj_recalls": {"1": 0.5657142857142857, "5": 0.35175879396984927, "6": 0.3508771929824561, "8": 0.47, "9": 0.45, "10": 0.5888888888888889, "11": 0.6, "12": 0.595},
  "recall": 0.4934256055363322,
  "scene_recalls": {"2": 0.4934256055363322},
  "targets_count": 1445,
  "tp_count": 713
}