{
  "gt_count": 1517,
  "mean_obj_recall": 0.6132724215270169,
  "mean_scene_recall": 0.6096885813148789,
  "obj_recalls": {"1": 0.6457142857142857, "5": 0.4472361809045226, "6": 0.4502923976608187, "8": 0.545, "9": 0.7333333333333333, "10": 0.7388888888888889, "11": 0.6857142857142857, "12": 0.66},
  "recall": 0.6096885813148789,
  "scene_recalls": {"2": 0.6096885813148789},
  "targets_count": 1445,
  "tp_count": 881
}