{
  "bop19_average_recall": 0.4524848201774872,
  "bop19_average_recall_mspd": 0.4842596917328351,
  "bop19_average_recall_mssd": 0.4844620893663397,
  "bop19_average_recall_vsd": 0.38873267943328665,
  "bop19_average_time_per_image": 80.08644907695395
}