{
  "gt_count": 1517,
  "mean_obj_recall": 0.011875,
  "mean_scene_recall": 0.01314878892733564,
  "obj_recalls": {"1": 0.0, "5": 0.0, "6": 0.0, "8": 0.0, "9": 0.0, "10": 0.0, "11": 0.0, "12": 0.095},
  "recall": 0.01314878892733564,
  "scene_recalls": {"2": 0.01314878892733564},
  "targets_count": 1445,
  "tp_count": 19
}