{
  "gt_count": 1517,
  "mean_obj_recall": 0.5047060647850783,
  "mean_scene_recall": 0.501038062283737,
  "obj_recalls": {"1": 0.6742857142857143, "5": 0.35175879396984927, "6": 0.29239766081871343, "8": 0.565, "9": 0.6666666666666666, "10": 0.2111111111111111, "11": 0.6714285714285714, "12": 0.605},
  "recall": 0.501038062283737,
  "scene_recalls": {"2": 0.501038062283737},
  "targets_count": 1445,
  "tp_count": 724
}