{
  "gt_count": 1517,
  "mean_obj_recall": 0.45759296954698303,
  "mean_scene_recall": 0.46089965397923877,
  "obj_recalls": {"1": 0.6628571428571428, "5": 0.35175879396984927, "6": 0.29239766081871343, "8": 0.54, "9": 0.5944444444444444, "10": 0.2, "11": 0.4142857142857143, "12": 0.605},
  "recall": 0.46089965397923877,
  "scene_recalls": {"2": 0.46089965397923877},
  "targets_count": 1445,
  "tp_count": 666
}