{
  "gt_count": 1517,
  "mean_obj_recall": 0.5228247991209178,
  "mean_scene_recall": 0.5176470588235295,
  "obj_recalls": {"1": 0.6914285714285714, "5": 0.35175879396984927, "6": 0.30409356725146197, "8": 0.565, "9": 0.6833333333333333, "10": 0.25555555555555554, "11": 0.7214285714285714, "12": 0.61},
  "recall": 0.5176470588235295,
  "scene_recalls": {"2": 0.5176470588235295},
  "targets_count": 1445,
  "tp_count": 748
}