{
  "gt_count": 1517,
  "mean_obj_recall": 0.39162020944320597,
  "mean_scene_recall": 0.39930795847750866,
  "obj_recalls": {"1": 0.5885714285714285, "5": 0.3417085427135678, "6": 0.2631578947368421, "8": 0.485, "9": 0.42777777777777776, "10": 0.18888888888888888, "11": 0.24285714285714285, "12": 0.595},
  "recall": 0.39930795847750866,
  "scene_recalls": {"2": 0.39930795847750866},
  "targets_count": 1445,
  "tp_count": 577
}