{
  "gt_count": 1517,
  "mean_obj_recall": 0.43791356269652354,
  "mean_scene_recall": 0.44359861591695504,
  "obj_recalls": {"1": 0.6514285714285715, "5": 0.35175879396984927, "6": 0.28654970760233917, "8": 0.53, "9": 0.55, "10": 0.2, "11": 0.32857142857142857, "12": 0.605},
  "recall": 0.44359861591695504,
  "scene_recalls": {"2": 0.44359861591695504},
  "targets_count": 1445,
  "tp_count": 641
}