{
  "gt_count": 1517,
  "mean_obj_recall": 0.11696589935895013,
  "mean_scene_recall": 0.1245674740484429,
  "obj_recalls": {"1": 0.12571428571428572, "5": 0.03015075376884422, "6": 0.08771929824561403, "8": 0.24, "9": 0.0, "10": 0.05, "11": 0.007142857142857143, "12": 0.395},
  "recall": 0.1245674740484429,
  "scene_recalls": {"2": 0.1245674740484429},
  "targets_count": 1445,
  "tp_count": 180
}