{
  "gt_count": 1517,
  "mean_obj_recall": 0.27181538698085245,
  "mean_scene_recall": 0.2816608996539792,
  "obj_recalls": {"1": 0.42857142857142855, "5": 0.27638190954773867, "6": 0.19298245614035087, "8": 0.395, "9": 0.12222222222222222, "10": 0.12222222222222222, "11": 0.10714285714285714, "12": 0.53},
  "recall": 0.2816608996539792,
  "scene_recalls": {"2": 0.2816608996539792},
  "targets_count": 1445,
  "tp_count": 407
}