{
  "gt_count": 1517,
  "mean_obj_recall": 0.4762536838326973,
  "mean_scene_recall": 0.47750865051903113,
  "obj_recalls": {"1": 0.6685714285714286, "5": 0.35175879396984927, "6": 0.29239766081871343, "8": 0.555, "9": 0.6388888888888888, "10": 0.20555555555555555, "11": 0.4928571428571429, "12": 0.605},
  "recall": 0.47750865051903113,
  "scene_recalls": {"2": 0.47750865051903113},
  "targets_count": 1445,
  "tp_count": 690
}