{
  "gt_count": 1517,
  "mean_obj_recall": 0.5173021383022044,
  "mean_scene_recall": 0.5121107266435986,
  "obj_recalls": {"1": 0.6914285714285714, "5": 0.35175879396984927, "6": 0.2982456140350877, "8": 0.565, "9": 0.6777777777777778, "10": 0.22777777777777777, "11": 0.7214285714285714, "12": 0.605},
  "recall": 0.5121107266435986,
  "scene_recalls": {"2": 0.5121107266435986},
  "targets_count": 1445,
  "tp_count": 740
}