{
  "bop19_average_recall": 0.4677716262975779,
  "bop19_average_recall_mspd": 0.5121799307958477,
  "bop19_average_recall_mssd": 0.491764705882353,
  "bop19_average_recall_vsd": 0.3993702422145329,
  "bop19_average_time_per_image": 69.1710237650415
}