{
  "gt_count": 1517,
  "mean_obj_recall": 0.016640559732664997,
  "mean_scene_recall": 0.01660899653979239,
  "obj_recalls": {"1": 0.005714285714285714, "5": 0.0, "6": 0.011695906432748537, "8": 0.02, "9": 0.0, "10": 0.0, "11": 0.03571428571428571, "12": 0.06},
  "recall": 0.01660899653979239,
  "scene_recalls": {"2": 0.01660899653979239},
  "targets_count": 1445,
  "tp_count": 24
}