{
  "gt_count": 1517,
  "mean_obj_recall": 0.05513314536340852,
  "mean_scene_recall": 0.056055363321799306,
  "obj_recalls": {"1": 0.005714285714285714, "5": 0.0, "6": 0.029239766081871343, "8": 0.15, "9": 0.0, "10": 0.011111111111111112, "11": 0.1, "12": 0.145},
  "recall": 0.056055363321799306,
  "scene_recalls": {"2": 0.056055363321799306},
  "targets_count": 1445,
  "tp_count": 81
}