{
  "gt_count": 1517,
  "mean_obj_recall": 0.032656119465329994,
  "mean_scene_recall": 0.03321799307958478,
  "obj_recalls": {"1": 0.005714285714285714, "5": 0.0, "6": 0.023391812865497075, "8": 0.07, "9": 0.0, "10": 0.0, "11": 0.05714285714285714, "12": 0.105},
  "recall": 0.03321799307958478,
  "scene_recalls": {"2": 0.03321799307958478},
  "targets_count": 1445,
  "tp_count": 48
}