{
  "gt_count": 1517,
  "mean_obj_recall": 0.008855994152046784,
  "mean_scene_recall": 0.008996539792387544,
  "obj_recalls": {"1": 0.005714285714285714, "5": 0.0, "6": 0.005847953216374269, "8": 0.005, "9": 0.0, "10": 0.0, "11": 0.014285714285714285, "12": 0.04},
  "recall": 0.008996539792387544,
  "scene_recalls": {"2": 0.008996539792387544},
  "targets_count": 1445,
  "tp_count": 13
}