{
  "gt_count": 1517,
  "mean_obj_recall": 0.07974310776942356,
  "mean_scene_recall": 0.08166089965397924,
  "obj_recalls": {"1": 0.011428571428571429, "5": 0.0, "6": 0.03508771929824561, "8": 0.23, "9": 0.0, "10": 0.05, "11": 0.12142857142857143, "12": 0.19},
  "recall": 0.08166089965397924,
  "scene_recalls": {"2": 0.08166089965397924},
  "targets_count": 1445,
  "tp_count": 118
}