{
  "gt_count": 1517,
  "mean_obj_recall": 0.1448420832231332,
  "mean_scene_recall": 0.14740484429065745,
  "obj_recalls": {"1": 0.18285714285714286, "5": 0.18592964824120603, "6": 0.12280701754385964, "8": 0.105, "9": 0.29444444444444445, "10": 0.05555555555555555, "11": 0.05714285714285714, "12": 0.155},
  "recall": 0.14740484429065745,
  "scene_recalls": {"2": 0.14740484429065745},
  "targets_count": 1445,
  "tp_count": 213
}