{
  "gt_count": 1517,
  "mean_obj_recall": 0.5271658653543406,
  "mean_scene_recall": 0.5307958477508651,
  "obj_recalls": {"1": 0.5657142857142857, "5": 0.6884422110552764, "6": 0.4269005847953216, "8": 0.25, "9": 0.7888888888888889, "10": 0.36666666666666664, "11": 0.4357142857142857, "12": 0.695},
  "recall": 0.5307958477508651,
  "scene_recalls": {"2": 0.5307958477508651},
  "targets_count": 1445,
  "tp_count": 767
}