{
  "gt_count": 1517,
  "mean_obj_recall": 0.47420630460153734,
  "mean_scene_recall": 0.47750865051903113,
  "obj_recalls": {"1": 0.52, "5": 0.6381909547738693, "6": 0.3742690058479532, "8": 0.19, "9": 0.7111111111111111, "10": 0.32222222222222224, "11": 0.39285714285714285, "12": 0.645},
  "recall": 0.47750865051903113,
  "scene_recalls": {"2": 0.47750865051903113},
  "targets_count": 1445,
  "tp_count": 690
}