{
  "gt_count": 1517,
  "mean_obj_recall": 0.41076062486618553,
  "mean_scene_recall": 0.41453287197231836,
  "obj_recalls": {"1": 0.4742857142857143, "5": 0.5829145728643216, "6": 0.3157894736842105, "8": 0.16, "9": 0.6388888888888888, "10": 0.22777777777777777, "11": 0.32142857142857145, "12": 0.565},
  "recall": 0.41453287197231836,
  "scene_recalls": {"2": 0.41453287197231836},
  "targets_count": 1445,
  "tp_count": 599
}