{
  "gt_count": 1517,
  "mean_obj_recall": 0.29571492330071414,
  "mean_scene_recall": 0.30034602076124567,
  "obj_recalls": {"1": 0.32571428571428573, "5": 0.40703517587939697, "6": 0.25146198830409355, "8": 0.13, "9": 0.5222222222222223, "10": 0.15, "11": 0.16428571428571428, "12": 0.415},
  "recall": 0.30034602076124567,
  "scene_recalls": {"2": 0.30034602076124567},
  "targets_count": 1445,
  "tp_count": 434
}