{
  "gt_count": 1517,
  "mean_obj_recall": 0.026483466832911425,
  "mean_scene_recall": 0.02698961937716263,
  "obj_recalls": {"1": 0.05142857142857143, "5": 0.04522613065326633, "6": 0.005847953216374269, "8": 0.025, "9": 0.06111111111111111, "10": 0.011111111111111112, "11": 0.007142857142857143, "12": 0.005},
  "recall": 0.02698961937716263,
  "scene_recalls": {"2": 0.02698961937716263},
  "targets_count": 1445,
  "tp_count": 39
}