{
  "gt_count": 1517,
  "mean_obj_recall": 0.623216993488747,
  "mean_scene_recall": 0.629757785467128,
  "obj_recalls": {"1": 0.6457142857142857, "5": 0.7286432160804021, "6": 0.45614035087719296, "8": 0.62, "9": 0.8055555555555556, "10": 0.46111111111111114, "11": 0.5285714285714286, "12": 0.74},
  "recall": 0.629757785467128,
  "scene_recalls": {"2": 0.629757785467128},
  "targets_count": 1445,
  "tp_count": 910
}