{
  "gt_count": 1517,
  "mean_obj_recall": 0.581143572918897,
  "mean_scene_recall": 0.5854671280276816,
  "obj_recalls": {"1": 0.6114285714285714, "5": 0.7236180904522613, "6": 0.4502923976608187, "8": 0.41, "9": 0.8055555555555556, "10": 0.4111111111111111, "11": 0.5071428571428571, "12": 0.73},
  "recall": 0.5854671280276816,
  "scene_recalls": {"2": 0.5854671280276816},
  "targets_count": 1445,
  "tp_count": 846
}