{
  "gt_count": 1517,
  "mean_obj_recall": 0.4792877844737472,
  "mean_scene_recall": 0.4740484429065744,
  "obj_recalls": {"1": 0.52, "5": 0.32160804020100503, "6": 0.3157894736842105, "8": 0.61, "9": 0.6166666666666667, "10": 0.31666666666666665, "11": 0.6785714285714286, "12": 0.455},
  "recall": 0.4740484429065744,
  "scene_recalls": {"2": 0.4740484429065744},
  "targets_count": 1445,
  "tp_count": 685
}