{
  "gt_count": 1517,
  "mean_obj_recall": 0.4946151654261281,
  "mean_scene_recall": 0.4892733564013841,
  "obj_recalls": {"1": 0.52, "5": 0.32160804020100503, "6": 0.3157894736842105, "8": 0.61, "9": 0.6555555555555556, "10": 0.3611111111111111, "11": 0.6928571428571428, "12": 0.48},
  "recall": 0.4892733564013841,
  "scene_recalls": {"2": 0.4892733564013841},
  "targets_count": 1445,
  "tp_count": 707
}