{
  "gt_count": 1517,
  "mean_obj_recall": 0.45763417127408135,
  "mean_scene_recall": 0.4532871972318339,
  "obj_recalls": {"1": 0.52, "5": 0.32160804020100503, "6": 0.30994152046783624, "8": 0.6, "9": 0.5444444444444444, "10": 0.2722222222222222, "11": 0.6428571428571429, "12": 0.45},
  "recall": 0.4532871972318339,
  "scene_recalls": {"2": 0.4532871972318339},
  "targets_count": 1445,
  "tp_count": 655
}