{
  "gt_count": 1517,
  "mean_obj_recall": 0.365097099427799,
  "mean_scene_recall": 0.36262975778546713,
  "obj_recalls": {"1": 0.44, "5": 0.32160804020100503, "6": 0.28654970760233917, "8": 0.57, "9": 0.16666666666666666, "10": 0.16666666666666666, "11": 0.5642857142857143, "12": 0.405},
  "recall": 0.36262975778546713,
  "scene_recalls": {"2": 0.36262975778546713},
  "targets_count": 1445,
  "tp_count": 524
}