{
  "gt_count": 1517,
  "mean_obj_recall": 0.42714806016297024,
  "mean_scene_recall": 0.4235294117647059,
  "obj_recalls": {"1": 0.5085714285714286, "5": 0.32160804020100503, "6": 0.30994152046783624, "8": 0.595, "9": 0.40555555555555556, "10": 0.2222222222222222, "11": 0.6142857142857143, "12": 0.44},
  "recall": 0.4235294117647059,
  "scene_recalls": {"2": 0.4235294117647059},
  "targets_count": 1445,
  "tp_count": 612
}