{
  "gt_count": 1517,
  "mean_obj_recall": 0.010730994152046784,
  "mean_scene_recall": 0.011764705882352941,
  "obj_recalls": {"1": 0.0, "5": 0.0, "6": 0.005847953216374269, "8": 0.0, "9": 0.0, "10": 0.0, "11": 0.0, "12": 0.08},
  "recall": 0.011764705882352941,
  "scene_recalls": {"2": 0.011764705882352941},
  "targets_count": 1445,
  "tp_count": 17
}