{
  "gt_count": 1517,
  "mean_obj_recall": 0.5023104452924606,
  "mean_scene_recall": 0.49688581314878894,
  "obj_recalls": {"1": 0.5257142857142857, "5": 0.32160804020100503, "6": 0.3216374269005848, "8": 0.61, "9": 0.6666666666666666, "10": 0.4, "11": 0.6928571428571428, "12": 0.48},
  "recall": 0.49688581314878894,
  "scene_recalls": {"2": 0.49688581314878894},
  "targets_count": 1445,
  "tp_count": 718
}