{
  "gt_count": 1517,
  "mean_obj_recall": 0.48754175272771544,
  "mean_scene_recall": 0.4823529411764706,
  "obj_recalls": {"1": 0.52, "5": 0.32160804020100503, "6": 0.3157894736842105, "8": 0.61, "9": 0.6388888888888888, "10": 0.3333333333333333, "11": 0.6857142857142857, "12": 0.475},
  "recall": 0.4823529411764706,
  "scene_recalls": {"2": 0.4823529411764706},
  "targets_count": 1445,
  "tp_count": 697
}