{
  "gt_count": 1517,
  "mean_obj_recall": 0.24999202361011405,
  "mean_scene_recall": 0.2512110726643599,
  "obj_recalls": {"1": 0.2057142857142857, "5": 0.24120603015075376, "6": 0.2222222222222222, "8": 0.485, "9": 0.05, "10": 0.07222222222222222, "11": 0.37857142857142856, "12": 0.345},
  "recall": 0.2512110726643599,
  "scene_recalls": {"2": 0.2512110726643599},
  "targets_count": 1445,
  "tp_count": 363
}