{
  "gt_count": 1517,
  "mean_obj_recall": 0.0949379442114499,
  "mean_scene_recall": 0.09965397923875433,
  "obj_recalls": {"1": 0.017142857142857144, "5": 0.05025125628140704, "6": 0.08187134502923976, "8": 0.265, "9": 0.0, "10": 0.016666666666666666, "11": 0.07857142857142857, "12": 0.25},
  "recall": 0.09965397923875433,
  "scene_recalls": {"2": 0.09965397923875433},
  "targets_count": 1445,
  "tp_count": 144
}