{
  "gt_count": 1517,
  "mean_obj_recall": 0.0326253290260828,
  "mean_scene_recall": 0.033910034602076124,
  "obj_recalls": {"1": 0.0, "5": 0.010050251256281407, "6": 0.0, "8": 0.015, "9": 0.1, "10": 0.016666666666666666, "11": 0.014285714285714285, "12": 0.105},
  "recall": 0.033910034602076124,
  "scene_recalls": {"2": 0.033910034602076124},
  "targets_count": 1445,
  "tp_count": 49
}