{
  "gt_count": 1517,
  "mean_obj_recall": 0.6788326842021302,
  "mean_scene_recall": 0.6768166089965398,
  "obj_recalls": {"1": 0.7657142857142857, "5": 0.45226130653266333, "6": 0.6140350877192983, "8": 0.65, "9": 0.8222222222222222, "10": 0.7, "11": 0.6714285714285714, "12": 0.755},
  "recall": 0.6768166089965398,
  "scene_recalls": {"2": 0.6768166089965398},
  "targets_count": 1445,
  "tp_count": 978
}