{
  "gt_count": 1517,
  "mean_obj_recall": 0.14179682088386797,
  "mean_scene_recall": 0.14463667820069204,
  "obj_recalls": {"1": 0.08571428571428572, "5": 0.09045226130653267, "6": 0.029239766081871343, "8": 0.135, "9": 0.26666666666666666, "10": 0.044444444444444446, "11": 0.14285714285714285, "12": 0.34},
  "recall": 0.14463667820069204,
  "scene_recalls": {"2": 0.14463667820069204},
  "targets_count": 1445,
  "tp_count": 209
}