{
  "gt_count": 1517,
  "mean_obj_recall": 0.5678242691108004,
  "mean_scene_recall": 0.5667820069204152,
  "obj_recalls": {"1": 0.6114285714285714, "5": 0.34673366834170855, "6": 0.391812865497076, "8": 0.625, "9": 0.7555555555555555, "10": 0.5277777777777778, "11": 0.6142857142857143, "12": 0.67},
  "recall": 0.5667820069204152,
  "scene_recalls": {"2": 0.5667820069204152},
  "targets_count": 1445,
  "tp_count": 819
}