{
  "gt_count": 1517,
  "mean_obj_recall": 0.22846980831475674,
  "mean_scene_recall": 0.23044982698961938,
  "obj_recalls": {"1": 0.2, "5": 0.12562814070351758, "6": 0.05847953216374269, "8": 0.27, "9": 0.38333333333333336, "10": 0.08888888888888889, "11": 0.2714285714285714, "12": 0.43},
  "recall": 0.23044982698961938,
  "scene_recalls": {"2": 0.23044982698961938},
  "targets_count": 1445,
  "tp_count": 333
}