{
  "gt_count": 1517,
  "mean_obj_recall": 0.32484104681721054,
  "mean_scene_recall": 0.32664359861591696,
  "obj_recalls": {"1": 0.30857142857142855, "5": 0.19095477386934673, "6": 0.0935672514619883, "8": 0.395, "9": 0.49444444444444446, "10": 0.18333333333333332, "11": 0.39285714285714285, "12": 0.54},
  "recall": 0.32664359861591696,
  "scene_recalls": {"2": 0.32664359861591696},
  "targets_count": 1445,
  "tp_count": 472
}