{
  "gt_count": 1517,
  "mean_obj_recall": 0.4542532446064911,
  "mean_scene_recall": 0.45467128027681664,
  "obj_recalls": {"1": 0.4514285714285714, "5": 0.271356783919598, "6": 0.21052631578947367, "8": 0.545, "9": 0.6277777777777778, "10": 0.37222222222222223, "11": 0.5357142857142857, "12": 0.62},
  "recall": 0.45467128027681664,
  "scene_recalls": {"2": 0.45467128027681664},
  "targets_count": 1445,
  "tp_count": 657
}