{
  "gt_count": 1517,
  "mean_obj_recall": 0.0674530547474213,
  "mean_scene_recall": 0.0698961937716263,
  "obj_recalls": {"1": 0.03428571428571429, "5": 0.03015075376884422, "6": 0.011695906432748537, "8": 0.065, "9": 0.15555555555555556, "10": 0.022222222222222223, "11": 0.03571428571428571, "12": 0.185},
  "recall": 0.0698961937716263,
  "scene_recalls": {"2": 0.0698961937716263},
  "targets_count": 1445,
  "tp_count": 101
}