{
  "gt_count": 1517,
  "mean_obj_recall": 0.34742147978824783,
  "mean_scene_recall": 0.34325259515570933,
  "obj_recalls": {"1": 0.38857142857142857, "5": 0.20603015075376885, "6": 0.2573099415204678, "8": 0.335, "9": 0.26666666666666666, "10": 0.4222222222222222, "11": 0.4785714285714286, "12": 0.425},
  "recall": 0.34325259515570933,
  "scene_recalls": {"2": 0.34325259515570933},
  "targets_count": 1445,
  "tp_count": 496
}