{
  "gt_count": 1517,
  "mean_obj_recall": 0.013945287737769884,
  "mean_scene_recall": 0.01453287197231834,
  "obj_recalls": {"1": 0.0, "5": 0.005025125628140704, "6": 0.011695906432748537, "8": 0.0, "9": 0.0, "10": 0.005555555555555556, "11": 0.014285714285714285, "12": 0.075},
  "recall": 0.01453287197231834,
  "scene_recalls": {"2": 0.01453287197231834},
  "targets_count": 1445,
  "tp_count": 21
}