{
  "gt_count": 1517,
  "mean_obj_recall": 0.6469415057744865,
  "mean_scene_recall": 0.643598615916955,
  "obj_recalls": {"1": 0.6, "5": 0.457286432160804, "6": 0.52046783625731, "8": 0.605, "9": 0.8166666666666667, "10": 0.8111111111111111, "11": 0.7, "12": 0.665},
  "recall": 0.643598615916955,
  "scene_recalls": {"2": 0.643598615916955},
  "targets_count": 1445,
  "tp_count": 930
}