{
  "gt_count": 1517,
  "mean_obj_recall": 0.23884470388702073,
  "mean_scene_recall": 0.2366782006920415,
  "obj_recalls": {"1": 0.32571428571428573, "5": 0.12562814070351758, "6": 0.21052631578947367, "8": 0.185, "9": 0.12777777777777777, "10": 0.2611111111111111, "11": 0.3, "12": 0.375},
  "recall": 0.2366782006920415,
  "scene_recalls": {"2": 0.2366782006920415},
  "targets_count": 1445,
  "tp_count": 342
}