{
  "gt_count": 1517,
  "mean_obj_recall": 0.7066058886747858,
  "mean_scene_recall": 0.7038062283737024,
  "obj_recalls": {"1": 0.6285714285714286, "5": 0.5326633165829145, "6": 0.6608187134502924, "8": 0.675, "9": 0.85, "10": 0.8722222222222222, "11": 0.7285714285714285, "12": 0.705},
  "recall": 0.7038062283737024,
  "scene_recalls": {"2": 0.7038062283737024},
  "targets_count": 1445,
  "tp_count": 1017
}