{
  "gt_count": 1517,
  "mean_obj_recall": 0.1356788589984173,
  "mean_scene_recall": 0.13494809688581316,
  "obj_recalls": {"1": 0.1657142857142857, "5": 0.05025125628140704, "6": 0.08771929824561403, "8": 0.075, "9": 0.05, "10": 0.1388888888888889, "11": 0.19285714285714287, "12": 0.325},
  "recall": 0.13494809688581316,
  "scene_recalls": {"2": 0.13494809688581316},
  "targets_count": 1445,
  "tp_count": 195
}