{
  "gt_count": 1517,
  "mean_obj_recall": 0.46168959878758875,
  "mean_scene_recall": 0.457439446366782,
  "obj_recalls": {"1": 0.5085714285714286, "5": 0.3065326633165829, "6": 0.3333333333333333, "8": 0.47, "9": 0.4, "10": 0.5722222222222222, "11": 0.5928571428571429, "12": 0.51},
  "recall": 0.457439446366782,
  "scene_recalls": {"2": 0.457439446366782},
  "targets_count": 1445,
  "tp_count": 661
}