{
  "gt_count": 1517,
  "mean_obj_recall": 0.5715805741321478,
  "mean_scene_recall": 0.5667820069204152,
  "obj_recalls": {"1": 0.5657142857142857, "5": 0.37185929648241206, "6": 0.4093567251461988, "8": 0.54, "9": 0.6888888888888889, "10": 0.7111111111111111, "11": 0.6857142857142857, "12": 0.6},
  "recall": 0.5667820069204152,
  "scene_recalls": {"2": 0.5667820069204152},
  "targets_count": 1445,
  "tp_count": 819
}