{
  "gt_count": 1517,
  "mean_obj_recall": 0.014801595173024689,
  "mean_scene_recall": 0.01522491349480969,
  "obj_recalls": {"1": 0.05142857142857143, "5": 0.005025125628140704, "6": 0.005847953216374269, "8": 0.0, "9": 0.005555555555555556, "10": 0.005555555555555556, "11": 0.0, "12": 0.045},
  "recall": 0.01522491349480969,
  "scene_recalls": {"2": 0.01522491349480969},
  "targets_count": 1445,
  "tp_count": 22
}