{
  "gt_count": 1517,
  "mean_obj_recall": 0.6088850318845691,
  "mean_scene_recall": 0.6124567474048442,
  "obj_recalls": {"1": 0.76, "5": 0.5376884422110553, "6": 0.5789473684210527, "8": 0.67, "9": 0.8222222222222222, "10": 0.32222222222222224, "11": 0.5, "12": 0.68},
  "recall": 0.6124567474048442,
  "scene_recalls": {"2": 0.6124567474048442},
  "targets_count": 1445,
  "tp_count": 885
}