{
  "gt_count": 1517,
  "mean_obj_recall": 0.31318896067639784,
  "mean_scene_recall": 0.3217993079584775,
  "obj_recalls": {"1": 0.5771428571428572, "5": 0.1658291457286432, "6": 0.3333333333333333, "8": 0.3, "9": 0.45555555555555555, "10": 0.07222222222222222, "11": 0.02142857142857143, "12": 0.58},
  "recall": 0.3217993079584775,
  "scene_recalls": {"2": 0.3217993079584775},
  "targets_count": 1445,
  "tp_count": 465
}