{
  "gt_count": 1517,
  "mean_obj_recall": 0.4696665318027061,
  "mean_scene_recall": 0.4809688581314879,
  "obj_recalls": {"1": 0.6514285714285715, "5": 0.4472361809045226, "6": 0.40350877192982454, "8": 0.61, "9": 0.75, "10": 0.09444444444444444, "11": 0.18571428571428572, "12": 0.615},
  "recall": 0.4809688581314879,
  "scene_recalls": {"2": 0.4809688581314879},
  "targets_count": 1445,
  "tp_count": 695
}