{
  "gt_count": 1517,
  "mean_obj_recall": 0.7162806513771867,
  "mean_scene_recall": 0.7155709342560553,
  "obj_recalls": {"1": 0.8628571428571429, "5": 0.5678391959798995, "6": 0.7719298245614035, "8": 0.685, "9": 0.8888888888888888, "10": 0.49444444444444446, "11": 0.6642857142857143, "12": 0.795},
  "recall": 0.7155709342560553,
  "scene_recalls": {"2": 0.7155709342560553},
  "targets_count": 1445,
  "tp_count": 1034
}