{
  "gt_count": 1517,
  "mean_obj_recall": 0.08168810583829758,
  "mean_scene_recall": 0.08512110726643599,
  "obj_recalls": {"1": 0.10857142857142857, "5": 0.020100502512562814, "6": 0.07602339181286549, "8": 0.055, "9": 0.08888888888888889, "10": 0.027777777777777776, "11": 0.007142857142857143, "12": 0.27},
  "recall": 0.08512110726643599,
  "scene_recalls": {"2": 0.08512110726643599},
  "targets_count": 1445,
  "tp_count": 123
}