{
  "gt_count": 1517,
  "mean_obj_recall": 0.4151441627519385,
  "mean_scene_recall": 0.427681660899654,
  "obj_recalls": {"1": 0.6457142857142857, "5": 0.36683417085427134, "6": 0.36257309941520466, "8": 0.5, "9": 0.7111111111111111, "10": 0.07777777777777778, "11": 0.05714285714285714, "12": 0.6},
  "recall": 0.427681660899654,
  "scene_recalls": {"2": 0.427681660899654},
  "targets_count": 1445,
  "tp_count": 618
}