{
  "gt_count": 1517,
  "mean_obj_recall": 0.7960838995520627,
  "mean_scene_recall": 0.7930795847750866,
  "obj_recalls": {"1": 0.9542857142857143, "5": 0.628140703517588, "6": 0.8947368421052632, "8": 0.695, "9": 0.9388888888888889, "10": 0.6333333333333333, "11": 0.7642857142857142, "12": 0.86},
  "recall": 0.7930795847750866,
  "scene_recalls": {"2": 0.7930795847750866},
  "targets_count": 1445,
  "tp_count": 1146
}