{
  "gt_count": 1517,
  "mean_obj_recall": 0.5263671925836366,
  "mean_scene_recall": 0.5342560553633218,
  "obj_recalls": {"1": 0.6857142857142857, "5": 0.4824120603015075, "6": 0.47368421052631576, "8": 0.65, "9": 0.7888888888888889, "10": 0.16666666666666666, "11": 0.32857142857142857, "12": 0.635},
  "recall": 0.5342560553633218,
  "scene_recalls": {"2": 0.5342560553633218},
  "targets_count": 1445,
  "tp_count": 772
}