{
  "gt_count": 1517,
  "mean_obj_recall": 0.0866938178780284,
  "mean_scene_recall": 0.09204152249134948,
  "obj_recalls": {"1": 0.02857142857142857, "5": 0.0, "6": 0.023391812865497075, "8": 0.19, "9": 0.0, "10": 0.044444444444444446, "11": 0.05714285714285714, "12": 0.35},
  "recall": 0.09204152249134948,
  "scene_recalls": {"2": 0.09204152249134948},
  "targets_count": 1445,
  "tp_count": 133
}