{
  "gt_count": 1517,
  "mean_obj_recall": 0.18160823436312726,
  "mean_scene_recall": 0.18892733564013842,
  "obj_recalls": {"1": 0.09142857142857143, "5": 0.03015075376884422, "6": 0.07017543859649122, "8": 0.37, "9": 0.027777777777777776, "10": 0.18333333333333332, "11": 0.15, "12": 0.53},
  "recall": 0.18892733564013842,
  "scene_recalls": {"2": 0.18892733564013842},
  "targets_count": 1445,
  "tp_count": 273
}