{
  "gt_count": 1517,
  "mean_obj_recall": 0.04549289891395154,
  "mean_scene_recall": 0.04844290657439446,
  "obj_recalls": {"1": 0.005714285714285714, "5": 0.0, "6": 0.005847953216374269, "8": 0.075, "9": 0.0, "10": 0.016666666666666666, "11": 0.03571428571428571, "12": 0.225},
  "recall": 0.04844290657439446,
  "scene_recalls": {"2": 0.04844290657439446},
  "targets_count": 1445,
  "tp_count": 70
}