{
  "gt_count": 1517,
  "mean_obj_recall": 0.22530027696964355,
  "mean_scene_recall": 0.23252595155709344,
  "obj_recalls": {"1": 0.13142857142857142, "5": 0.03015075376884422, "6": 0.12280701754385964, "8": 0.42, "9": 0.03888888888888889, "10": 0.3055555555555556, "11": 0.17857142857142858, "12": 0.575},
  "recall": 0.23252595155709344,
  "scene_recalls": {"2": 0.23252595155709344},
  "targets_count": 1445,
  "tp_count": 336
}