{
  "gt_count": 1517,
  "mean_obj_recall": 0.2897552271591878,
  "mean_scene_recall": 0.2948096885813149,
  "obj_recalls": {"1": 0.18285714285714286, "5": 0.07035175879396985, "6": 0.1871345029239766, "8": 0.475, "9": 0.06666666666666667, "10": 0.3888888888888889, "11": 0.30714285714285716, "12": 0.64},
  "recall": 0.2948096885813149,
  "scene_recalls": {"2": 0.2948096885813149},
  "targets_count": 1445,
  "tp_count": 426
}