{
  "gt_count": 1517,
  "mean_obj_recall": 0.0013194444444444445,
  "mean_scene_recall": 0.001384083044982699,
  "obj_recalls": {"1": 0.0, "5": 0.0, "6": 0.0, "8": 0.0, "9": 0.0, "10": 0.005555555555555556, "11": 0.0, "12": 0.005},
  "recall": 0.001384083044982699,
  "scene_recalls": {"2": 0.001384083044982699},
  "targets_count": 1445,
  "tp_count": 2
}