{
  "gt_count": 1517,
  "mean_obj_recall": 0.1302882441656906,
  "mean_scene_recall": 0.13771626297577855,
  "obj_recalls": {"1": 0.05142857142857143, "5": 0.01507537688442211, "6": 0.03508771929824561, "8": 0.29, "9": 0.005555555555555556, "10": 0.09444444444444444, "11": 0.08571428571428572, "12": 0.465},
  "recall": 0.13771626297577855,
  "scene_recalls": {"2": 0.13771626297577855},
  "targets_count": 1445,
  "tp_count": 199
}