{
  "gt_count": 1517,
  "mean_obj_recall": 0.019907581453634086,
  "mean_scene_recall": 0.021453287197231833,
  "obj_recalls": {"1": 0.005714285714285714, "5": 0.0, "6": 0.005847953216374269, "8": 0.05, "9": 0.0, "10": 0.005555555555555556, "11": 0.007142857142857143, "12": 0.085},
  "recall": 0.021453287197231833,
  "scene_recalls": {"2": 0.021453287197231833},
  "targets_count": 1445,
  "tp_count": 31
}