{
  "gt_count": 1517,
  "mean_obj_recall": 0.30038509957893056,
  "mean_scene_recall": 0.29411764705882354,
  "obj_recalls": {"1": 0.37142857142857144, "5": 0.18090452261306533, "6": 0.25146198830409355, "8": 0.115, "9": 0.21666666666666667, "10": 0.3333333333333333, "11": 0.4642857142857143, "12": 0.47},
  "recall": 0.29411764705882354,
  "scene_recalls": {"2": 0.29411764705882354},
  "targets_count": 1445,
  "tp_count": 425
}