{
  "gt_count": 1517,
  "mean_obj_recall": 0.6812769413063647,
  "mean_scene_recall": 0.6782006920415224,
  "obj_recalls": {"1": 0.6457142857142857, "5": 0.5326633165829145, "6": 0.6081871345029239, "8": 0.615, "9": 0.8388888888888889, "10": 0.7833333333333333, "11": 0.7214285714285714, "12": 0.705},
  "recall": 0.6782006920415224,
  "scene_recalls": {"2": 0.6782006920415224},
  "targets_count": 1445,
  "tp_count": 980
}