{
  "gt_count": 1517,
  "mean_obj_recall": 0.13438969072597742,
  "mean_scene_recall": 0.13356401384083044,
  "obj_recalls": {"1": 0.11428571428571428, "5": 0.04522613065326633, "6": 0.09941520467836257, "8": 0.02, "9": 0.06666666666666667, "10": 0.16666666666666666, "11": 0.19285714285714287, "12": 0.37},
  "recall": 0.13356401384083044,
  "scene_recalls": {"2": 0.13356401384083044},
  "targets_count": 1445,
  "tp_count": 193
}