{
  "gt_count": 1517,
  "mean_obj_recall": 0.5258370407803428,
  "mean_scene_recall": 0.5204152249134948,
  "obj_recalls": {"1": 0.6057142857142858, "5": 0.36683417085427134, "6": 0.42105263157894735, "8": 0.385, "9": 0.6055555555555555, "10": 0.6111111111111112, "11": 0.6214285714285714, "12": 0.59},
  "recall": 0.5204152249134948,
  "scene_recalls": {"2": 0.5204152249134948},
  "targets_count": 1445,
  "tp_count": 752
}