{
  "gt_count": 1517,
  "mean_obj_recall": 0.069243951062749,
  "mean_scene_recall": 0.07058823529411765,
  "obj_recalls": {"1": 0.02857142857142857, "5": 0.005025125628140704, "6": 0.04678362573099415, "8": 0.005, "9": 0.016666666666666666, "10": 0.08333333333333333, "11": 0.07857142857142857, "12": 0.29},
  "recall": 0.07058823529411765,
  "scene_recalls": {"2": 0.07058823529411765},
  "targets_count": 1445,
  "tp_count": 102
}