{
  "gt_count": 1517,
  "mean_obj_recall": 0.21406919990512294,
  "mean_scene_recall": 0.21038062283737025,
  "obj_recalls": {"1": 0.2571428571428571, "5": 0.11055276381909548, "6": 0.18128654970760233, "8": 0.065, "9": 0.12222222222222222, "10": 0.22777777777777777, "11": 0.32857142857142857, "12": 0.42},
  "recall": 0.21038062283737025,
  "scene_recalls": {"2": 0.21038062283737025},
  "targets_count": 1445,
  "tp_count": 304
}