{
  "gt_count": 1517,
  "mean_obj_recall": 0.6161932810459986,
  "mean_scene_recall": 0.6124567474048442,
  "obj_recalls": {"1": 0.6285714285714286, "5": 0.457286432160804, "6": 0.49122807017543857, "8": 0.51, "9": 0.7666666666666667, "10": 0.7222222222222222, "11": 0.6785714285714286, "12": 0.675},
  "recall": 0.6124567474048442,
  "scene_recalls": {"2": 0.6124567474048442},
  "targets_count": 1445,
  "tp_count": 885
}