{
  "gt_count": 1517,
  "mean_obj_recall": 0.3952860427870346,
  "mean_scene_recall": 0.38823529411764707,
  "obj_recalls": {"1": 0.48, "5": 0.27638190954773867, "6": 0.36257309941520466, "8": 0.205, "9": 0.3388888888888889, "10": 0.4444444444444444, "11": 0.55, "12": 0.505},
  "recall": 0.38823529411764707,
  "scene_recalls": {"2": 0.38823529411764707},
  "targets_count": 1445,
  "tp_count": 561
}