{
  "gt_count": 1517,
  "mean_obj_recall": 0.30962560819972884,
  "mean_scene_recall": 0.3107266435986159,
  "obj_recalls": {"1": 0.33714285714285713, "5": 0.32160804020100503, "6": 0.2222222222222222, "8": 0.34, "9": 0.46111111111111114, "10": 0.027777777777777776, "11": 0.35714285714285715, "12": 0.41},
  "recall": 0.3107266435986159,
  "scene_recalls": {"2": 0.3107266435986159},
  "targets_count": 1445,
  "tp_count": 449
}