{
  "gt_count": 1517,
  "mean_obj_recall": 0.09686568021813327,
  "mean_scene_recall": 0.09826989619377163,
  "obj_recalls": {"1": 0.17142857142857143, "5": 0.05025125628140704, "6": 0.07602339181286549, "8": 0.075, "9": 0.17222222222222222, "10": 0.0, "11": 0.05, "12": 0.18},
  "recall": 0.09826989619377163,
  "scene_recalls": {"2": 0.09826989619377163},
  "targets_count": 1445,
  "tp_count": 142
}