{
  "gt_count": 1517,
  "mean_obj_recall": 0.4146633438705642,
  "mean_scene_recall": 0.41314878892733564,
  "obj_recalls": {"1": 0.4857142857142857, "5": 0.4120603015075377, "6": 0.2573099415204678, "8": 0.59, "9": 0.48333333333333334, "10": 0.03888888888888889, "11": 0.6, "12": 0.45},
  "recall": 0.41314878892733564,
  "scene_recalls": {"2": 0.41314878892733564},
  "targets_count": 1445,
  "tp_count": 597
}