{
  "gt_count": 1517,
  "mean_obj_recall": 0.4611154272826119,
  "mean_scene_recall": 0.4581314878892734,
  "obj_recalls": {"1": 0.5714285714285714, "5": 0.4221105527638191, "6": 0.2807017543859649, "8": 0.655, "9": 0.5277777777777778, "10": 0.08333333333333333, "11": 0.6785714285714286, "12": 0.47},
  "recall": 0.4581314878892734,
  "scene_recalls": {"2": 0.4581314878892734},
  "targets_count": 1445,
  "tp_count": 662
}