{
  "gt_count": 1517,
  "mean_obj_recall": 0.4313200899023102,
  "mean_scene_recall": 0.4290657439446367,
  "obj_recalls": {"1": 0.52, "5": 0.4120603015075377, "6": 0.2573099415204678, "8": 0.63, "9": 0.49444444444444446, "10": 0.03888888888888889, "11": 0.6428571428571429, "12": 0.455},
  "recall": 0.4290657439446367,
  "scene_recalls": {"2": 0.4290657439446367},
  "targets_count": 1445,
  "tp_count": 620
}