{
  "gt_count": 1517,
  "mean_obj_recall": 0.21298899730481985,
  "mean_scene_recall": 0.21314878892733563,
  "obj_recalls": {"1": 0.2571428571428571, "5": 0.17587939698492464, "6": 0.18128654970760233, "8": 0.22, "9": 0.3388888888888889, "10": 0.0, "11": 0.2357142857142857, "12": 0.295},
  "recall": 0.21314878892733563,
  "scene_recalls": {"2": 0.21314878892733563},
  "targets_count": 1445,
  "tp_count": 308
}