{
  "gt_count": 1517,
  "mean_obj_recall": 0.3736497861068081,
  "mean_scene_recall": 0.37301038062283737,
  "obj_recalls": {"1": 0.41714285714285715, "5": 0.35678391959798994, "6": 0.25146198830409355, "8": 0.495, "9": 0.48333333333333334, "10": 0.03333333333333333, "11": 0.5071428571428571, "12": 0.445},
  "recall": 0.37301038062283737,
  "scene_recalls": {"2": 0.37301038062283737},
  "targets_count": 1445,
  "tp_count": 539
}