{
  "gt_count": 1517,
  "mean_obj_recall": 0.4816250425057619,
  "mean_scene_recall": 0.4782006920415225,
  "obj_recalls": {"1": 0.6114285714285714, "5": 0.4271356783919598, "6": 0.2982456140350877, "8": 0.655, "9": 0.5555555555555556, "10": 0.12777777777777777, "11": 0.6928571428571428, "12": 0.485},
  "recall": 0.4782006920415225,
  "scene_recalls": {"2": 0.4782006920415225},
  "targets_count": 1445,
  "tp_count": 691
}