{
  "gt_count": 1517,
  "mean_obj_recall": 0.4422228755515254,
  "mean_scene_recall": 0.43944636678200694,
  "obj_recalls": {"1": 0.5371428571428571, "5": 0.41708542713567837, "6": 0.2631578947368421, "8": 0.64, "9": 0.5055555555555555, "10": 0.05555555555555555, "11": 0.6642857142857143, "12": 0.455},
  "recall": 0.43944636678200694,
  "scene_recalls": {"2": 0.43944636678200694},
  "targets_count": 1445,
  "tp_count": 635
}