{
  "bop19_average_recall": 0.3639423298731257,
  "bop19_average_recall_mspd": 0.42643598615916956,
  "bop19_average_recall_mssd": 0.38733564013840827,
  "bop19_average_recall_vsd": 0.2780553633217993,
  "bop19_average_time_per_image": 14.66808979511261
}