{
  "gt_count": 1517,
  "mean_obj_recall": 0.32665477554858674,
  "mean_scene_recall": 0.32110726643598614,
  "obj_recalls": {"1": 0.07428571428571429, "5": 0.07537688442211055, "6": 0.1286549707602339, "8": 0.49, "9": 0.0, "10": 0.6777777777777778, "11": 0.6571428571428571, "12": 0.51},
  "recall": 0.32110726643598614,
  "scene_recalls": {"2": 0.32110726643598614},
  "targets_count": 1445,
  "tp_count": 464
}