{
  "gt_count": 1517,
  "mean_obj_recall": 0.10579997155787291,
  "mean_scene_recall": 0.10311418685121107,
  "obj_recalls": {"1": 0.02857142857142857, "5": 0.035175879396984924, "6": 0.029239766081871343, "8": 0.19, "9": 0.03888888888888889, "10": 0.016666666666666666, "11": 0.29285714285714287, "12": 0.215},
  "recall": 0.10311418685121107,
  "scene_recalls": {"2": 0.10311418685121107},
  "targets_count": 1445,
  "tp_count": 149
}