{
  "gt_count": 1517,
  "mean_obj_recall": 0.01275429728005105,
  "mean_scene_recall": 0.01245674740484429,
  "obj_recalls": {"1": 0.005714285714285714, "5": 0.010050251256281407, "6": 0.0, "8": 0.02, "9": 0.005555555555555556, "10": 0.0, "11": 0.03571428571428571, "12": 0.025},
  "recall": 0.01245674740484429,
  "scene_recalls": {"2": 0.01245674740484429},
  "targets_count": 1445,
  "tp_count": 18
}