{
  "gt_count": 1517,
  "mean_obj_recall": 0.08144478134196463,
  "mean_scene_recall": 0.07889273356401384,
  "obj_recalls": {"1": 0.022857142857142857, "5": 0.01507537688442211, "6": 0.005847953216374269, "8": 0.145, "9": 0.022222222222222223, "10": 0.005555555555555556, "11": 0.25, "12": 0.185},
  "recall": 0.07889273356401384,
  "scene_recalls": {"2": 0.07889273356401384},
  "targets_count": 1445,
  "tp_count": 114
}