{
  "gt_count": 1517,
  "mean_obj_recall": 0.0579130353102186,
  "mean_scene_recall": 0.056055363321799306,
  "obj_recalls": {"1": 0.017142857142857144, "5": 0.01507537688442211, "6": 0.005847953216374269, "8": 0.09, "9": 0.016666666666666666, "10": 0.0, "11": 0.17857142857142858, "12": 0.14},
  "recall": 0.056055363321799306,
  "scene_recalls": {"2": 0.056055363321799306},
  "targets_count": 1445,
  "tp_count": 81
}