{
  "gt_count": 1517,
  "mean_obj_recall": 0.19656047310487273,
  "mean_scene_recall": 0.1958477508650519,
  "obj_recalls": {"1": 0.07428571428571429, "5": 0.20603015075376885, "6": 0.10526315789473684, "8": 0.275, "9": 0.13333333333333333, "10": 0.05, "11": 0.37857142857142856, "12": 0.35},
  "recall": 0.1958477508650519,
  "scene_recalls": {"2": 0.1958477508650519},
  "targets_count": 1445,
  "tp_count": 283
}