{
  "gt_count": 1517,
  "mean_obj_recall": 0.006319444444444445,
  "mean_scene_recall": 0.006228373702422145,
  "obj_recalls": {"1": 0.005714285714285714, "5": 0.0, "6": 0.0, "8": 0.005, "9": 0.005555555555555556, "10": 0.0, "11": 0.014285714285714285, "12": 0.02},
  "recall": 0.006228373702422145,
  "scene_recalls": {"2": 0.006228373702422145},
  "targets_count": 1445,
  "tp_count": 9
}