{
  "gt_count": 1517,
  "mean_obj_recall": 0.03487418032098672,
  "mean_scene_recall": 0.033910034602076124,
  "obj_recalls": {"1": 0.011428571428571429, "5": 0.010050251256281407, "6": 0.005847953216374269, "8": 0.065, "9": 0.016666666666666666, "10": 0.0, "11": 0.1, "12": 0.07},
  "recall": 0.033910034602076124,
  "scene_recalls": {"2": 0.033910034602076124},
  "targets_count": 1445,
  "tp_count": 49
}