{
  "gt_count": 1517,
  "mean_obj_recall": 0.14555049946894036,
  "mean_scene_recall": 0.14325259515570934,
  "obj_recalls": {"1": 0.05142857142857143, "5": 0.10552763819095477, "6": 0.05847953216374269, "8": 0.23, "9": 0.08888888888888889, "10": 0.022222222222222223, "11": 0.34285714285714286, "12": 0.265},
  "recall": 0.14325259515570934,
  "scene_recalls": {"2": 0.14325259515570934},
  "targets_count": 1445,
  "tp_count": 207
}