{
  "gt_count": 6900,
  "mean_obj_recall": 0.49406125023907155,
  "mean_scene_recall": 0.4921275317307557,
  "obj_recalls": {"1": 0.2732166890982503, "2": 0.3197278911564626, "3": 0.4296875, "4": 0.27104377104377103, "5": 0.6157894736842106, "6": 0.5204081632653061, "7": 0.516, "8": 0.6066666666666667, "9": 0.8617886178861789, "10": 0.6293706293706294, "11": 0.29714285714285715, "12": 0.4676258992805755, "13": 0.2357142857142857, "14": 0.11643835616438356, "15": 0.3835616438356164, "16": 0.6382978723404256, "17": 0.815068493150685, "18": 0.7397260273972602, "19": 0.43455497382198954, "20": 0.2375, "21": 0.3657142857142857, "22": 0.30319148936170215, "23": 0.7258064516129032, "24": 0.4270833333333333, "25": 0.4631578947368421, "26": 0.6767676767676768, "27": 0.4166666666666667, "28": 0.6302083333333334, "29": 0.6122448979591837, "30": 0.7916666666666666},
  "recall": 0.4513467227152421,
  "scene_recalls": {"1": 0.5989847715736041, "2": 0.7006802721088435, "3": 0.4366812227074236, "4": 0.7846153846153846, "5": 0.7008196721311475, "6": 0.48717948717948717, "7": 0.520618556701031, "8": 0.4387755102040816, "9": 0.3284671532846715, "10": 0.3819444444444444, "11": 0.6700507614213198, "12": 0.4879725085910653, "13": 0.45429362880886426, "14": 0.42686567164179107, "15": 0.5224913494809689, "16": 0.4186046511627907, "17": 0.38650306748466257, "18": 0.32525951557093424, "19": 0.5411764705882353, "20": 0.230566534914361},
  "targets_count": 6423,
  "tp_count": 2899
}