{
  "gt_count": 6900,
  "mean_obj_recall": 0.13717830505652628,
  "mean_scene_recall": 0.13487477162679412,
  "obj_recalls": {"1": 0.029609690444145357, "2": 0.07256235827664399, "3": 0.0390625, "4": 0.03367003367003367, "5": 0.32105263157894737, "6": 0.12244897959183673, "7": 0.224, "8": 0.30666666666666664, "9": 0.3008130081300813, "10": 0.06293706293706294, "11": 0.0, "12": 0.05755395683453238, "13": 0.03571428571428571, "14": 0.0, "15": 0.03424657534246575, "16": 0.19680851063829788, "17": 0.6301369863013698, "18": 0.3082191780821918, "19": 0.041884816753926704, "20": 0.03333333333333333, "21": 0.045714285714285714, "22": 0.015957446808510637, "23": 0.16532258064516128, "24": 0.046875, "25": 0.021052631578947368, "26": 0.2222222222222222, "27": 0.20833333333333334, "28": 0.203125, "29": 0.20408163265306123, "30": 0.13194444444444445},
  "recall": 0.11489957963568426,
  "scene_recalls": {"1": 0.1065989847715736, "2": 0.3673469387755102, "3": 0.18340611353711792, "4": 0.27692307692307694, "5": 0.14344262295081966, "6": 0.04700854700854701, "7": 0.13144329896907217, "8": 0.05782312925170068, "9": 0.032846715328467155, "10": 0.04513888888888889, "11": 0.3197969543147208, "12": 0.08247422680412371, "13": 0.0997229916897507, "14": 0.07462686567164178, "15": 0.1384083044982699, "16": 0.11886304909560723, "17": 0.09202453987730061, "18": 0.12802768166089964, "19": 0.20941176470588235, "20": 0.04216073781291173},
  "targets_count": 6423,
  "tp_count": 738
}