{
  "gt_count": 6900,
  "mean_obj_recall": 0.5944355766000018,
  "mean_scene_recall": 0.6010966838280318,
  "obj_recalls": {"1": 0.4549125168236878, "2": 0.42630385487528344, "3": 0.578125, "4": 0.4898989898989899, "5": 0.6263157894736842, "6": 0.6224489795918368, "7": 0.528, "8": 0.6333333333333333, "9": 0.8699186991869918, "10": 0.7552447552447552, "11": 0.5657142857142857, "12": 0.5611510791366906, "13": 0.5142857142857142, "14": 0.21232876712328766, "15": 0.6095890410958904, "16": 0.7553191489361702, "17": 0.815068493150685, "18": 0.7876712328767124, "19": 0.5497382198952879, "20": 0.3, "21": 0.45714285714285713, "22": 0.4148936170212766, "23": 0.7701612903225806, "24": 0.6041666666666666, "25": 0.49473684210526314, "26": 0.7272727272727273, "27": 0.4375, "28": 0.6458333333333334, "29": 0.7857142857142857, "30": 0.8402777777777778},
  "recall": 0.5664019928382376,
  "scene_recalls": {"1": 0.7715736040609137, "2": 0.7006802721088435, "3": 0.5065502183406113, "4": 0.8153846153846154, "5": 0.8401639344262295, "6": 0.6965811965811965, "7": 0.7087628865979382, "8": 0.5272108843537415, "9": 0.5164233576642335, "10": 0.4548611111111111, "11": 0.6852791878172588, "12": 0.6391752577319587, "13": 0.5401662049861495, "14": 0.5343283582089552, "15": 0.5363321799307958, "16": 0.5684754521963824, "17": 0.5736196319018405, "18": 0.45674740484429066, "19": 0.64, "20": 0.3096179183135705},
  "targets_count": 6423,
  "tp_count": 3638
}