{
  "gt_count": 6900,
  "mean_obj_recall": 0.34004228814793075,
  "mean_scene_recall": 0.3380327685486274,
  "obj_recalls": {"1": 0.1386271870794078, "2": 0.1927437641723356, "3": 0.21354166666666666, "4": 0.132996632996633, "5": 0.5578947368421052, "6": 0.41836734693877553, "7": 0.448, "8": 0.5266666666666666, "9": 0.7195121951219512, "10": 0.27972027972027974, "11": 0.06857142857142857, "12": 0.26618705035971224, "13": 0.07142857142857142, "14": 0.0410958904109589, "15": 0.19863013698630136, "16": 0.46808510638297873, "17": 0.7876712328767124, "18": 0.6438356164383562, "19": 0.19895287958115182, "20": 0.14583333333333334, "21": 0.18285714285714286, "22": 0.1276595744680851, "23": 0.5080645161290323, "24": 0.2552083333333333, "25": 0.25263157894736843, "26": 0.494949494949495, "27": 0.34375, "28": 0.5104166666666666, "29": 0.47959183673469385, "30": 0.5277777777777778},
  "recall": 0.2998598785614199,
  "scene_recalls": {"1": 0.3248730964467005, "2": 0.6802721088435374, "3": 0.3537117903930131, "4": 0.6205128205128205, "5": 0.4385245901639344, "6": 0.23076923076923078, "7": 0.3170103092783505, "8": 0.24149659863945577, "9": 0.16423357664233576, "10": 0.2048611111111111, "11": 0.5786802030456852, "12": 0.2920962199312715, "13": 0.28254847645429365, "14": 0.2865671641791045, "15": 0.4186851211072664, "16": 0.26098191214470284, "17": 0.254601226993865, "18": 0.25259515570934254, "19": 0.4258823529411765, "20": 0.13175230566534915},
  "targets_count": 6423,
  "tp_count": 1926
}