{
  "gt_count": 6900,
  "mean_obj_recall": 0.5661491927807069,
  "mean_scene_recall": 0.5698151035073289,
  "obj_recalls": {"1": 0.3943472409152086, "2": 0.40816326530612246, "3": 0.5442708333333334, "4": 0.41245791245791247, "5": 0.6157894736842106, "6": 0.5918367346938775, "7": 0.528, "8": 0.6133333333333333, "9": 0.8699186991869918, "10": 0.7552447552447552, "11": 0.45714285714285713, "12": 0.5179856115107914, "13": 0.4142857142857143, "14": 0.17123287671232876, "15": 0.5547945205479452, "16": 0.7180851063829787, "17": 0.815068493150685, "18": 0.7671232876712328, "19": 0.5287958115183246, "20": 0.2833333333333333, "21": 0.42857142857142855, "22": 0.3882978723404255, "23": 0.7580645161290323, "24": 0.5729166666666666, "25": 0.49473684210526314, "26": 0.696969696969697, "27": 0.4375, "28": 0.640625, "29": 0.7653061224489796, "30": 0.8402777777777778},
  "recall": 0.5327728475790129,
  "scene_recalls": {"1": 0.7563451776649747, "2": 0.7006802721088435, "3": 0.47161572052401746, "4": 0.7897435897435897, "5": 0.8155737704918032, "6": 0.6196581196581197, "7": 0.6572164948453608, "8": 0.5136054421768708, "9": 0.4543795620437956, "10": 0.4409722222222222, "11": 0.6852791878172588, "12": 0.6048109965635738, "13": 0.5124653739612188, "14": 0.5044776119402985, "15": 0.5363321799307958, "16": 0.5116279069767442, "17": 0.5061349693251533, "18": 0.4083044982698962, "19": 0.6211764705882353, "20": 0.2859025032938076},
  "targets_count": 6423,
  "tp_count": 3422
}