{
  "gt_count": 1517,
  "mean_obj_recall": 0.7308483284215563,
  "mean_scene_recall": 0.728719723183391,
  "obj_recalls": {"1": 0.68, "5": 0.5728643216080402, "6": 0.695906432748538, "8": 0.685, "9": 0.8611111111111112, "10": 0.8833333333333333, "11": 0.7285714285714285, "12": 0.74},
  "recall": 0.728719723183391,
  "scene_recalls": {"2": 0.728719723183391},
  "targets_count": 1445,
  "tp_count": 1053
}