{
  "gt_count": 1517,
  "mean_obj_recall": 0.0655336572167437,
  "mean_scene_recall": 0.0671280276816609,
  "obj_recalls": {"1": 0.04, "5": 0.020100502512562814, "6": 0.06432748538011696, "8": 0.01, "9": 0.011111111111111112, "10": 0.044444444444444446, "11": 0.06428571428571428, "12": 0.27},
  "recall": 0.0671280276816609,
  "scene_recalls": {"2": 0.0671280276816609},
  "targets_count": 1445,
  "tp_count": 97
}