{
  "gt_count": 1517,
  "mean_obj_recall": 0.2515358381296625,
  "mean_scene_recall": 0.24982698961937716,
  "obj_recalls": {"1": 0.33714285714285713, "5": 0.1457286432160804, "6": 0.21052631578947367, "8": 0.185, "9": 0.15555555555555556, "10": 0.2833333333333333, "11": 0.3, "12": 0.395},
  "recall": 0.24982698961937716,
  "scene_recalls": {"2": 0.24982698961937716},
  "targets_count": 1445,
  "tp_count": 361
}