{
  "gt_count": 1517,
  "mean_obj_recall": 0.6730746569102823,
  "mean_scene_recall": 0.6705882352941176,
  "obj_recalls": {"1": 0.6228571428571429, "5": 0.5276381909547738, "6": 0.5614035087719298, "8": 0.62, "9": 0.8222222222222222, "10": 0.8333333333333334, "11": 0.7071428571428572, "12": 0.69},
  "recall": 0.6705882352941176,
  "scene_recalls": {"2": 0.6705882352941176},
  "targets_count": 1445,
  "tp_count": 969
}