{
  "gt_count": 1517,
  "mean_obj_recall": 0.5931705493843487,
  "mean_scene_recall": 0.5889273356401384,
  "obj_recalls": {"1": 0.5942857142857143, "5": 0.4120603015075377, "6": 0.4327485380116959, "8": 0.545, "9": 0.7166666666666667, "10": 0.7388888888888889, "11": 0.6857142857142857, "12": 0.62},
  "recall": 0.5889273356401384,
  "scene_recalls": {"2": 0.5889273356401384},
  "targets_count": 1445,
  "tp_count": 851
}