{
  "gt_count": 1517,
  "mean_obj_recall": 0.47880585047207636,
  "mean_scene_recall": 0.47474048442906575,
  "obj_recalls": {"1": 0.5542857142857143, "5": 0.32160804020100503, "6": 0.34502923976608185, "8": 0.47, "9": 0.4388888888888889, "10": 0.5777777777777777, "11": 0.5928571428571429, "12": 0.53},
  "recall": 0.47474048442906575,
  "scene_recalls": {"2": 0.47474048442906575},
  "targets_count": 1445,
  "tp_count": 686
}