{
  "gt_count": 1517,
  "mean_obj_recall": 0.36081698698169207,
  "mean_scene_recall": 0.3570934256055363,
  "obj_recalls": {"1": 0.4114285714285714, "5": 0.23115577889447236, "6": 0.2631578947368421, "8": 0.335, "9": 0.2777777777777778, "10": 0.4444444444444444, "11": 0.4785714285714286, "12": 0.445},
  "recall": 0.3570934256055363,
  "scene_recalls": {"2": 0.3570934256055363},
  "targets_count": 1445,
  "tp_count": 516
}