{
  "gt_count": 1517,
  "mean_obj_recall": 0.1431924424755356,
  "mean_scene_recall": 0.14256055363321798,
  "obj_recalls": {"1": 0.17714285714285713, "5": 0.05527638190954774, "6": 0.10526315789473684, "8": 0.08, "9": 0.06111111111111111, "10": 0.1388888888888889, "11": 0.19285714285714287, "12": 0.335},
  "recall": 0.14256055363321798,
  "scene_recalls": {"2": 0.14256055363321798},
  "targets_count": 1445,
  "tp_count": 206
}