{
  "gt_count": 1517,
  "mean_obj_recall": 0.27123355919111014,
  "mean_scene_recall": 0.2726643598615917,
  "obj_recalls": {"1": 0.17142857142857143, "5": 0.1708542713567839, "6": 0.08187134502923976, "8": 0.375, "9": 0.43333333333333335, "10": 0.06666666666666667, "11": 0.38571428571428573, "12": 0.485},
  "recall": 0.2726643598615917,
  "scene_recalls": {"2": 0.2726643598615917},
  "targets_count": 1445,
  "tp_count": 394
}