{
  "gt_count": 1517,
  "mean_obj_recall": 0.052102683950244116,
  "mean_scene_recall": 0.05397923875432526,
  "obj_recalls": {"1": 0.005714285714285714, "5": 0.020100502512562814, "6": 0.005847953216374269, "8": 0.04, "9": 0.13333333333333333, "10": 0.011111111111111112, "11": 0.03571428571428571, "12": 0.165},
  "recall": 0.05397923875432526,
  "scene_recalls": {"2": 0.05397923875432526},
  "targets_count": 1445,
  "tp_count": 78
}