{
  "gt_count": 1517,
  "mean_obj_recall": 0.19328442546903274,
  "mean_scene_recall": 0.19515570934256055,
  "obj_recalls": {"1": 0.09142857142857143, "5": 0.11055276381909548, "6": 0.03508771929824561, "8": 0.26, "9": 0.34444444444444444, "10": 0.03333333333333333, "11": 0.2714285714285714, "12": 0.4},
  "recall": 0.19515570934256055,
  "scene_recalls": {"2": 0.19515570934256055},
  "targets_count": 1445,
  "tp_count": 282
}