{
  "gt_count": 1517,
  "mean_obj_recall": 0.021924603174603173,
  "mean_scene_recall": 0.022837370242214532,
  "obj_recalls": {"1": 0.0, "5": 0.0, "6": 0.0, "8": 0.015, "9": 0.05555555555555555, "10": 0.005555555555555556, "11": 0.014285714285714285, "12": 0.085},
  "recall": 0.022837370242214532,
  "scene_recalls": {"2": 0.022837370242214532},
  "targets_count": 1445,
  "tp_count": 33
}