{
  "gt_count": 1517,
  "mean_obj_recall": 0.44254949822210465,
  "mean_scene_recall": 0.4422145328719723,
  "obj_recalls": {"1": 0.3485714285714286, "5": 0.2663316582914573, "6": 0.29239766081871343, "8": 0.62, "9": 0.5833333333333334, "10": 0.2833333333333333, "11": 0.5714285714285714, "12": 0.575},
  "recall": 0.4422145328719723,
  "scene_recalls": {"2": 0.4422145328719723},
  "targets_count": 1445,
  "tp_count": 639
}