{
  "gt_count": 1517,
  "mean_obj_recall": 0.528996961100406,
  "mean_scene_recall": 0.5273356401384083,
  "obj_recalls": {"1": 0.4742857142857143, "5": 0.32663316582914576, "6": 0.43859649122807015, "8": 0.645, "9": 0.6166666666666667, "10": 0.4722222222222222, "11": 0.6285714285714286, "12": 0.63},
  "recall": 0.5273356401384083,
  "scene_recalls": {"2": 0.5273356401384083},
  "targets_count": 1445,
  "tp_count": 762
}