{
  "gt_count": 1517,
  "mean_obj_recall": 0.12160881947330637,
  "mean_scene_recall": 0.12387543252595155,
  "obj_recalls": {"1": 0.045714285714285714, "5": 0.07035175879396985, "6": 0.023391812865497075, "8": 0.13, "9": 0.23333333333333334, "10": 0.022222222222222223, "11": 0.14285714285714285, "12": 0.305},
  "recall": 0.12387543252595155,
  "scene_recalls": {"2": 0.12387543252595155},
  "targets_count": 1445,
  "tp_count": 179
}