{
  "gt_count": 1517,
  "mean_obj_recall": 0.35669414847839864,
  "mean_scene_recall": 0.356401384083045,
  "obj_recalls": {"1": 0.2742857142857143, "5": 0.21105527638190955, "6": 0.15789473684210525, "8": 0.53, "9": 0.5, "10": 0.1388888888888889, "11": 0.5214285714285715, "12": 0.52},
  "recall": 0.356401384083045,
  "scene_recalls": {"2": 0.356401384083045},
  "targets_count": 1445,
  "tp_count": 515
}