{
  "gt_count": 1517,
  "mean_obj_recall": 0.1500566979635017,
  "mean_scene_recall": 0.15294117647058825,
  "obj_recalls": {"1": 0.18285714285714286, "5": 0.19597989949748743, "6": 0.12280701754385964, "8": 0.105, "9": 0.3111111111111111, "10": 0.05555555555555555, "11": 0.05714285714285714, "12": 0.17},
  "recall": 0.15294117647058825,
  "scene_recalls": {"2": 0.15294117647058825},
  "targets_count": 1445,
  "tp_count": 221
}