{
  "gt_count": 1517,
  "mean_obj_recall": 0.47822102891231427,
  "mean_scene_recall": 0.48166089965397924,
  "obj_recalls": {"1": 0.5257142857142857, "5": 0.6381909547738693, "6": 0.38011695906432746, "8": 0.2, "9": 0.7166666666666667, "10": 0.32222222222222224, "11": 0.39285714285714285, "12": 0.65},
  "recall": 0.48166089965397924,
  "scene_recalls": {"2": 0.48166089965397924},
  "targets_count": 1445,
  "tp_count": 696
}