{
  "gt_count": 1517,
  "mean_obj_recall": 0.6071753268220803,
  "mean_scene_recall": 0.6124567474048442,
  "obj_recalls": {"1": 0.6457142857142857, "5": 0.7286432160804021, "6": 0.45614035087719296, "8": 0.53, "9": 0.8055555555555556, "10": 0.42777777777777776, "11": 0.5285714285714286, "12": 0.735},
  "recall": 0.6124567474048442,
  "scene_recalls": {"2": 0.6124567474048442},
  "targets_count": 1445,
  "tp_count": 885
}