{
  "gt_count": 1517,
  "mean_obj_recall": 0.4158363507176652,
  "mean_scene_recall": 0.42006920415224913,
  "obj_recalls": {"1": 0.4742857142857143, "5": 0.592964824120603, "6": 0.3157894736842105, "8": 0.16, "9": 0.6444444444444445, "10": 0.22777777777777777, "11": 0.32142857142857145, "12": 0.59},
  "recall": 0.42006920415224913,
  "scene_recalls": {"2": 0.42006920415224913},
  "targets_count": 1445,
  "tp_count": 607
}