{
  "gt_count": 1517,
  "mean_obj_recall": 0.302801397337565,
  "mean_scene_recall": 0.3079584775086505,
  "obj_recalls": {"1": 0.32571428571428573, "5": 0.4120603015075377, "6": 0.25146198830409355, "8": 0.135, "9": 0.5388888888888889, "10": 0.15, "11": 0.16428571428571428, "12": 0.445},
  "recall": 0.3079584775086505,
  "scene_recalls": {"2": 0.3079584775086505},
  "targets_count": 1445,
  "tp_count": 445
}