{
  "gt_count": 1517,
  "mean_obj_recall": 0.5597249142538088,
  "mean_scene_recall": 0.5633217993079584,
  "obj_recalls": {"1": 0.6057142857142858, "5": 0.7185929648241206, "6": 0.4444444444444444, "8": 0.325, "9": 0.8, "10": 0.38333333333333336, "11": 0.4857142857142857, "12": 0.715},
  "recall": 0.5633217993079584,
  "scene_recalls": {"2": 0.5633217993079584},
  "targets_count": 1445,
  "tp_count": 814
}