{
  "gt_count": 1517,
  "mean_obj_recall": 0.675396431824956,
  "mean_scene_recall": 0.6837370242214533,
  "obj_recalls": {"1": 0.6685714285714286, "5": 0.7487437185929648, "6": 0.5964912280701754, "8": 0.585, "9": 0.8055555555555556, "10": 0.7166666666666667, "11": 0.45714285714285713, "12": 0.825},
  "recall": 0.6837370242214533,
  "scene_recalls": {"2": 0.6837370242214533},
  "targets_count": 1445,
  "tp_count": 988
}