{
  "gt_count": 1517,
  "mean_obj_recall": 0.30549110160241477,
  "mean_scene_recall": 0.31418685121107265,
  "obj_recalls": {"1": 0.3485714285714286, "5": 0.18592964824120603, "6": 0.15204678362573099, "8": 0.295, "9": 0.3333333333333333, "10": 0.3333333333333333, "11": 0.1357142857142857, "12": 0.66},
  "recall": 0.31418685121107265,
  "scene_recalls": {"2": 0.31418685121107265},
  "targets_count": 1445,
  "tp_count": 454
}