{
  "gt_count": 1517,
  "mean_obj_recall": 0.18262441069172092,
  "mean_scene_recall": 0.1903114186851211,
  "obj_recalls": {"1": 0.19428571428571428, "5": 0.09045226130653267, "6": 0.05847953216374269, "8": 0.16, "9": 0.17777777777777778, "10": 0.2, "11": 0.05, "12": 0.53},
  "recall": 0.1903114186851211,
  "scene_recalls": {"2": 0.1903114186851211},
  "targets_count": 1445,
  "tp_count": 275
}