{
  "gt_count": 1517,
  "mean_obj_recall": 0.7542515391283904,
  "mean_scene_recall": 0.7612456747404844,
  "obj_recalls": {"1": 0.7657142857142857, "5": 0.8492462311557789, "6": 0.6842105263157895, "8": 0.65, "9": 0.8388888888888889, "10": 0.8166666666666667, "11": 0.5642857142857143, "12": 0.865},
  "recall": 0.7612456747404844,
  "scene_recalls": {"2": 0.7612456747404844},
  "targets_count": 1445,
  "tp_count": 1100
}