{
  "gt_count": 1517,
  "mean_obj_recall": 0.5708583198994135,
  "mean_scene_recall": 0.582006920415225,
  "obj_recalls": {"1": 0.5942857142857143, "5": 0.6180904522613065, "6": 0.4152046783625731, "8": 0.52, "9": 0.7222222222222222, "10": 0.5777777777777777, "11": 0.3142857142857143, "12": 0.805},
  "recall": 0.582006920415225,
  "scene_recalls": {"2": 0.582006920415225},
  "targets_count": 1445,
  "tp_count": 841
}