{
  "gt_count": 1517,
  "mean_obj_recall": 0.43649805260639035,
  "mean_scene_recall": 0.4470588235294118,
  "obj_recalls": {"1": 0.49142857142857144, "5": 0.35678391959798994, "6": 0.28654970760233917, "8": 0.425, "9": 0.5055555555555555, "10": 0.4666666666666667, "11": 0.2, "12": 0.76},
  "recall": 0.4470588235294118,
  "scene_recalls": {"2": 0.4470588235294118},
  "targets_count": 1445,
  "tp_count": 646
}