{
  "gt_count": 1517,
  "mean_obj_recall": 0.07800183824301121,
  "mean_scene_recall": 0.08235294117647059,
  "obj_recalls": {"1": 0.09142857142857143, "5": 0.04020100502512563, "6": 0.017543859649122806, "8": 0.08, "9": 0.07222222222222222, "10": 0.03333333333333333, "11": 0.014285714285714285, "12": 0.275},
  "recall": 0.08235294117647059,
  "scene_recalls": {"2": 0.08235294117647059},
  "targets_count": 1445,
  "tp_count": 119
}