{
  "gt_count": 1517,
  "mean_obj_recall": 0.26285321763369895,
  "mean_scene_recall": 0.2512110726643599,
  "obj_recalls": {"1": 0.04, "5": 0.16080402010050251, "6": 0.04678362573099415, "8": 0.315, "9": 0.03888888888888889, "10": 0.5277777777777778, "11": 0.7285714285714285, "12": 0.245},
  "recall": 0.2512110726643599,
  "scene_recalls": {"2": 0.2512110726643599},
  "targets_count": 1445,
  "tp_count": 363
}