{
  "gt_count": 1517,
  "mean_obj_recall": 0.018125,
  "mean_scene_recall": 0.01730103806228374,
  "obj_recalls": {"1": 0.005714285714285714, "5": 0.0, "6": 0.0, "8": 0.01, "9": 0.0, "10": 0.0, "11": 0.06428571428571428, "12": 0.065},
  "recall": 0.01730103806228374,
  "scene_recalls": {"2": 0.01730103806228374},
  "targets_count": 1445,
  "tp_count": 25
}