{
  "gt_count": 1517,
  "mean_obj_recall": 0.039755132701939096,
  "mean_scene_recall": 0.03806228373702422,
  "obj_recalls": {"1": 0.011428571428571429, "5": 0.010050251256281407, "6": 0.005847953216374269, "8": 0.03, "9": 0.0, "10": 0.0, "11": 0.1357142857142857, "12": 0.125},
  "recall": 0.03806228373702422,
  "scene_recalls": {"2": 0.03806228373702422},
  "targets_count": 1445,
  "tp_count": 55
}