{
  "gt_count": 1517,
  "mean_obj_recall": 0.05288327340545669,
  "mean_scene_recall": 0.05051903114186851,
  "obj_recalls": {"1": 0.011428571428571429, "5": 0.01507537688442211, "6": 0.005847953216374269, "8": 0.06, "9": 0.0, "10": 0.0, "11": 0.18571428571428572, "12": 0.145},
  "recall": 0.05051903114186851,
  "scene_recalls": {"2": 0.05051903114186851},
  "targets_count": 1445,
  "tp_count": 73
}