{
  "gt_count": 1517,
  "mean_obj_recall": 0.010089285714285716,
  "mean_scene_recall": 0.008996539792387544,
  "obj_recalls": {"1": 0.005714285714285714, "5": 0.0, "6": 0.0, "8": 0.005, "9": 0.0, "10": 0.0, "11": 0.05, "12": 0.02},
  "recall": 0.008996539792387544,
  "scene_recalls": {"2": 0.008996539792387544},
  "targets_count": 1445,
  "tp_count": 13
}