{
  "gt_count": 1517,
  "mean_obj_recall": 0.005267857142857143,
  "mean_scene_recall": 0.004844290657439446,
  "obj_recalls": {"1": 0.005714285714285714, "5": 0.0, "6": 0.0, "8": 0.0, "9": 0.0, "10": 0.0, "11": 0.02142857142857143, "12": 0.015},
  "recall": 0.004844290657439446,
  "scene_recalls": {"2": 0.004844290657439446},
  "targets_count": 1445,
  "tp_count": 7
}