{
  "gt_count": 1517,
  "mean_obj_recall": 0.029659565580618212,
  "mean_scene_recall": 0.02837370242214533,
  "obj_recalls": {"1": 0.011428571428571429, "5": 0.0, "6": 0.005847953216374269, "8": 0.015, "9": 0.0, "10": 0.0, "11": 0.1, "12": 0.105},
  "recall": 0.02837370242214533,
  "scene_recalls": {"2": 0.02837370242214533},
  "targets_count": 1445,
  "tp_count": 41
}