{
  "gt_count": 6900,
  "mean_obj_recall": 0.007497802802068371,
  "mean_scene_recall": 0.007437327944649787,
  "obj_recalls": {"1": 0.0, "2": 0.0022675736961451248, "3": 0.0, "4": 0.003367003367003367, "5": 0.042105263157894736, "6": 0.0, "7": 0.004, "8": 0.04666666666666667, "9": 0.0040650406504065045, "10": 0.0, "11": 0.0, "12": 0.0, "13": 0.0, "14": 0.0, "15": 0.00684931506849315, "16": 0.005319148936170213, "17": 0.04794520547945205, "18": 0.00684931506849315, "19": 0.0, "20": 0.0, "21": 0.0, "22": 0.0, "23": 0.012096774193548387, "24": 0.005208333333333333, "25": 0.0, "26": 0.0, "27": 0.03125, "28": 0.0, "29": 0.0, "30": 0.006944444444444444},
  "recall": 0.005916238517826561,
  "scene_recalls": {"1": 0.0, "2": 0.02040816326530612, "3": 0.03056768558951965, "4": 0.020512820512820513, "5": 0.020491803278688523, "6": 0.004273504273504274, "7": 0.002577319587628866, "8": 0.003401360544217687, "9": 0.0, "10": 0.003472222222222222, "11": 0.005076142131979695, "12": 0.003436426116838488, "13": 0.0, "14": 0.005970149253731343, "15": 0.0034602076124567475, "16": 0.00516795865633075, "17": 0.0, "18": 0.0034602076124567475, "19": 0.01647058823529412, "20": 0.0},
  "targets_count": 6423,
  "tp_count": 38
}