{
  "gt_count": 6900,
  "mean_obj_recall": 0.5516201385444804,
  "mean_scene_recall": 0.5571718569343823,
  "obj_recalls": {"1": 0.38896366083445494, "2": 0.3900226757369615, "3": 0.5026041666666666, "4": 0.43434343434343436, "5": 0.6157894736842106, "6": 0.5918367346938775, "7": 0.528, "8": 0.62, "9": 0.8658536585365854, "10": 0.7342657342657343, "11": 0.4057142857142857, "12": 0.5179856115107914, "13": 0.35, "14": 0.1643835616438356, "15": 0.541095890410959, "16": 0.648936170212766, "17": 0.815068493150685, "18": 0.773972602739726, "19": 0.5235602094240838, "20": 0.2625, "21": 0.41714285714285715, "22": 0.3882978723404255, "23": 0.7620967741935484, "24": 0.5104166666666666, "25": 0.4631578947368421, "26": 0.6868686868686869, "27": 0.4270833333333333, "28": 0.6302083333333334, "29": 0.7551020408163265, "30": 0.8333333333333334},
  "recall": 0.5204732990814261,
  "scene_recalls": {"1": 0.7258883248730964, "2": 0.7006802721088435, "3": 0.4672489082969432, "4": 0.7846153846153846, "5": 0.8155737704918032, "6": 0.594017094017094, "7": 0.6005154639175257, "8": 0.48639455782312924, "9": 0.4543795620437956, "10": 0.4409722222222222, "11": 0.6802030456852792, "12": 0.5532646048109966, "13": 0.49584487534626037, "14": 0.49850746268656715, "15": 0.5363321799307958, "16": 0.5090439276485789, "17": 0.5184049079754601, "18": 0.41522491349480967, "19": 0.5764705882352941, "20": 0.2898550724637681},
  "targets_count": 6423,
  "tp_count": 3343
}