{
  "gt_count": 6900,
  "mean_obj_recall": 0.5841921649935655,
  "mean_scene_recall": 0.5913229542327388,
  "obj_recalls": {"1": 0.44414535666218036, "2": 0.41496598639455784, "3": 0.546875, "4": 0.48653198653198654, "5": 0.6263157894736842, "6": 0.6122448979591837, "7": 0.528, "8": 0.64, "9": 0.8658536585365854, "10": 0.7552447552447552, "11": 0.5314285714285715, "12": 0.5611510791366906, "13": 0.4642857142857143, "14": 0.2054794520547945, "15": 0.589041095890411, "16": 0.6861702127659575, "17": 0.815068493150685, "18": 0.7945205479452054, "19": 0.5445026178010471, "20": 0.2833333333333333, "21": 0.45714285714285713, "22": 0.42021276595744683, "23": 0.7701612903225806, "24": 0.5677083333333334, "25": 0.47368421052631576, "26": 0.7171717171717171, "27": 0.4375, "28": 0.640625, "29": 0.8061224489795918, "30": 0.8402777777777778},
  "recall": 0.5555036587264518,
  "scene_recalls": {"1": 0.7715736040609137, "2": 0.7006802721088435, "3": 0.5065502183406113, "4": 0.8102564102564103, "5": 0.8401639344262295, "6": 0.6752136752136753, "7": 0.6778350515463918, "8": 0.5136054421768708, "9": 0.5109489051094891, "10": 0.4513888888888889, "11": 0.6852791878172588, "12": 0.5979381443298969, "13": 0.5318559556786704, "14": 0.5253731343283582, "15": 0.5363321799307958, "16": 0.5581395348837209, "17": 0.5644171779141104, "18": 0.45674740484429066, "19": 0.611764705882353, "20": 0.30039525691699603},
  "targets_count": 6423,
  "tp_count": 3568
}