{
  "gt_count": 6900,
  "mean_obj_recall": 0.08988949323183525,
  "mean_scene_recall": 0.08522894968573427,
  "obj_recalls": {"1": 0.016150740242261104, "2": 0.04308390022675737, "3": 0.018229166666666668, "4": 0.02356902356902357, "5": 0.24736842105263157, "6": 0.07142857142857142, "7": 0.104, "8": 0.21333333333333335, "9": 0.13821138211382114, "10": 0.03496503496503497, "11": 0.0, "12": 0.02158273381294964, "13": 0.014285714285714285, "14": 0.0, "15": 0.0273972602739726, "16": 0.12234042553191489, "17": 0.4931506849315068, "18": 0.13013698630136986, "19": 0.005235602094240838, "20": 0.025, "21": 0.017142857142857144, "22": 0.0, "23": 0.12096774193548387, "24": 0.041666666666666664, "25": 0.010526315789473684, "26": 0.12121212121212122, "27": 0.19791666666666666, "28": 0.1875, "29": 0.15306122448979592, "30": 0.09722222222222222},
  "recall": 0.0733302195235871,
  "scene_recalls": {"1": 0.05583756345177665, "2": 0.22448979591836735, "3": 0.11790393013100436, "4": 0.2153846153846154, "5": 0.11885245901639344, "6": 0.029914529914529916, "7": 0.07216494845360824, "8": 0.023809523809523808, "9": 0.014598540145985401, "10": 0.024305555555555556, "11": 0.15736040609137056, "12": 0.037800687285223365, "13": 0.08310249307479224, "14": 0.050746268656716415, "15": 0.11072664359861592, "16": 0.06976744186046512, "17": 0.05214723926380368, "18": 0.05536332179930796, "19": 0.16, "20": 0.030303030303030304},
  "targets_count": 6423,
  "tp_count": 471
}