{
  "gt_count": 6900,
  "mean_obj_recall": 0.6025180480869452,
  "mean_scene_recall": 0.6095405596537407,
  "obj_recalls": {"1": 0.46029609690444145, "2": 0.42857142857142855, "3": 0.5651041666666666, "4": 0.5218855218855218, "5": 0.6263157894736842, "6": 0.6326530612244898, "7": 0.528, "8": 0.6733333333333333, "9": 0.8821138211382114, "10": 0.7552447552447552, "11": 0.6, "12": 0.5683453237410072, "13": 0.5285714285714286, "14": 0.2191780821917808, "15": 0.6095890410958904, "16": 0.7393617021276596, "17": 0.815068493150685, "18": 0.7945205479452054, "19": 0.5654450261780105, "20": 0.30833333333333335, "21": 0.4742857142857143, "22": 0.425531914893617, "23": 0.782258064516129, "24": 0.5989583333333334, "25": 0.49473684210526314, "26": 0.7272727272727273, "27": 0.4375, "28": 0.6666666666666666, "29": 0.8061224489795918, "30": 0.8402777777777778},
  "recall": 0.5749649696403549,
  "scene_recalls": {"1": 0.7817258883248731, "2": 0.7006802721088435, "3": 0.5283842794759825, "4": 0.8256410256410256, "5": 0.8401639344262295, "6": 0.717948717948718, "7": 0.7087628865979382, "8": 0.5340136054421769, "9": 0.531021897810219, "10": 0.4652777777777778, "11": 0.6852791878172588, "12": 0.6219931271477663, "13": 0.5595567867036011, "14": 0.5402985074626866, "15": 0.5363321799307958, "16": 0.58656330749354, "17": 0.598159509202454, "18": 0.47750865051903113, "19": 0.6352941176470588, "20": 0.31620553359683795},
  "targets_count": 6423,
  "tp_count": 3693
}