{
  "gt_count": 6900,
  "mean_obj_recall": 0.25062878989941073,
  "mean_scene_recall": 0.24974691708009863,
  "obj_recalls": {"1": 0.07267833109017496, "2": 0.12698412698412698, "3": 0.10416666666666667, "4": 0.09595959595959595, "5": 0.5052631578947369, "6": 0.25510204081632654, "7": 0.356, "8": 0.4866666666666667, "9": 0.5, "10": 0.18181818181818182, "11": 0.011428571428571429, "12": 0.17266187050359713, "13": 0.04285714285714286, "14": 0.02054794520547945, "15": 0.15753424657534246, "16": 0.31382978723404253, "17": 0.6712328767123288, "18": 0.3767123287671233, "19": 0.09947643979057591, "20": 0.0875, "21": 0.12, "22": 0.05319148936170213, "23": 0.43951612903225806, "24": 0.21875, "25": 0.10526315789473684, "26": 0.29292929292929293, "27": 0.34375, "28": 0.46875, "29": 0.42857142857142855, "30": 0.4097222222222222},
  "recall": 0.21703253931184804,
  "scene_recalls": {"1": 0.20304568527918782, "2": 0.5714285714285714, "3": 0.2663755458515284, "4": 0.5692307692307692, "5": 0.3360655737704918, "6": 0.13247863247863248, "7": 0.20618556701030927, "8": 0.1598639455782313, "9": 0.09854014598540146, "10": 0.1388888888888889, "11": 0.45685279187817257, "12": 0.15807560137457044, "13": 0.22437673130193905, "14": 0.22388059701492538, "15": 0.328719723183391, "16": 0.18863049095607234, "17": 0.15030674846625766, "18": 0.17993079584775087, "19": 0.3058823529411765, "20": 0.09617918313570488},
  "targets_count": 6423,
  "tp_count": 1394
}