{
  "gt_count": 6900,
  "mean_obj_recall": 0.39956370837534866,
  "mean_scene_recall": 0.39772508268023354,
  "obj_recalls": {"1": 0.1816958277254374, "2": 0.22675736961451248, "3": 0.2864583333333333, "4": 0.20875420875420875, "5": 0.5842105263157895, "6": 0.42857142857142855, "7": 0.492, "8": 0.5733333333333334, "9": 0.7682926829268293, "10": 0.40559440559440557, "11": 0.10285714285714286, "12": 0.33093525179856115, "13": 0.17142857142857143, "14": 0.0958904109589041, "15": 0.273972602739726, "16": 0.4787234042553192, "17": 0.7876712328767124, "18": 0.6712328767123288, "19": 0.2774869109947644, "20": 0.17916666666666667, "21": 0.28, "22": 0.18085106382978725, "23": 0.6653225806451613, "24": 0.3802083333333333, "25": 0.28421052631578947, "26": 0.48484848484848486, "27": 0.3854166666666667, "28": 0.5833333333333334, "29": 0.5510204081632653, "30": 0.6666666666666666},
  "recall": 0.3602677876381753,
  "scene_recalls": {"1": 0.39086294416243655, "2": 0.6870748299319728, "3": 0.37117903930131, "4": 0.7025641025641025, "5": 0.5655737704918032, "6": 0.29914529914529914, "7": 0.4097938144329897, "8": 0.3197278911564626, "9": 0.23357664233576642, "10": 0.2847222222222222, "11": 0.6091370558375635, "12": 0.3333333333333333, "13": 0.39058171745152354, "14": 0.3641791044776119, "15": 0.4671280276816609, "16": 0.32299741602067183, "17": 0.294478527607362, "18": 0.27335640138408307, "19": 0.4611764705882353, "20": 0.17391304347826086},
  "targets_count": 6423,
  "tp_count": 2314
}