{
  "gt_count": 6900,
  "mean_obj_recall": 0.5973196915865137,
  "mean_scene_recall": 0.6040628149261397,
  "obj_recalls": {"1": 0.4576043068640646, "2": 0.42630385487528344, "3": 0.5572916666666666, "4": 0.5084175084175084, "5": 0.6263157894736842, "6": 0.6224489795918368, "7": 0.528, "8": 0.6533333333333333, "9": 0.8699186991869918, "10": 0.7552447552447552, "11": 0.5885714285714285, "12": 0.5683453237410072, "13": 0.5142857142857142, "14": 0.21232876712328766, "15": 0.6095890410958904, "16": 0.7127659574468085, "17": 0.815068493150685, "18": 0.7945205479452054, "19": 0.5602094240837696, "20": 0.29583333333333334, "21": 0.4742857142857143, "22": 0.425531914893617, "23": 0.782258064516129, "24": 0.5885416666666666, "25": 0.49473684210526314, "26": 0.7272727272727273, "27": 0.4375, "28": 0.6666666666666666, "29": 0.8061224489795918, "30": 0.8402777777777778},
  "recall": 0.5692044216098396,
  "scene_recalls": {"1": 0.7817258883248731, "2": 0.7006802721088435, "3": 0.5109170305676856, "4": 0.8256410256410256, "5": 0.8401639344262295, "6": 0.7094017094017094, "7": 0.6984536082474226, "8": 0.5272108843537415, "9": 0.5273722627737226, "10": 0.4583333333333333, "11": 0.6852791878172588, "12": 0.6151202749140894, "13": 0.556786703601108, "14": 0.5402985074626866, "15": 0.5363321799307958, "16": 0.5788113695090439, "17": 0.5858895705521472, "18": 0.46366782006920415, "19": 0.6282352941176471, "20": 0.310935441370224},
  "targets_count": 6423,
  "tp_count": 3656
}