{
  "gt_count": 6900,
  "mean_obj_recall": 0.4967446851238953,
  "mean_scene_recall": 0.4982616009021294,
  "obj_recalls": {"1": 0.29071332436069985, "2": 0.32653061224489793, "3": 0.4140625, "4": 0.3400673400673401, "5": 0.6157894736842106, "6": 0.5408163265306123, "7": 0.52, "8": 0.5866666666666667, "9": 0.8495934959349594, "10": 0.6573426573426573, "11": 0.32, "12": 0.4748201438848921, "13": 0.25, "14": 0.13013698630136986, "15": 0.4041095890410959, "16": 0.5957446808510638, "17": 0.815068493150685, "18": 0.726027397260274, "19": 0.4397905759162304, "20": 0.24166666666666667, "21": 0.37142857142857144, "22": 0.32978723404255317, "23": 0.7258064516129032, "24": 0.4375, "25": 0.4, "26": 0.6161616161616161, "27": 0.3958333333333333, "28": 0.6041666666666666, "29": 0.6632653061224489, "30": 0.8194444444444444},
  "recall": 0.45975400903004826,
  "scene_recalls": {"1": 0.6142131979695431, "2": 0.7006802721088435, "3": 0.4410480349344978, "4": 0.7487179487179487, "5": 0.7213114754098361, "6": 0.5128205128205128, "7": 0.5257731958762887, "8": 0.42857142857142855, "9": 0.3594890510948905, "10": 0.3888888888888889, "11": 0.6649746192893401, "12": 0.47766323024054985, "13": 0.4515235457063712, "14": 0.4626865671641791, "15": 0.5121107266435986, "16": 0.43410852713178294, "17": 0.4171779141104294, "18": 0.328719723183391, "19": 0.5270588235294118, "20": 0.24769433465085638},
  "targets_count": 6423,
  "tp_count": 2953
}