{
  "gt_count": 1517,
  "mean_obj_recall": 0.6734212861508881,
  "mean_scene_recall": 0.671280276816609,
  "obj_recalls": {"1": 0.7314285714285714, "5": 0.4824120603015075, "6": 0.6023391812865497, "8": 0.645, "9": 0.8111111111111111, "10": 0.6722222222222223, "11": 0.6928571428571428, "12": 0.75},
  "recall": 0.671280276816609,
  "scene_recalls": {"2": 0.671280276816609},
  "targets_count": 1445,
  "tp_count": 970
}