{
  "gt_count": 1517,
  "mean_obj_recall": 0.5650058038731669,
  "mean_scene_recall": 0.5640138408304498,
  "obj_recalls": {"1": 0.6228571428571429, "5": 0.37185929648241206, "6": 0.38596491228070173, "8": 0.605, "9": 0.75, "10": 0.5222222222222223, "11": 0.6071428571428571, "12": 0.655},
  "recall": 0.5640138408304498,
  "scene_recalls": {"2": 0.5640138408304498},
  "targets_count": 1445,
  "tp_count": 815
}