{
  "gt_count": 1517,
  "mean_obj_recall": 0.4615198407450788,
  "mean_scene_recall": 0.46089965397923877,
  "obj_recalls": {"1": 0.45714285714285713, "5": 0.2663316582914573, "6": 0.25146198830409355, "8": 0.55, "9": 0.6555555555555556, "10": 0.36666666666666664, "11": 0.55, "12": 0.595},
  "recall": 0.46089965397923877,
  "scene_recalls": {"2": 0.46089965397923877},
  "targets_count": 1445,
  "tp_count": 666
}