{
  "gt_count": 1517,
  "mean_obj_recall": 0.13979335902570497,
  "mean_scene_recall": 0.1439446366782007,
  "obj_recalls": {"1": 0.09142857142857143, "5": 0.08040201005025126, "6": 0.03508771929824561, "8": 0.22, "9": 0.20555555555555555, "10": 0.044444444444444446, "11": 0.12142857142857143, "12": 0.32},
  "recall": 0.1439446366782007,
  "scene_recalls": {"2": 0.1439446366782007},
  "targets_count": 1445,
  "tp_count": 208
}