{
  "gt_count": 1517,
  "mean_obj_recall": 0.06392444941919287,
  "mean_scene_recall": 0.06643598615916955,
  "obj_recalls": {"1": 0.04, "5": 0.035175879396984924, "6": 0.011695906432748537, "8": 0.09, "9": 0.10555555555555556, "10": 0.011111111111111112, "11": 0.04285714285714286, "12": 0.175},
  "recall": 0.06643598615916955,
  "scene_recalls": {"2": 0.06643598615916955},
  "targets_count": 1445,
  "tp_count": 96
}