{
  "gt_count": 1517,
  "mean_obj_recall": 0.33527230975260597,
  "mean_scene_recall": 0.33771626297577856,
  "obj_recalls": {"1": 0.32571428571428573, "5": 0.17587939698492464, "6": 0.12280701754385964, "8": 0.49, "9": 0.46111111111111114, "10": 0.16666666666666666, "11": 0.4, "12": 0.54},
  "recall": 0.33771626297577856,
  "scene_recalls": {"2": 0.33771626297577856},
  "targets_count": 1445,
  "tp_count": 488
}