{
  "gt_count": 1517,
  "mean_obj_recall": 0.2385162786572797,
  "mean_scene_recall": 0.24152249134948098,
  "obj_recalls": {"1": 0.17142857142857143, "5": 0.12562814070351758, "6": 0.06432748538011696, "8": 0.39, "9": 0.3333333333333333, "10": 0.10555555555555556, "11": 0.29285714285714287, "12": 0.425},
  "recall": 0.24152249134948098,
  "scene_recalls": {"2": 0.24152249134948098},
  "targets_count": 1445,
  "tp_count": 349
}