{
  "gt_count": 6900,
  "mean_obj_recall": 0.31360323833121895,
  "mean_scene_recall": 0.3127986526497082,
  "obj_recalls": {"1": 0.11843876177658143, "2": 0.17687074829931973, "3": 0.19270833333333334, "4": 0.13131313131313133, "5": 0.5473684210526316, "6": 0.3163265306122449, "7": 0.42, "8": 0.5266666666666666, "9": 0.6626016260162602, "10": 0.2517482517482518, "11": 0.045714285714285714, "12": 0.2302158273381295, "13": 0.07142857142857142, "14": 0.0273972602739726, "15": 0.1780821917808219, "16": 0.425531914893617, "17": 0.7191780821917808, "18": 0.541095890410959, "19": 0.16230366492146597, "20": 0.13333333333333333, "21": 0.17714285714285713, "22": 0.0851063829787234, "23": 0.47580645161290325, "24": 0.25, "25": 0.23157894736842105, "26": 0.48484848484848486, "27": 0.34375, "28": 0.5052083333333334, "29": 0.46938775510204084, "30": 0.5069444444444444},
  "recall": 0.27635061497742486,
  "scene_recalls": {"1": 0.30456852791878175, "2": 0.6462585034013606, "3": 0.32751091703056767, "4": 0.6205128205128205, "5": 0.4016393442622951, "6": 0.1752136752136752, "7": 0.26804123711340205, "8": 0.2108843537414966, "9": 0.15145985401459855, "10": 0.1875, "11": 0.5380710659898477, "12": 0.25773195876288657, "13": 0.26869806094182824, "14": 0.25970149253731345, "15": 0.40484429065743943, "16": 0.2351421188630491, "17": 0.2392638036809816, "18": 0.23875432525951557, "19": 0.3976470588235294, "20": 0.1225296442687747},
  "targets_count": 6423,
  "tp_count": 1775
}