{
  "gt_count": 6900,
  "mean_obj_recall": 0.5897292333903902,
  "mean_scene_recall": 0.5963103777441886,
  "obj_recalls": {"1": 0.4468371467025572, "2": 0.4217687074829932, "3": 0.5729166666666666, "4": 0.4882154882154882, "5": 0.6263157894736842, "6": 0.6122448979591837, "7": 0.528, "8": 0.6333333333333333, "9": 0.8699186991869918, "10": 0.7552447552447552, "11": 0.52, "12": 0.5611510791366906, "13": 0.5, "14": 0.21232876712328766, "15": 0.5958904109589042, "16": 0.7446808510638298, "17": 0.815068493150685, "18": 0.7808219178082192, "19": 0.5497382198952879, "20": 0.29583333333333334, "21": 0.4514285714285714, "22": 0.4148936170212766, "23": 0.7701612903225806, "24": 0.5989583333333334, "25": 0.49473684210526314, "26": 0.7272727272727273, "27": 0.4375, "28": 0.640625, "29": 0.7857142857142857, "30": 0.8402777777777778},
  "recall": 0.5615755877315896,
  "scene_recalls": {"1": 0.7715736040609137, "2": 0.7006802721088435, "3": 0.4978165938864629, "4": 0.8153846153846154, "5": 0.8401639344262295, "6": 0.6666666666666666, "7": 0.7036082474226805, "8": 0.5272108843537415, "9": 0.5164233576642335, "10": 0.4548611111111111, "11": 0.6852791878172588, "12": 0.6288659793814433, "13": 0.5318559556786704, "14": 0.5313432835820896, "15": 0.5363321799307958, "16": 0.5607235142118863, "17": 0.5644171779141104, "18": 0.45674740484429066, "19": 0.6305882352941177, "20": 0.30566534914361},
  "targets_count": 6423,
  "tp_count": 3607
}