{
  "gt_count": 6900,
  "mean_obj_recall": 0.010379291872184648,
  "mean_scene_recall": 0.010492294750763404,
  "obj_recalls": {"1": 0.0, "2": 0.006802721088435374, "3": 0.0026041666666666665, "4": 0.003367003367003367, "5": 0.05263157894736842, "6": 0.0, "7": 0.008, "8": 0.06, "9": 0.012195121951219513, "10": 0.0, "11": 0.0, "12": 0.0, "13": 0.0, "14": 0.0, "15": 0.00684931506849315, "16": 0.005319148936170213, "17": 0.06164383561643835, "18": 0.02054794520547945, "19": 0.0, "20": 0.0, "21": 0.005714285714285714, "22": 0.0, "23": 0.012096774193548387, "24": 0.005208333333333333, "25": 0.0, "26": 0.0, "27": 0.03125, "28": 0.0, "29": 0.01020408163265306, "30": 0.006944444444444444},
  "recall": 0.008407286314806165,
  "scene_recalls": {"1": 0.005076142131979695, "2": 0.027210884353741496, "3": 0.039301310043668124, "4": 0.02564102564102564, "5": 0.020491803278688523, "6": 0.004273504273504274, "7": 0.002577319587628866, "8": 0.006802721088435374, "9": 0.0018248175182481751, "10": 0.003472222222222222, "11": 0.02030456852791878, "12": 0.003436426116838488, "13": 0.0, "14": 0.005970149253731343, "15": 0.006920415224913495, "16": 0.00516795865633075, "17": 0.003067484662576687, "18": 0.0034602076124567475, "19": 0.023529411764705882, "20": 0.0013175230566534915},
  "targets_count": 6423,
  "tp_count": 54
}