{
  "gt_count": 6900,
  "mean_obj_recall": 0.5540591551522981,
  "mean_scene_recall": 0.557960030320009,
  "obj_recalls": {"1": 0.37415881561238223, "2": 0.3968253968253968, "3": 0.5286458333333334, "4": 0.4090909090909091, "5": 0.6157894736842106, "6": 0.5816326530612245, "7": 0.524, "8": 0.6133333333333333, "9": 0.8658536585365854, "10": 0.7412587412587412, "11": 0.4228571428571429, "12": 0.5035971223021583, "13": 0.38571428571428573, "14": 0.1506849315068493, "15": 0.5205479452054794, "16": 0.675531914893617, "17": 0.815068493150685, "18": 0.7602739726027398, "19": 0.518324607329843, "20": 0.25833333333333336, "21": 0.4228571428571429, "22": 0.3829787234042553, "23": 0.7580645161290323, "24": 0.5520833333333334, "25": 0.4842105263157895, "26": 0.696969696969697, "27": 0.4270833333333333, "28": 0.640625, "29": 0.7551020408163265, "30": 0.8402777777777778},
  "recall": 0.5204732990814261,
  "scene_recalls": {"1": 0.7411167512690355, "2": 0.7006802721088435, "3": 0.462882096069869, "4": 0.7897435897435897, "5": 0.8114754098360656, "6": 0.594017094017094, "7": 0.6211340206185567, "8": 0.5, "9": 0.44525547445255476, "10": 0.4375, "11": 0.6802030456852792, "12": 0.5807560137457045, "13": 0.4986149584487535, "14": 0.49850746268656715, "15": 0.5363321799307958, "16": 0.49612403100775193, "17": 0.49079754601226994, "18": 0.3944636678200692, "19": 0.5976470588235294, "20": 0.28194993412384717},
  "targets_count": 6423,
  "tp_count": 3343
}