{
  "gt_count": 6900,
  "mean_obj_recall": 0.473433103291978,
  "mean_scene_recall": 0.47245830590251126,
  "obj_recalls": {"1": 0.2570659488559892, "2": 0.30158730158730157, "3": 0.390625, "4": 0.2676767676767677, "5": 0.6105263157894737, "6": 0.5102040816326531, "7": 0.516, "8": 0.6066666666666667, "9": 0.8495934959349594, "10": 0.5664335664335665, "11": 0.2571428571428571, "12": 0.4460431654676259, "13": 0.22142857142857142, "14": 0.1095890410958904, "15": 0.3356164383561644, "16": 0.6063829787234043, "17": 0.815068493150685, "18": 0.6986301369863014, "19": 0.39790575916230364, "20": 0.22916666666666666, "21": 0.34285714285714286, "22": 0.26063829787234044, "23": 0.7096774193548387, "24": 0.40625, "25": 0.43157894736842106, "26": 0.6666666666666666, "27": 0.4166666666666667, "28": 0.609375, "29": 0.6020408163265306, "30": 0.7638888888888888},
  "recall": 0.43188541180133894,
  "scene_recalls": {"1": 0.5634517766497462, "2": 0.7006802721088435, "3": 0.42358078602620086, "4": 0.764102564102564, "5": 0.6639344262295082, "6": 0.46153846153846156, "7": 0.48195876288659795, "8": 0.40816326530612246, "9": 0.31204379562043794, "10": 0.34375, "11": 0.6649746192893401, "12": 0.4639175257731959, "13": 0.4376731301939058, "14": 0.417910447761194, "15": 0.5155709342560554, "16": 0.3953488372093023, "17": 0.37116564417177916, "18": 0.31833910034602075, "19": 0.5223529411764706, "20": 0.21870882740447958},
  "targets_count": 6423,
  "tp_count": 2774
}