{
  "gt_count": 6900,
  "mean_obj_recall": 0.6015998710554932,
  "mean_scene_recall": 0.6080369171830264,
  "obj_recalls": {"1": 0.458950201884253, "2": 0.42630385487528344, "3": 0.578125, "4": 0.51010101010101, "5": 0.6263157894736842, "6": 0.6224489795918368, "7": 0.528, "8": 0.6466666666666666, "9": 0.8699186991869918, "10": 0.7552447552447552, "11": 0.5885714285714285, "12": 0.5683453237410072, "13": 0.55, "14": 0.2191780821917808, "15": 0.6095890410958904, "16": 0.75, "17": 0.815068493150685, "18": 0.7945205479452054, "19": 0.5654450261780105, "20": 0.3, "21": 0.4742857142857143, "22": 0.425531914893617, "23": 0.7782258064516129, "24": 0.625, "25": 0.49473684210526314, "26": 0.7272727272727273, "27": 0.4375, "28": 0.65625, "29": 0.8061224489795918, "30": 0.8402777777777778},
  "recall": 0.5735637552545539,
  "scene_recalls": {"1": 0.7817258883248731, "2": 0.7006802721088435, "3": 0.5065502183406113, "4": 0.8205128205128205, "5": 0.8401639344262295, "6": 0.7136752136752137, "7": 0.711340206185567, "8": 0.5408163265306123, "9": 0.5291970802919708, "10": 0.4548611111111111, "11": 0.6852791878172588, "12": 0.6391752577319587, "13": 0.556786703601108, "14": 0.5492537313432836, "15": 0.5363321799307958, "16": 0.5839793281653747, "17": 0.588957055214724, "18": 0.4671280276816609, "19": 0.6447058823529411, "20": 0.3096179183135705},
  "targets_count": 6423,
  "tp_count": 3684
}