{
  "gt_count": 6900,
  "mean_obj_recall": 0.11761570476909401,
  "mean_scene_recall": 0.11651596825816506,
  "obj_recalls": {"1": 0.02288021534320323, "2": 0.06802721088435375, "3": 0.03125, "4": 0.03367003367003367, "5": 0.28421052631578947, "6": 0.08163265306122448, "7": 0.2, "8": 0.3, "9": 0.23983739837398374, "10": 0.04195804195804196, "11": 0.0, "12": 0.03597122302158273, "13": 0.02857142857142857, "14": 0.0, "15": 0.0273972602739726, "16": 0.16489361702127658, "17": 0.5136986301369864, "18": 0.2054794520547945, "19": 0.031413612565445025, "20": 0.029166666666666667, "21": 0.04, "22": 0.010638297872340425, "23": 0.1532258064516129, "24": 0.046875, "25": 0.010526315789473684, "26": 0.20202020202020202, "27": 0.20833333333333334, "28": 0.19791666666666666, "29": 0.19387755102040816, "30": 0.125},
  "recall": 0.09886345944262806,
  "scene_recalls": {"1": 0.09644670050761421, "2": 0.3129251700680272, "3": 0.15283842794759825, "4": 0.26666666666666666, "5": 0.14344262295081966, "6": 0.03418803418803419, "7": 0.08247422680412371, "8": 0.047619047619047616, "9": 0.029197080291970802, "10": 0.03819444444444445, "11": 0.26903553299492383, "12": 0.06872852233676977, "13": 0.09695290858725762, "14": 0.06567164179104477, "15": 0.1314878892733564, "16": 0.08527131782945736, "17": 0.07975460122699386, "18": 0.10034602076124567, "19": 0.18823529411764706, "20": 0.04084321475625823},
  "targets_count": 6423,
  "tp_count": 635
}