{
  "gt_count": 6900,
  "mean_obj_recall": 0.6100981350398412,
  "mean_scene_recall": 0.6176411592873351,
  "obj_recalls": {"1": 0.4670255720053836, "2": 0.42857142857142855, "3": 0.5807291666666666, "4": 0.531986531986532, "5": 0.6263157894736842, "6": 0.6326530612244898, "7": 0.528, "8": 0.7, "9": 0.8861788617886179, "10": 0.7552447552447552, "11": 0.6057142857142858, "12": 0.5683453237410072, "13": 0.5642857142857143, "14": 0.2191780821917808, "15": 0.6095890410958904, "16": 0.7659574468085106, "17": 0.815068493150685, "18": 0.8013698630136986, "19": 0.5706806282722513, "20": 0.3375, "21": 0.4742857142857143, "22": 0.425531914893617, "23": 0.7903225806451613, "24": 0.640625, "25": 0.49473684210526314, "26": 0.7272727272727273, "27": 0.4375, "28": 0.671875, "29": 0.8061224489795918, "30": 0.8402777777777778},
  "recall": 0.58321656546785,
  "scene_recalls": {"1": 0.7817258883248731, "2": 0.7006802721088435, "3": 0.5502183406113537, "4": 0.8256410256410256, "5": 0.8442622950819673, "6": 0.7222222222222222, "7": 0.711340206185567, "8": 0.5476190476190477, "9": 0.5346715328467153, "10": 0.46875, "11": 0.6903553299492385, "12": 0.6426116838487973, "13": 0.5706371191135734, "14": 0.5701492537313433, "15": 0.5363321799307958, "16": 0.5891472868217055, "17": 0.6042944785276073, "18": 0.48788927335640137, "19": 0.6541176470588236, "20": 0.3201581027667984},
  "targets_count": 6423,
  "tp_count": 3746
}