{
  "gt_count": 1517,
  "mean_obj_recall": 0.3892613548108126,
  "mean_scene_recall": 0.3806228373702422,
  "obj_recalls": {"1": 0.2342857142857143, "5": 0.11557788944723618, "6": 0.19883040935672514, "8": 0.45, "9": 0.03333333333333333, "10": 0.7277777777777777, "11": 0.7642857142857142, "12": 0.59},
  "recall": 0.3806228373702422,
  "scene_recalls": {"2": 0.3806228373702422},
  "targets_count": 1445,
  "tp_count": 550
}