{
  "gt_count": 1517,
  "mean_obj_recall": 0.09392338152752064,
  "mean_scene_recall": 0.09826989619377163,
  "obj_recalls": {"1": 0.12, "5": 0.020100502512562814, "6": 0.07017543859649122, "8": 0.005, "9": 0.08888888888888889, "10": 0.07222222222222222, "11": 0.0, "12": 0.375},
  "recall": 0.09826989619377163,
  "scene_recalls": {"2": 0.09826989619377163},
  "targets_count": 1445,
  "tp_count": 142
}