{
  "gt_count": 1517,
  "mean_obj_recall": 0.6073557585336876,
  "mean_scene_recall": 0.611764705882353,
  "obj_recalls": {"1": 0.6857142857142857, "5": 0.5829145728643216, "6": 0.4678362573099415, "8": 0.53, "9": 0.8, "10": 0.5666666666666667, "11": 0.4857142857142857, "12": 0.74},
  "recall": 0.611764705882353,
  "scene_recalls": {"2": 0.611764705882353},
  "targets_count": 1445,
  "tp_count": 884
}