{
  "gt_count": 1517,
  "mean_obj_recall": 0.7527571073831983,
  "mean_scene_recall": 0.7536332179930796,
  "obj_recalls": {"1": 0.7771428571428571, "5": 0.8040201005025126, "6": 0.6432748538011696, "8": 0.585, "9": 0.8611111111111112, "10": 0.8222222222222222, "11": 0.7142857142857143, "12": 0.815},
  "recall": 0.7536332179930796,
  "scene_recalls": {"2": 0.7536332179930796},
  "targets_count": 1445,
  "tp_count": 1089
}