{
  "gt_count": 1517,
  "mean_obj_recall": 0.7051065897574758,
  "mean_scene_recall": 0.7058823529411765,
  "obj_recalls": {"1": 0.7542857142857143, "5": 0.7135678391959799, "6": 0.5964912280701754, "8": 0.55, "9": 0.85, "10": 0.7222222222222222, "11": 0.6642857142857143, "12": 0.79},
  "recall": 0.7058823529411765,
  "scene_recalls": {"2": 0.7058823529411765},
  "targets_count": 1445,
  "tp_count": 1020
}