{
  "gt_count": 1517,
  "mean_obj_recall": 0.26321390526147864,
  "mean_scene_recall": 0.26782006920415224,
  "obj_recalls": {"1": 0.41714285714285715, "5": 0.09045226130653267, "6": 0.19883040935672514, "8": 0.155, "9": 0.37222222222222223, "10": 0.17777777777777778, "11": 0.11428571428571428, "12": 0.58},
  "recall": 0.26782006920415224,
  "scene_recalls": {"2": 0.26782006920415224},
  "targets_count": 1445,
  "tp_count": 387
}