{
  "gt_count": 1517,
  "mean_obj_recall": 0.5046585895223821,
  "mean_scene_recall": 0.5086505190311419,
  "obj_recalls": {"1": 0.6342857142857142, "5": 0.3768844221105528, "6": 0.391812865497076, "8": 0.425, "9": 0.7555555555555555, "10": 0.39444444444444443, "11": 0.36428571428571427, "12": 0.695},
  "recall": 0.5086505190311419,
  "scene_recalls": {"2": 0.5086505190311419},
  "targets_count": 1445,
  "tp_count": 735
}