{
  "gt_count": 1517,
  "mean_obj_recall": 0.03863827019391024,
  "mean_scene_recall": 0.04083044982698962,
  "obj_recalls": {"1": 0.03428571428571429, "5": 0.005025125628140704, "6": 0.029239766081871343, "8": 0.0, "9": 0.03333333333333333, "10": 0.022222222222222223, "11": 0.0, "12": 0.185},
  "recall": 0.04083044982698962,
  "scene_recalls": {"2": 0.04083044982698962},
  "targets_count": 1445,
  "tp_count": 59
}