{
  "gt_count": 1517,
  "mean_obj_recall": 0.005873015873015873,
  "mean_scene_recall": 0.006228373702422145,
  "obj_recalls": {"1": 0.011428571428571429, "5": 0.0, "6": 0.0, "8": 0.0, "9": 0.005555555555555556, "10": 0.0, "11": 0.0, "12": 0.03},
  "recall": 0.006228373702422145,
  "scene_recalls": {"2": 0.006228373702422145},
  "targets_count": 1445,
  "tp_count": 9
}