{
  "gt_count": 1517,
  "mean_obj_recall": 0.38155116119444343,
  "mean_scene_recall": 0.38685121107266435,
  "obj_recalls": {"1": 0.5657142857142857, "5": 0.2613065326633166, "6": 0.2982456140350877, "8": 0.265, "9": 0.5444444444444444, "10": 0.25555555555555554, "11": 0.20714285714285716, "12": 0.655},
  "recall": 0.38685121107266435,
  "scene_recalls": {"2": 0.38685121107266435},
  "targets_count": 1445,
  "tp_count": 559
}