{
  "gt_count": 1517,
  "mean_obj_recall": 0.4760886565240572,
  "mean_scene_recall": 0.48304498269896196,
  "obj_recalls": {"1": 0.4857142857142857, "5": 0.3316582914572864, "6": 0.391812865497076, "8": 0.505, "9": 0.5888888888888889, "10": 0.5277777777777778, "11": 0.29285714285714287, "12": 0.685},
  "recall": 0.48304498269896196,
  "scene_recalls": {"2": 0.48304498269896196},
  "targets_count": 1445,
  "tp_count": 698
}