{
  "gt_count": 1517,
  "mean_obj_recall": 0.5895225553414525,
  "mean_scene_recall": 0.5958477508650519,
  "obj_recalls": {"1": 0.5942857142857143, "5": 0.5326633165829145, "6": 0.5497076023391813, "8": 0.575, "9": 0.7222222222222222, "10": 0.6444444444444445, "11": 0.39285714285714285, "12": 0.705},
  "recall": 0.5958477508650519,
  "scene_recalls": {"2": 0.5958477508650519},
  "targets_count": 1445,
  "tp_count": 861
}