{
  "gt_count": 1517,
  "mean_obj_recall": 0.2310501468285454,
  "mean_scene_recall": 0.2366782006920415,
  "obj_recalls": {"1": 0.22285714285714286, "5": 0.08040201005025126, "6": 0.15204678362573099, "8": 0.265, "9": 0.25, "10": 0.26666666666666666, "11": 0.12142857142857143, "12": 0.49},
  "recall": 0.2366782006920415,
  "scene_recalls": {"2": 0.2366782006920415},
  "targets_count": 1445,
  "tp_count": 342
}