{
  "gt_count": 1517,
  "mean_obj_recall": 0.12605480671947877,
  "mean_scene_recall": 0.1314878892733564,
  "obj_recalls": {"1": 0.12, "5": 0.05527638190954774, "6": 0.05847953216374269, "8": 0.14, "9": 0.12222222222222222, "10": 0.1388888888888889, "11": 0.02857142857142857, "12": 0.345},
  "recall": 0.1314878892733564,
  "scene_recalls": {"2": 0.1314878892733564},
  "targets_count": 1445,
  "tp_count": 190
}