{
  "gt_count": 1517,
  "mean_obj_recall": 0.6793097746459953,
  "mean_scene_recall": 0.6837370242214533,
  "obj_recalls": {"1": 0.6571428571428571, "5": 0.6934673366834171, "6": 0.6900584795321637, "8": 0.6, "9": 0.8111111111111111, "10": 0.7555555555555555, "11": 0.5071428571428571, "12": 0.72},
  "recall": 0.6837370242214533,
  "scene_recalls": {"2": 0.6837370242214533},
  "targets_count": 1445,
  "tp_count": 988
}