{
  "gt_count": 1517,
  "mean_obj_recall": 0.05150796799368606,
  "mean_scene_recall": 0.05397923875432526,
  "obj_recalls": {"1": 0.05142857142857143, "5": 0.020100502512562814, "6": 0.023391812865497075, "8": 0.08, "9": 0.06111111111111111, "10": 0.03888888888888889, "11": 0.007142857142857143, "12": 0.13},
  "recall": 0.05397923875432526,
  "scene_recalls": {"2": 0.05397923875432526},
  "targets_count": 1445,
  "tp_count": 78
}