{
  "gt_count": 1517,
  "mean_obj_recall": 0.34980863486186153,
  "mean_scene_recall": 0.356401384083045,
  "obj_recalls": {"1": 0.3314285714285714, "5": 0.1658291457286432, "6": 0.30994152046783624, "8": 0.39, "9": 0.40555555555555556, "10": 0.4, "11": 0.18571428571428572, "12": 0.61},
  "recall": 0.356401384083045,
  "scene_recalls": {"2": 0.356401384083045},
  "targets_count": 1445,
  "tp_count": 515
}