{
  "gt_count": 1517,
  "mean_obj_recall": 0.01378604331179708,
  "mean_scene_recall": 0.01453287197231834,
  "obj_recalls": {"1": 0.02857142857142857, "5": 0.010050251256281407, "6": 0.0, "8": 0.015, "9": 0.005555555555555556, "10": 0.011111111111111112, "11": 0.0, "12": 0.04},
  "recall": 0.01453287197231834,
  "scene_recalls": {"2": 0.01453287197231834},
  "targets_count": 1445,
  "tp_count": 21
}