{
  "gt_count": 1517,
  "mean_obj_recall": 0.5512460327955566,
  "mean_scene_recall": 0.5522491349480969,
  "obj_recalls": {"1": 0.6514285714285715, "5": 0.46733668341708545, "6": 0.38596491228070173, "8": 0.645, "9": 0.7444444444444445, "10": 0.32222222222222224, "11": 0.5785714285714286, "12": 0.615},
  "recall": 0.5522491349480969,
  "scene_recalls": {"2": 0.5522491349480969},
  "targets_count": 1445,
  "tp_count": 798
}