{
  "gt_count": 1517,
  "mean_obj_recall": 0.02022504964253179,
  "mean_scene_recall": 0.020761245674740483,
  "obj_recalls": {"1": 0.06285714285714286, "5": 0.005025125628140704, "6": 0.011695906432748537, "8": 0.0, "9": 0.005555555555555556, "10": 0.016666666666666666, "11": 0.0, "12": 0.06},
  "recall": 0.020761245674740483,
  "scene_recalls": {"2": 0.020761245674740483},
  "targets_count": 1445,
  "tp_count": 30
}