{
  "gt_count": 1517,
  "mean_obj_recall": 0.46763952647531726,
  "mean_scene_recall": 0.473356401384083,
  "obj_recalls": {"1": 0.64, "5": 0.40703517587939697, "6": 0.36257309941520466, "8": 0.51, "9": 0.7, "10": 0.2222222222222222, "11": 0.3142857142857143, "12": 0.585},
  "recall": 0.473356401384083,
  "scene_recalls": {"2": 0.473356401384083},
  "targets_count": 1445,
  "tp_count": 684
}