{
  "gt_count": 1517,
  "mean_obj_recall": 0.3358805934434075,
  "mean_scene_recall": 0.34186851211072666,
  "obj_recalls": {"1": 0.56, "5": 0.1708542713567839, "6": 0.3333333333333333, "8": 0.29, "9": 0.5055555555555555, "10": 0.19444444444444445, "11": 0.09285714285714286, "12": 0.54},
  "recall": 0.34186851211072666,
  "scene_recalls": {"2": 0.34186851211072666},
  "targets_count": 1445,
  "tp_count": 494
}