{
  "gt_count": 1517,
  "mean_obj_recall": 0.5329753561038273,
  "mean_scene_recall": 0.5356401384083045,
  "obj_recalls": {"1": 0.6514285714285715, "5": 0.46733668341708545, "6": 0.38011695906432746, "8": 0.625, "9": 0.7388888888888889, "10": 0.28888888888888886, "11": 0.5071428571428571, "12": 0.605},
  "recall": 0.5356401384083045,
  "scene_recalls": {"2": 0.5356401384083045},
  "targets_count": 1445,
  "tp_count": 774
}