{
  "gt_count": 1517,
  "mean_obj_recall": 0.5743256067303939,
  "mean_scene_recall": 0.5730103806228374,
  "obj_recalls": {"1": 0.6571428571428571, "5": 0.46733668341708545, "6": 0.4152046783625731, "8": 0.655, "9": 0.7555555555555555, "10": 0.37222222222222223, "11": 0.6571428571428571, "12": 0.615},
  "recall": 0.5730103806228374,
  "scene_recalls": {"2": 0.5730103806228374},
  "targets_count": 1445,
  "tp_count": 828
}