{
  "gt_count": 1517,
  "mean_obj_recall": 0.4205194938770712,
  "mean_scene_recall": 0.42837370242214534,
  "obj_recalls": {"1": 0.6228571428571429, "5": 0.31155778894472363, "6": 0.3567251461988304, "8": 0.465, "9": 0.6277777777777778, "10": 0.21666666666666667, "11": 0.17857142857142858, "12": 0.585},
  "recall": 0.42837370242214534,
  "scene_recalls": {"2": 0.42837370242214534},
  "targets_count": 1445,
  "tp_count": 619
}