{
  "gt_count": 1517,
  "mean_obj_recall": 0.19370727121404852,
  "mean_scene_recall": 0.1986159169550173,
  "obj_recalls": {"1": 0.36, "5": 0.05527638190954774, "6": 0.18128654970760233, "8": 0.115, "9": 0.22777777777777777, "10": 0.1388888888888889, "11": 0.02142857142857143, "12": 0.45},
  "recall": 0.1986159169550173,
  "scene_recalls": {"2": 0.1986159169550173},
  "targets_count": 1445,
  "tp_count": 287
}