{
  "gt_count": 1517,
  "mean_obj_recall": 0.5991444246084223,
  "mean_scene_recall": 0.5965397923875433,
  "obj_recalls": {"1": 0.68, "5": 0.46733668341708545, "6": 0.43859649122807015, "8": 0.665, "9": 0.7722222222222223, "10": 0.45, "11": 0.7, "12": 0.62},
  "recall": 0.5965397923875433,
  "scene_recalls": {"2": 0.5965397923875433},
  "targets_count": 1445,
  "tp_count": 862
}