{
  "gt_count": 1517,
  "mean_obj_recall": 0.5039480689789801,
  "mean_scene_recall": 0.5086505190311419,
  "obj_recalls": {"1": 0.6457142857142857, "5": 0.4472361809045226, "6": 0.3742690058479532, "8": 0.585, "9": 0.7277777777777777, "10": 0.24444444444444444, "11": 0.40714285714285714, "12": 0.6},
  "recall": 0.5086505190311419,
  "scene_recalls": {"2": 0.5086505190311419},
  "targets_count": 1445,
  "tp_count": 735
}