{
  "bop19_average_recall": 0.24937024221453288,
  "bop19_average_recall_mspd": 0.2900346020761246,
  "bop19_average_recall_mssd": 0.26602076124567475,
  "bop19_average_recall_vsd": 0.19205536332179934,
  "bop19_average_time_per_image": 1.8809064662456512
}