{
  "gt_count": 1517,
  "mean_obj_recall": 0.248187202722048,
  "mean_scene_recall": 0.25397923875432526,
  "obj_recalls": {"1": 0.1657142857142857, "5": 0.3768844221105528, "6": 0.17543859649122806, "8": 0.195, "9": 0.24444444444444444, "10": 0.09444444444444444, "11": 0.22857142857142856, "12": 0.505},
  "recall": 0.25397923875432526,
  "scene_recalls": {"2": 0.25397923875432526},
  "targets_count": 1445,
  "tp_count": 367
}