{
  "gt_count": 1517,
  "mean_obj_recall": 0.35618298782970825,
  "mean_scene_recall": 0.36262975778546713,
  "obj_recalls": {"1": 0.26857142857142857, "5": 0.5527638190954773, "6": 0.25146198830409355, "8": 0.34, "9": 0.34444444444444444, "10": 0.17222222222222222, "11": 0.35, "12": 0.57},
  "recall": 0.36262975778546713,
  "scene_recalls": {"2": 0.36262975778546713},
  "targets_count": 1445,
  "tp_count": 524
}