{
  "gt_count": 1517,
  "mean_obj_recall": 0.41115904029336325,
  "mean_scene_recall": 0.4186851211072664,
  "obj_recalls": {"1": 0.32571428571428573, "5": 0.5979899497487438, "6": 0.27485380116959063, "8": 0.425, "9": 0.4111111111111111, "10": 0.2388888888888889, "11": 0.38571428571428573, "12": 0.63},
  "recall": 0.4186851211072664,
  "scene_recalls": {"2": 0.4186851211072664},
  "targets_count": 1445,
  "tp_count": 605
}