{
  "gt_count": 1517,
  "mean_obj_recall": 0.00526786501429453,
  "mean_scene_recall": 0.005536332179930796,
  "obj_recalls": {"1": 0.005714285714285714, "5": 0.005025125628140704, "6": 0.005847953216374269, "8": 0.015, "9": 0.005555555555555556, "10": 0.0, "11": 0.0, "12": 0.005},
  "recall": 0.005536332179930796,
  "scene_recalls": {"2": 0.005536332179930796},
  "targets_count": 1445,
  "tp_count": 8
}