{
  "gt_count": 1517,
  "mean_obj_recall": 0.15270086333925265,
  "mean_scene_recall": 0.15570934256055363,
  "obj_recalls": {"1": 0.09142857142857143, "5": 0.23115577889447236, "6": 0.11695906432748537, "8": 0.125, "9": 0.12777777777777777, "10": 0.05, "11": 0.16428571428571428, "12": 0.315},
  "recall": 0.15570934256055363,
  "scene_recalls": {"2": 0.15570934256055363},
  "targets_count": 1445,
  "tp_count": 225
}