{
  "gt_count": 1517,
  "mean_obj_recall": 0.20300747681599307,
  "mean_scene_recall": 0.20761245674740483,
  "obj_recalls": {"1": 0.13714285714285715, "5": 0.3065326633165829, "6": 0.1695906432748538, "8": 0.145, "9": 0.20555555555555555, "10": 0.06666666666666667, "11": 0.17857142857142858, "12": 0.415},
  "recall": 0.20761245674740483,
  "scene_recalls": {"2": 0.20761245674740483},
  "targets_count": 1445,
  "tp_count": 300
}