{
  "gt_count": 1517,
  "mean_obj_recall": 0.4519396691057628,
  "mean_scene_recall": 0.4602076124567474,
  "obj_recalls": {"1": 0.3657142857142857, "5": 0.6180904522613065, "6": 0.30409356725146197, "8": 0.52, "9": 0.4666666666666667, "10": 0.26666666666666666, "11": 0.4142857142857143, "12": 0.66},
  "recall": 0.4602076124567474,
  "scene_recalls": {"2": 0.4602076124567474},
  "targets_count": 1445,
  "tp_count": 665
}