{
  "gt_count": 1517,
  "mean_obj_recall": 0.3015357961486631,
  "mean_scene_recall": 0.30726643598615916,
  "obj_recalls": {"1": 0.22857142857142856, "5": 0.45226130653266333, "6": 0.21637426900584794, "8": 0.25, "9": 0.28888888888888886, "10": 0.13333333333333333, "11": 0.29285714285714287, "12": 0.55},
  "recall": 0.30726643598615916,
  "scene_recalls": {"2": 0.30726643598615916},
  "targets_count": 1445,
  "tp_count": 444
}