{
  "gt_count": 1517,
  "mean_obj_recall": 0.08987593565152412,
  "mean_scene_recall": 0.09204152249134948,
  "obj_recalls": {"1": 0.05714285714285714, "5": 0.1306532663316583, "6": 0.08771929824561403, "8": 0.09, "9": 0.07222222222222222, "10": 0.005555555555555556, "11": 0.08571428571428572, "12": 0.19},
  "recall": 0.09204152249134948,
  "scene_recalls": {"2": 0.09204152249134948},
  "targets_count": 1445,
  "tp_count": 133
}