{
  "gt_count": 1517,
  "mean_obj_recall": 0.0369591745276088,
  "mean_scene_recall": 0.03875432525951557,
  "obj_recalls": {"1": 0.011428571428571429, "5": 0.07035175879396985, "6": 0.017543859649122806, "8": 0.06, "9": 0.027777777777777776, "10": 0.0, "11": 0.02857142857142857, "12": 0.08},
  "recall": 0.03875432525951557,
  "scene_recalls": {"2": 0.03875432525951557},
  "targets_count": 1445,
  "tp_count": 56
}