{
  "gt_count": 1517,
  "mean_obj_recall": 0.5346253064612956,
  "mean_scene_recall": 0.5363321799307958,
  "obj_recalls": {"1": 0.6342857142857142, "5": 0.4623115577889447, "6": 0.3684210526315789, "8": 0.68, "9": 0.7277777777777777, "10": 0.22777777777777777, "11": 0.5714285714285714, "12": 0.605},
  "recall": 0.5363321799307958,
  "scene_recalls": {"2": 0.5363321799307958},
  "targets_count": 1445,
  "tp_count": 775
}