{
  "gt_count": 1517,
  "mean_obj_recall": 0.4513045044562831,
  "mean_scene_recall": 0.45951557093425605,
  "obj_recalls": {"1": 0.5542857142857143, "5": 0.4623115577889447, "6": 0.34502923976608185, "8": 0.59, "9": 0.55, "10": 0.21666666666666667, "11": 0.30714285714285716, "12": 0.585},
  "recall": 0.45951557093425605,
  "scene_recalls": {"2": 0.45951557093425605},
  "targets_count": 1445,
  "tp_count": 664
}