{
  "gt_count": 1517,
  "mean_obj_recall": 0.544608605894972,
  "mean_scene_recall": 0.5460207612456748,
  "obj_recalls": {"1": 0.6342857142857142, "5": 0.46733668341708545, "6": 0.3684210526315789, "8": 0.68, "9": 0.7388888888888889, "10": 0.2722222222222222, "11": 0.5857142857142857, "12": 0.61},
  "recall": 0.5460207612456748,
  "scene_recalls": {"2": 0.5460207612456748},
  "targets_count": 1445,
  "tp_count": 789
}