{
  "gt_count": 1517,
  "mean_obj_recall": 0.4857526038714878,
  "mean_scene_recall": 0.49204152249134947,
  "obj_recalls": {"1": 0.6057142857142858, "5": 0.4623115577889447, "6": 0.3567251461988304, "8": 0.635, "9": 0.6388888888888888, "10": 0.21666666666666667, "11": 0.38571428571428573, "12": 0.585},
  "recall": 0.49204152249134947,
  "scene_recalls": {"2": 0.49204152249134947},
  "targets_count": 1445,
  "tp_count": 711
}