{
  "gt_count": 1517,
  "mean_obj_recall": 0.23699908533897557,
  "mean_scene_recall": 0.24982698961937716,
  "obj_recalls": {"1": 0.21714285714285714, "5": 0.21608040201005024, "6": 0.1871345029239766, "8": 0.48, "9": 0.08333333333333333, "10": 0.14444444444444443, "11": 0.04285714285714286, "12": 0.525},
  "recall": 0.24982698961937716,
  "scene_recalls": {"2": 0.24982698961937716},
  "targets_count": 1445,
  "tp_count": 361
}