{
  "gt_count": 1517,
  "mean_obj_recall": 0.08836989878381045,
  "mean_scene_recall": 0.09619377162629758,
  "obj_recalls": {"1": 0.017142857142857144, "5": 0.010050251256281407, "6": 0.017543859649122806, "8": 0.255, "9": 0.0, "10": 0.07222222222222222, "11": 0.0, "12": 0.335},
  "recall": 0.09619377162629758,
  "scene_recalls": {"2": 0.09619377162629758},
  "targets_count": 1445,
  "tp_count": 139
}