{
  "gt_count": 1517,
  "mean_obj_recall": 0.5057129213318052,
  "mean_scene_recall": 0.5114186851211072,
  "obj_recalls": {"1": 0.6114285714285714, "5": 0.4623115577889447, "6": 0.3567251461988304, "8": 0.67, "9": 0.6944444444444444, "10": 0.2222222222222222, "11": 0.42857142857142855, "12": 0.6},
  "recall": 0.5114186851211072,
  "scene_recalls": {"2": 0.5114186851211072},
  "targets_count": 1445,
  "tp_count": 739
}