{
  "gt_count": 1517,
  "mean_obj_recall": 0.5217384016993909,
  "mean_scene_recall": 0.5252595155709343,
  "obj_recalls": {"1": 0.6171428571428571, "5": 0.4623115577889447, "6": 0.3684210526315789, "8": 0.68, "9": 0.7111111111111111, "10": 0.22777777777777777, "11": 0.5071428571428571, "12": 0.6},
  "recall": 0.5252595155709343,
  "scene_recalls": {"2": 0.5252595155709343},
  "targets_count": 1445,
  "tp_count": 759
}