{
  "gt_count": 1517,
  "mean_obj_recall": 0.38409264629328765,
  "mean_scene_recall": 0.39377162629757784,
  "obj_recalls": {"1": 0.4514285714285714, "5": 0.4120603015075377, "6": 0.30409356725146197, "8": 0.57, "9": 0.34444444444444444, "10": 0.2, "11": 0.2357142857142857, "12": 0.555},
  "recall": 0.39377162629757784,
  "scene_recalls": {"2": 0.39377162629757784},
  "targets_count": 1445,
  "tp_count": 569
}