{
  "gt_count": 1517,
  "mean_obj_recall": 0.06640248023744454,
  "mean_scene_recall": 0.06920415224913495,
  "obj_recalls": {"1": 0.06285714285714286, "5": 0.010050251256281407, "6": 0.023391812865497075, "8": 0.025, "9": 0.17222222222222222, "10": 0.005555555555555556, "11": 0.007142857142857143, "12": 0.225},
  "recall": 0.06920415224913495,
  "scene_recalls": {"2": 0.06920415224913495},
  "targets_count": 1445,
  "tp_count": 100
}