{
  "bop19_average_recall": 0.26591464821222605,
  "bop19_average_recall_mspd": 0.32186851211072665,
  "bop19_average_recall_mssd": 0.2907266435986159,
  "bop19_average_recall_vsd": 0.18514878892733566,
  "bop19_average_time_per_image": 4.377594538927078
}