{
  "gt_count": 1517,
  "mean_obj_recall": 0.19220821893510998,
  "mean_scene_recall": 0.1972318339100346,
  "obj_recalls": {"1": 0.3485714285714286, "5": 0.06030150753768844, "6": 0.15204678362573099, "8": 0.05, "9": 0.19444444444444445, "10": 0.14444444444444443, "11": 0.04285714285714286, "12": 0.545},
  "recall": 0.1972318339100346,
  "scene_recalls": {"2": 0.1972318339100346},
  "targets_count": 1445,
  "tp_count": 285
}