{
  "gt_count": 1517,
  "mean_obj_recall": 0.4134685173990252,
  "mean_scene_recall": 0.4186851211072664,
  "obj_recalls": {"1": 0.6, "5": 0.3015075376884422, "6": 0.3216374269005848, "8": 0.265, "9": 0.5888888888888889, "10": 0.3, "11": 0.2357142857142857, "12": 0.695},
  "recall": 0.4186851211072664,
  "scene_recalls": {"2": 0.4186851211072664},
  "targets_count": 1445,
  "tp_count": 605
}