{
  "gt_count": 1517,
  "mean_obj_recall": 0.6497770808931878,
  "mean_scene_recall": 0.6546712802768166,
  "obj_recalls": {"1": 0.7314285714285714, "5": 0.6884422110552764, "6": 0.49707602339181284, "8": 0.53, "9": 0.8333333333333334, "10": 0.5722222222222222, "11": 0.5357142857142857, "12": 0.81},
  "recall": 0.6546712802768166,
  "scene_recalls": {"2": 0.6546712802768166},
  "targets_count": 1445,
  "tp_count": 946
}