{
  "gt_count": 1517,
  "mean_obj_recall": 0.009067460317460318,
  "mean_scene_recall": 0.009688581314878892,
  "obj_recalls": {"1": 0.011428571428571429, "5": 0.0, "6": 0.0, "8": 0.0, "9": 0.011111111111111112, "10": 0.0, "11": 0.0, "12": 0.05},
  "recall": 0.009688581314878892,
  "scene_recalls": {"2": 0.009688581314878892},
  "targets_count": 1445,
  "tp_count": 14
}