{
  "gt_count": 1517,
  "mean_obj_recall": 0.7907824497382484,
  "mean_scene_recall": 0.7916955017301038,
  "obj_recalls": {"1": 0.8342857142857143, "5": 0.8492462311557789, "6": 0.6783625730994152, "8": 0.6, "9": 0.8888888888888888, "10": 0.8333333333333334, "11": 0.7571428571428571, "12": 0.885},
  "recall": 0.7916955017301038,
  "scene_recalls": {"2": 0.7916955017301038},
  "targets_count": 1445,
  "tp_count": 1144
}