{
  "gt_count": 1517,
  "mean_obj_recall": 0.7357359006813516,
  "mean_scene_recall": 0.7370242214532872,
  "obj_recalls": {"1": 0.7828571428571428, "5": 0.7989949748743719, "6": 0.6140350877192983, "8": 0.55, "9": 0.8722222222222222, "10": 0.7277777777777777, "11": 0.7, "12": 0.84},
  "recall": 0.7370242214532872,
  "scene_recalls": {"2": 0.7370242214532872},
  "targets_count": 1445,
  "tp_count": 1065
}