{
  "gt_count": 1517,
  "mean_obj_recall": 0.5442854256663434,
  "mean_scene_recall": 0.5494809688581315,
  "obj_recalls": {"1": 0.6571428571428571, "5": 0.4824120603015075, "6": 0.4152046783625731, "8": 0.45, "9": 0.7777777777777778, "10": 0.4388888888888889, "11": 0.39285714285714285, "12": 0.74},
  "recall": 0.5494809688581315,
  "scene_recalls": {"2": 0.5494809688581315},
  "targets_count": 1445,
  "tp_count": 794
}