{
  "gt_count": 1517,
  "mean_obj_recall": 0.0470112939383635,
  "mean_scene_recall": 0.04982698961937716,
  "obj_recalls": {"1": 0.03428571428571429, "5": 0.010050251256281407, "6": 0.03508771929824561, "8": 0.0, "9": 0.044444444444444446, "10": 0.022222222222222223, "11": 0.0, "12": 0.23},
  "recall": 0.04982698961937716,
  "scene_recalls": {"2": 0.04982698961937716},
  "targets_count": 1445,
  "tp_count": 72
}