{
  "gt_count": 1517,
  "mean_obj_recall": 0.28784749772253077,
  "mean_scene_recall": 0.29411764705882354,
  "obj_recalls": {"1": 0.44571428571428573, "5": 0.17587939698492464, "6": 0.2046783625730994, "8": 0.165, "9": 0.3888888888888889, "10": 0.18333333333333332, "11": 0.11428571428571428, "12": 0.625},
  "recall": 0.29411764705882354,
  "scene_recalls": {"2": 0.29411764705882354},
  "targets_count": 1445,
  "tp_count": 425
}