{
  "gt_count": 1517,
  "mean_obj_recall": 0.7345696265370294,
  "mean_scene_recall": 0.7335640138408305,
  "obj_recalls": {"1": 0.88, "5": 0.5829145728643216, "6": 0.631578947368421, "8": 0.665, "9": 0.8722222222222222, "10": 0.7055555555555556, "11": 0.7142857142857143, "12": 0.825},
  "recall": 0.7335640138408305,
  "scene_recalls": {"2": 0.7335640138408305},
  "targets_count": 1445,
  "tp_count": 1060
}