{
  "gt_count": 1517,
  "mean_obj_recall": 0.07630540180014525,
  "mean_scene_recall": 0.07958477508650519,
  "obj_recalls": {"1": 0.045714285714285714, "5": 0.035175879396984924, "6": 0.011695906432748537, "8": 0.095, "9": 0.13333333333333333, "10": 0.016666666666666666, "11": 0.04285714285714286, "12": 0.23},
  "recall": 0.07958477508650519,
  "scene_recalls": {"2": 0.07958477508650519},
  "targets_count": 1445,
  "tp_count": 115
}