{
  "gt_count": 1517,
  "mean_obj_recall": 0.02600827340545669,
  "mean_scene_recall": 0.02698961937716263,
  "obj_recalls": {"1": 0.005714285714285714, "5": 0.01507537688442211, "6": 0.005847953216374269, "8": 0.01, "9": 0.03888888888888889, "10": 0.011111111111111112, "11": 0.02142857142857143, "12": 0.1},
  "recall": 0.02698961937716263,
  "scene_recalls": {"2": 0.02698961937716263},
  "targets_count": 1445,
  "tp_count": 39
}