{
  "gt_count": 1517,
  "mean_obj_recall": 0.3784657886340642,
  "mean_scene_recall": 0.3813148788927336,
  "obj_recalls": {"1": 0.41714285714285715, "5": 0.22613065326633167, "6": 0.14619883040935672, "8": 0.49, "9": 0.5611111111111111, "10": 0.2, "11": 0.40714285714285714, "12": 0.58},
  "recall": 0.3813148788927336,
  "scene_recalls": {"2": 0.3813148788927336},
  "targets_count": 1445,
  "tp_count": 551
}