{
  "gt_count": 1517,
  "mean_obj_recall": 0.26889590496341353,
  "mean_scene_recall": 0.2726643598615917,
  "obj_recalls": {"1": 0.24, "5": 0.1457286432160804, "6": 0.06432748538011696, "8": 0.39, "9": 0.4, "10": 0.1111111111111111, "11": 0.3, "12": 0.5},
  "recall": 0.2726643598615917,
  "scene_recalls": {"2": 0.2726643598615917},
  "targets_count": 1445,
  "tp_count": 394
}