{
  "gt_count": 1517,
  "mean_obj_recall": 0.6308810499867761,
  "mean_scene_recall": 0.6304498269896194,
  "obj_recalls": {"1": 0.7714285714285715, "5": 0.4623115577889447, "6": 0.4502923976608187, "8": 0.615, "9": 0.8, "10": 0.5944444444444444, "11": 0.6285714285714286, "12": 0.725},
  "recall": 0.6304498269896194,
  "scene_recalls": {"2": 0.6304498269896194},
  "targets_count": 1445,
  "tp_count": 911
}