{
  "gt_count": 1517,
  "mean_obj_recall": 0.15034213464985746,
  "mean_scene_recall": 0.15501730103806227,
  "obj_recalls": {"1": 0.10857142857142857, "5": 0.08542713567839195, "6": 0.03508771929824561, "8": 0.22, "9": 0.21666666666666667, "10": 0.05555555555555555, "11": 0.12142857142857143, "12": 0.36},
  "recall": 0.15501730103806227,
  "scene_recalls": {"2": 0.15501730103806227},
  "targets_count": 1445,
  "tp_count": 224
}