{
  "gt_count": 1517,
  "mean_obj_recall": 0.5176556025742749,
  "mean_scene_recall": 0.5176470588235295,
  "obj_recalls": {"1": 0.6057142857142858, "5": 0.33668341708542715, "6": 0.26900584795321636, "8": 0.55, "9": 0.7166666666666667, "10": 0.4388888888888889, "11": 0.5642857142857143, "12": 0.66},
  "recall": 0.5176470588235295,
  "scene_recalls": {"2": 0.5176470588235295},
  "targets_count": 1445,
  "tp_count": 748
}