{
  "gt_count": 1517,
  "mean_obj_recall": 0.46209629496689797,
  "mean_scene_recall": 0.46366782006920415,
  "obj_recalls": {"1": 0.5542857142857143, "5": 0.6080402010050251, "6": 0.4444444444444444, "8": 0.18, "9": 0.6555555555555556, "10": 0.09444444444444444, "11": 0.45, "12": 0.71},
  "recall": 0.46366782006920415,
  "scene_recalls": {"2": 0.46366782006920415},
  "targets_count": 1445,
  "tp_count": 670
}