{
  "gt_count": 1517,
  "mean_obj_recall": 0.0026785714285714286,
  "mean_scene_recall": 0.002768166089965398,
  "obj_recalls": {"1": 0.011428571428571429, "5": 0.0, "6": 0.0, "8": 0.0, "9": 0.0, "10": 0.0, "11": 0.0, "12": 0.01},
  "recall": 0.002768166089965398,
  "scene_recalls": {"2": 0.002768166089965398},
  "targets_count": 1445,
  "tp_count": 4
}