{
  "gt_count": 1517,
  "mean_obj_recall": 0.03335632317812958,
  "mean_scene_recall": 0.03460207612456748,
  "obj_recalls": {"1": 0.0, "5": 0.010050251256281407, "6": 0.005847953216374269, "8": 0.015, "9": 0.1, "10": 0.016666666666666666, "11": 0.014285714285714285, "12": 0.105},
  "recall": 0.03460207612456748,
  "scene_recalls": {"2": 0.03460207612456748},
  "targets_count": 1445,
  "tp_count": 50
}