{
  "gt_count": 1517,
  "mean_obj_recall": 0.15205475739180446,
  "mean_scene_recall": 0.15501730103806227,
  "obj_recalls": {"1": 0.12, "5": 0.09045226130653267, "6": 0.029239766081871343, "8": 0.14, "9": 0.29444444444444445, "10": 0.044444444444444446, "11": 0.14285714285714285, "12": 0.355},
  "recall": 0.15501730103806227,
  "scene_recalls": {"2": 0.15501730103806227},
  "targets_count": 1445,
  "tp_count": 224
}