{
  "gt_count": 1517,
  "mean_obj_recall": 0.3510780012216471,
  "mean_scene_recall": 0.35294117647058826,
  "obj_recalls": {"1": 0.3657142857142857, "5": 0.19597989949748743, "6": 0.10526315789473684, "8": 0.4, "9": 0.55, "10": 0.21666666666666667, "11": 0.4, "12": 0.575},
  "recall": 0.35294117647058826,
  "scene_recalls": {"2": 0.35294117647058826},
  "targets_count": 1445,
  "tp_count": 510
}