{
  "gt_count": 1517,
  "mean_obj_recall": 0.24227569289639508,
  "mean_scene_recall": 0.24498269896193772,
  "obj_recalls": {"1": 0.2342857142857143, "5": 0.135678391959799, "6": 0.05847953216374269, "8": 0.275, "9": 0.39444444444444443, "10": 0.08888888888888889, "11": 0.2714285714285714, "12": 0.48},
  "recall": 0.24498269896193772,
  "scene_recalls": {"2": 0.24498269896193772},
  "targets_count": 1445,
  "tp_count": 354
}