{
  "gt_count": 1517,
  "mean_obj_recall": 0.607624898720839,
  "mean_scene_recall": 0.6069204152249135,
  "obj_recalls": {"1": 0.7142857142857143, "5": 0.4020100502512563, "6": 0.42105263157894735, "8": 0.625, "9": 0.8055555555555556, "10": 0.5666666666666667, "11": 0.6214285714285714, "12": 0.705},
  "recall": 0.6069204152249135,
  "scene_recalls": {"2": 0.6069204152249135},
  "targets_count": 1445,
  "tp_count": 877
}