{
  "gt_count": 1517,
  "mean_obj_recall": 0.4883045343677451,
  "mean_scene_recall": 0.4885813148788927,
  "obj_recalls": {"1": 0.5371428571428571, "5": 0.2814070351758794, "6": 0.23391812865497075, "8": 0.555, "9": 0.6944444444444444, "10": 0.4166666666666667, "11": 0.5428571428571428, "12": 0.645},
  "recall": 0.4885813148788927,
  "scene_recalls": {"2": 0.4885813148788927},
  "targets_count": 1445,
  "tp_count": 706
}