{
  "gt_count": 1517,
  "mean_obj_recall": 0.7052205996565954,
  "mean_scene_recall": 0.7031141868512111,
  "obj_recalls": {"1": 0.8171428571428572, "5": 0.49748743718592964, "6": 0.631578947368421, "8": 0.655, "9": 0.8444444444444444, "10": 0.7111111111111111, "11": 0.7, "12": 0.785},
  "recall": 0.7031141868512111,
  "scene_recalls": {"2": 0.7031141868512111},
  "targets_count": 1445,
  "tp_count": 1016
}