{
  "gt_count": 1517,
  "mean_obj_recall": 0.5047165862730528,
  "mean_scene_recall": 0.5044982698961937,
  "obj_recalls": {"1": 0.5942857142857143, "5": 0.4020100502512563, "6": 0.3684210526315789, "8": 0.68, "9": 0.7055555555555556, "10": 0.18888888888888888, "11": 0.5785714285714286, "12": 0.52},
  "recall": 0.5044982698961937,
  "scene_recalls": {"2": 0.5044982698961937},
  "targets_count": 1445,
  "tp_count": 729
}