{
  "gt_count": 1517,
  "mean_obj_recall": 0.1988990692812433,
  "mean_scene_recall": 0.20968858131487889,
  "obj_recalls": {"1": 0.16, "5": 0.1658291457286432, "6": 0.19298245614035087, "8": 0.485, "9": 0.06111111111111111, "10": 0.10555555555555556, "11": 0.03571428571428571, "12": 0.385},
  "recall": 0.20968858131487889,
  "scene_recalls": {"2": 0.20968858131487889},
  "targets_count": 1445,
  "tp_count": 303
}