{
  "gt_count": 1517,
  "mean_obj_recall": 0.45145583021624414,
  "mean_scene_recall": 0.45536332179930794,
  "obj_recalls": {"1": 0.5371428571428571, "5": 0.4020100502512563, "6": 0.36257309941520466, "8": 0.63, "9": 0.6111111111111112, "10": 0.16666666666666666, "11": 0.40714285714285714, "12": 0.495},
  "recall": 0.45536332179930794,
  "scene_recalls": {"2": 0.45536332179930794},
  "targets_count": 1445,
  "tp_count": 658
}