{
  "gt_count": 1517,
  "mean_obj_recall": 0.47309273497814897,
  "mean_scene_recall": 0.47612456747404847,
  "obj_recalls": {"1": 0.5485714285714286, "5": 0.4020100502512563, "6": 0.36257309941520466, "8": 0.665, "9": 0.6611111111111111, "10": 0.18333333333333332, "11": 0.45714285714285713, "12": 0.505},
  "recall": 0.47612456747404847,
  "scene_recalls": {"2": 0.47612456747404847},
  "targets_count": 1445,
  "tp_count": 688
}