{
  "gt_count": 1517,
  "mean_obj_recall": 0.3358834875085536,
  "mean_scene_recall": 0.34463667820069205,
  "obj_recalls": {"1": 0.35428571428571426, "5": 0.35175879396984927, "6": 0.2982456140350877, "8": 0.565, "9": 0.3333333333333333, "10": 0.14444444444444443, "11": 0.2, "12": 0.44},
  "recall": 0.34463667820069205,
  "scene_recalls": {"2": 0.34463667820069205},
  "targets_count": 1445,
  "tp_count": 498
}