{
  "gt_count": 1517,
  "mean_obj_recall": 0.4912443640508306,
  "mean_scene_recall": 0.49273356401384083,
  "obj_recalls": {"1": 0.5714285714285714, "5": 0.4020100502512563, "6": 0.3684210526315789, "8": 0.68, "9": 0.6777777777777778, "10": 0.18888888888888888, "11": 0.5214285714285715, "12": 0.52},
  "recall": 0.49273356401384083,
  "scene_recalls": {"2": 0.49273356401384083},
  "targets_count": 1445,
  "tp_count": 712
}