{
  "gt_count": 1517,
  "mean_obj_recall": 0.06975564696918175,
  "mean_scene_recall": 0.07612456747404844,
  "obj_recalls": {"1": 0.017142857142857144, "5": 0.005025125628140704, "6": 0.017543859649122806, "8": 0.26, "9": 0.0, "10": 0.03333333333333333, "11": 0.0, "12": 0.225},
  "recall": 0.07612456747404844,
  "scene_recalls": {"2": 0.07612456747404844},
  "targets_count": 1445,
  "tp_count": 110
}