{
  "gt_count": 1517,
  "mean_obj_recall": 0.5170474369550342,
  "mean_scene_recall": 0.5162629757785467,
  "obj_recalls": {"1": 0.5942857142857143, "5": 0.41708542713567837, "6": 0.3684210526315789, "8": 0.68, "9": 0.7166666666666667, "10": 0.22777777777777777, "11": 0.6071428571428571, "12": 0.525},
  "recall": 0.5162629757785467,
  "scene_recalls": {"2": 0.5162629757785467},
  "targets_count": 1445,
  "tp_count": 746
}