{
  "gt_count": 1517,
  "mean_obj_recall": 0.41069141918867524,
  "mean_scene_recall": 0.4166089965397924,
  "obj_recalls": {"1": 0.4742857142857143, "5": 0.4020100502512563, "6": 0.34502923976608185, "8": 0.59, "9": 0.5222222222222223, "10": 0.15555555555555556, "11": 0.32142857142857145, "12": 0.475},
  "recall": 0.4166089965397924,
  "scene_recalls": {"2": 0.4166089965397924},
  "targets_count": 1445,
  "tp_count": 602
}