{
  "gt_count": 1517,
  "mean_obj_recall": 0.3070645337170397,
  "mean_scene_recall": 0.30726643598615916,
  "obj_recalls": {"1": 0.18285714285714286, "5": 0.3316582914572864, "6": 0.18128654970760233, "8": 0.335, "9": 0.37222222222222223, "10": 0.17777777777777778, "11": 0.4357142857142857, "12": 0.44},
  "recall": 0.30726643598615916,
  "scene_recalls": {"2": 0.30726643598615916},
  "targets_count": 1445,
  "tp_count": 444
}