{
  "gt_count": 1517,
  "mean_obj_recall": 0.10279978631671305,
  "mean_scene_recall": 0.10103806228373702,
  "obj_recalls": {"1": 0.04, "5": 0.05025125628140704, "6": 0.017543859649122806, "8": 0.16, "9": 0.1, "10": 0.03888888888888889, "11": 0.2357142857142857, "12": 0.18},
  "recall": 0.10103806228373702,
  "scene_recalls": {"2": 0.10103806228373702},
  "targets_count": 1445,
  "tp_count": 146
}