{
  "gt_count": 1517,
  "mean_obj_recall": 0.05918915798709504,
  "mean_scene_recall": 0.05813148788927336,
  "obj_recalls": {"1": 0.02857142857142857, "5": 0.02512562814070352, "6": 0.005847953216374269, "8": 0.095, "9": 0.05, "10": 0.011111111111111112, "11": 0.14285714285714285, "12": 0.115},
  "recall": 0.05813148788927336,
  "scene_recalls": {"2": 0.05813148788927336},
  "targets_count": 1445,
  "tp_count": 84
}