{
  "gt_count": 1517,
  "mean_obj_recall": 0.025693945920076573,
  "mean_scene_recall": 0.02560553633217993,
  "obj_recalls": {"1": 0.017142857142857144, "5": 0.01507537688442211, "6": 0.0, "8": 0.055, "9": 0.03333333333333333, "10": 0.0, "11": 0.05, "12": 0.035},
  "recall": 0.02560553633217993,
  "scene_recalls": {"2": 0.02560553633217993},
  "targets_count": 1445,
  "tp_count": 37
}