{
  "gt_count": 1517,
  "mean_obj_recall": 0.008961474036850922,
  "mean_scene_recall": 0.008996539792387544,
  "obj_recalls": {"1": 0.005714285714285714, "5": 0.005025125628140704, "6": 0.0, "8": 0.01, "9": 0.016666666666666666, "10": 0.0, "11": 0.014285714285714285, "12": 0.02},
  "recall": 0.008996539792387544,
  "scene_recalls": {"2": 0.008996539792387544},
  "targets_count": 1445,
  "tp_count": 13
}