{
  "gt_count": 1517,
  "mean_obj_recall": 0.23991684351162665,
  "mean_scene_recall": 0.23944636678200693,
  "obj_recalls": {"1": 0.12, "5": 0.24623115577889448, "6": 0.14619883040935672, "8": 0.275, "9": 0.2611111111111111, "10": 0.12222222222222222, "11": 0.37857142857142856, "12": 0.37},
  "recall": 0.23944636678200693,
  "scene_recalls": {"2": 0.23944636678200693},
  "targets_count": 1445,
  "tp_count": 346
}