{
  "gt_count": 1517,
  "mean_obj_recall": 0.3821587154653804,
  "mean_scene_recall": 0.3833910034602076,
  "obj_recalls": {"1": 0.24, "5": 0.457286432160804, "6": 0.2631578947368421, "8": 0.39, "9": 0.4166666666666667, "10": 0.29444444444444445, "11": 0.4857142857142857, "12": 0.51},
  "recall": 0.3833910034602076,
  "scene_recalls": {"2": 0.3833910034602076},
  "targets_count": 1445,
  "tp_count": 554
}