{
  "gt_count": 1517,
  "mean_obj_recall": 0.16033487980839872,
  "mean_scene_recall": 0.15847750865051904,
  "obj_recalls": {"1": 0.06857142857142857, "5": 0.12060301507537688, "6": 0.05263157894736842, "8": 0.215, "9": 0.18333333333333332, "10": 0.06111111111111111, "11": 0.32142857142857145, "12": 0.26},
  "recall": 0.15847750865051904,
  "scene_recalls": {"2": 0.15847750865051904},
  "targets_count": 1445,
  "tp_count": 229
}