{
  "gt_count": 1517,
  "mean_obj_recall": 0.3106271593976566,
  "mean_scene_recall": 0.30311418685121105,
  "obj_recalls": {"1": 0.08, "5": 0.04522613065326633, "6": 0.12280701754385964, "8": 0.49, "9": 0.005555555555555556, "10": 0.65, "11": 0.6714285714285714, "12": 0.42},
  "recall": 0.30311418685121105,
  "scene_recalls": {"2": 0.30311418685121105},
  "targets_count": 1445,
  "tp_count": 438
}